2025-09-12T18:47:16.019+05:30  INFO 12715 --- [SpringBootWebDemo] [restartedMain] c.w.S.SpringBootWebDemoApplication       : Starting SpringBootWebDemoApplication using Java 17.0.8 with PID 12715 (/Users/Shalini/Desktop/InfosysWS/SpringBoot/SpringBootWebDemo/target/classes started by Shalini in /Users/Shalini/Desktop/InfosysWS/SpringBoot/SpringBootWebDemo)
2025-09-12T18:47:16.023+05:30  INFO 12715 --- [SpringBootWebDemo] [restartedMain] c.w.S.SpringBootWebDemoApplication       : No active profile set, falling back to 1 default profile: "default"
2025-09-12T18:47:16.062+05:30  INFO 12715 --- [SpringBootWebDemo] [restartedMain] .e.DevToolsPropertyDefaultsPostProcessor : Devtools property defaults active! Set 'spring.devtools.add-properties' to 'false' to disable
2025-09-12T18:47:16.062+05:30  INFO 12715 --- [SpringBootWebDemo] [restartedMain] .e.DevToolsPropertyDefaultsPostProcessor : For additional web related logging consider setting the 'logging.level.web' property to 'DEBUG'
2025-09-12T18:47:16.638+05:30  INFO 12715 --- [SpringBootWebDemo] [restartedMain] .s.d.r.c.RepositoryConfigurationDelegate : Bootstrapping Spring Data JPA repositories in DEFAULT mode.
2025-09-12T18:47:16.651+05:30  INFO 12715 --- [SpringBootWebDemo] [restartedMain] .s.d.r.c.RepositoryConfigurationDelegate : Finished Spring Data repository scanning in 7 ms. Found 0 JPA repository interfaces.
2025-09-12T18:47:16.898+05:30  INFO 12715 --- [SpringBootWebDemo] [restartedMain] o.s.b.w.embedded.tomcat.TomcatWebServer  : Tomcat initialized with port 8081 (http)
2025-09-12T18:47:16.906+05:30  INFO 12715 --- [SpringBootWebDemo] [restartedMain] o.apache.catalina.core.StandardService   : Starting service [Tomcat]
2025-09-12T18:47:16.906+05:30  INFO 12715 --- [SpringBootWebDemo] [restartedMain] o.apache.catalina.core.StandardEngine    : Starting Servlet engine: [Apache Tomcat/10.1.44]
2025-09-12T18:47:16.934+05:30  INFO 12715 --- [SpringBootWebDemo] [restartedMain] o.a.c.c.C.[Tomcat].[localhost].[/]       : Initializing Spring embedded WebApplicationContext
2025-09-12T18:47:16.935+05:30  INFO 12715 --- [SpringBootWebDemo] [restartedMain] w.s.c.ServletWebServerApplicationContext : Root WebApplicationContext: initialization completed in 872 ms
2025-09-12T18:47:17.098+05:30  INFO 12715 --- [SpringBootWebDemo] [restartedMain] o.hibernate.jpa.internal.util.LogHelper  : HHH000204: Processing PersistenceUnitInfo [name: default]
2025-09-12T18:47:17.150+05:30  INFO 12715 --- [SpringBootWebDemo] [restartedMain] org.hibernate.Version                    : HHH000412: Hibernate ORM core version 6.6.26.Final
2025-09-12T18:47:17.183+05:30  INFO 12715 --- [SpringBootWebDemo] [restartedMain] o.h.c.internal.RegionFactoryInitiator    : HHH000026: Second-level cache disabled
2025-09-12T18:47:17.379+05:30  INFO 12715 --- [SpringBootWebDemo] [restartedMain] o.s.o.j.p.SpringPersistenceUnitInfo      : No LoadTimeWeaver setup: ignoring JPA class transformer
2025-09-12T18:47:17.394+05:30  INFO 12715 --- [SpringBootWebDemo] [restartedMain] com.zaxxer.hikari.HikariDataSource       : HikariPool-1 - Starting...
2025-09-12T18:47:17.629+05:30  INFO 12715 --- [SpringBootWebDemo] [restartedMain] com.zaxxer.hikari.pool.HikariPool        : HikariPool-1 - Added connection com.mysql.cj.jdbc.ConnectionImpl@697d7d6c
2025-09-12T18:47:17.630+05:30  INFO 12715 --- [SpringBootWebDemo] [restartedMain] com.zaxxer.hikari.HikariDataSource       : HikariPool-1 - Start completed.
2025-09-12T18:47:17.661+05:30  WARN 12715 --- [SpringBootWebDemo] [restartedMain] org.hibernate.dialect.Dialect            : HHH000511: The 5.7.34 version for [org.hibernate.dialect.MySQLDialect] is no longer supported, hence certain features may not work properly. The minimum supported version is 8.0.0. Check the community dialects project for available legacy versions.
2025-09-12T18:47:17.678+05:30  INFO 12715 --- [SpringBootWebDemo] [restartedMain] org.hibernate.orm.connections.pooling    : HHH10001005: Database info:
	Database JDBC URL [Connecting through datasource 'HikariDataSource (HikariPool-1)']
	Database driver: undefined/unknown
	Database version: 5.7.34
	Autocommit mode: undefined/unknown
	Isolation level: undefined/unknown
	Minimum pool size: undefined/unknown
	Maximum pool size: undefined/unknown
2025-09-12T18:47:18.071+05:30  INFO 12715 --- [SpringBootWebDemo] [restartedMain] o.h.e.t.j.p.i.JtaPlatformInitiator       : HHH000489: No JTA platform available (set 'hibernate.transaction.jta.platform' to enable JTA platform integration)
2025-09-12T18:47:18.104+05:30  INFO 12715 --- [SpringBootWebDemo] [restartedMain] j.LocalContainerEntityManagerFactoryBean : Initialized JPA EntityManagerFactory for persistence unit 'default'
2025-09-12T18:47:18.211+05:30  WARN 12715 --- [SpringBootWebDemo] [restartedMain] JpaBaseConfiguration$JpaWebConfiguration : spring.jpa.open-in-view is enabled by default. Therefore, database queries may be performed during view rendering. Explicitly configure spring.jpa.open-in-view to disable this warning
2025-09-12T18:47:19.064+05:30  INFO 12715 --- [SpringBootWebDemo] [restartedMain] o.s.b.d.a.OptionalLiveReloadServer       : LiveReload server is running on port 35729
2025-09-12T18:47:19.067+05:30  INFO 12715 --- [SpringBootWebDemo] [restartedMain] o.s.b.a.e.web.EndpointLinksResolver      : Exposing 15 endpoints beneath base path '/manage'
2025-09-12T18:47:19.112+05:30  INFO 12715 --- [SpringBootWebDemo] [restartedMain] o.s.b.w.embedded.tomcat.TomcatWebServer  : Tomcat started on port 8081 (http) with context path '/'
2025-09-12T18:47:19.124+05:30  INFO 12715 --- [SpringBootWebDemo] [restartedMain] c.w.S.SpringBootWebDemoApplication       : Started SpringBootWebDemoApplication in 3.346 seconds (process running for 3.717)
2025-09-12T18:52:29.378+05:30  INFO 12715 --- [SpringBootWebDemo] [File Watcher] rtingClassPathChangeChangedEventListener : Restarting due to 5 class path changes (0 additions, 0 deletions, 5 modifications)
2025-09-12T18:52:29.392+05:30  INFO 12715 --- [SpringBootWebDemo] [Thread-5] o.s.b.w.e.tomcat.GracefulShutdown        : Commencing graceful shutdown. Waiting for active requests to complete
2025-09-12T18:52:29.408+05:30  INFO 12715 --- [SpringBootWebDemo] [tomcat-shutdown] o.s.b.w.e.tomcat.GracefulShutdown        : Graceful shutdown complete
2025-09-12T18:52:29.416+05:30  INFO 12715 --- [SpringBootWebDemo] [Thread-5] j.LocalContainerEntityManagerFactoryBean : Closing JPA EntityManagerFactory for persistence unit 'default'
2025-09-12T18:52:29.421+05:30  INFO 12715 --- [SpringBootWebDemo] [Thread-5] com.zaxxer.hikari.HikariDataSource       : HikariPool-1 - Shutdown initiated...
2025-09-12T18:52:29.427+05:30  INFO 12715 --- [SpringBootWebDemo] [Thread-5] com.zaxxer.hikari.HikariDataSource       : HikariPool-1 - Shutdown completed.
2025-09-12T18:52:29.487+05:30  INFO 12715 --- [SpringBootWebDemo] [restartedMain] c.w.S.SpringBootWebDemoApplication       : Starting SpringBootWebDemoApplication using Java 17.0.8 with PID 12715 (/Users/Shalini/Desktop/InfosysWS/SpringBoot/SpringBootWebDemo/target/classes started by Shalini in /Users/Shalini/Desktop/InfosysWS/SpringBoot/SpringBootWebDemo)
2025-09-12T18:52:29.487+05:30  INFO 12715 --- [SpringBootWebDemo] [restartedMain] c.w.S.SpringBootWebDemoApplication       : No active profile set, falling back to 1 default profile: "default"
2025-09-12T18:52:29.647+05:30  INFO 12715 --- [SpringBootWebDemo] [restartedMain] .s.d.r.c.RepositoryConfigurationDelegate : Bootstrapping Spring Data JPA repositories in DEFAULT mode.
2025-09-12T18:52:29.649+05:30  INFO 12715 --- [SpringBootWebDemo] [restartedMain] .s.d.r.c.RepositoryConfigurationDelegate : Finished Spring Data repository scanning in 1 ms. Found 0 JPA repository interfaces.
2025-09-12T18:52:29.697+05:30  INFO 12715 --- [SpringBootWebDemo] [restartedMain] o.s.b.w.embedded.tomcat.TomcatWebServer  : Tomcat initialized with port 8081 (http)
2025-09-12T18:52:29.698+05:30  INFO 12715 --- [SpringBootWebDemo] [restartedMain] o.apache.catalina.core.StandardService   : Starting service [Tomcat]
2025-09-12T18:52:29.698+05:30  INFO 12715 --- [SpringBootWebDemo] [restartedMain] o.apache.catalina.core.StandardEngine    : Starting Servlet engine: [Apache Tomcat/10.1.44]
2025-09-12T18:52:29.705+05:30  INFO 12715 --- [SpringBootWebDemo] [restartedMain] o.a.c.c.C.[Tomcat].[localhost].[/]       : Initializing Spring embedded WebApplicationContext
2025-09-12T18:52:29.705+05:30  INFO 12715 --- [SpringBootWebDemo] [restartedMain] w.s.c.ServletWebServerApplicationContext : Root WebApplicationContext: initialization completed in 217 ms
2025-09-12T18:52:29.728+05:30  INFO 12715 --- [SpringBootWebDemo] [restartedMain] o.hibernate.jpa.internal.util.LogHelper  : HHH000204: Processing PersistenceUnitInfo [name: default]
2025-09-12T18:52:29.730+05:30  INFO 12715 --- [SpringBootWebDemo] [restartedMain] o.h.c.internal.RegionFactoryInitiator    : HHH000026: Second-level cache disabled
2025-09-12T18:52:29.735+05:30  INFO 12715 --- [SpringBootWebDemo] [restartedMain] o.s.o.j.p.SpringPersistenceUnitInfo      : No LoadTimeWeaver setup: ignoring JPA class transformer
2025-09-12T18:52:29.736+05:30  INFO 12715 --- [SpringBootWebDemo] [restartedMain] com.zaxxer.hikari.HikariDataSource       : HikariPool-2 - Starting...
2025-09-12T18:52:29.753+05:30  INFO 12715 --- [SpringBootWebDemo] [restartedMain] com.zaxxer.hikari.pool.HikariPool        : HikariPool-2 - Added connection com.mysql.cj.jdbc.ConnectionImpl@1e23422
2025-09-12T18:52:29.753+05:30  INFO 12715 --- [SpringBootWebDemo] [restartedMain] com.zaxxer.hikari.HikariDataSource       : HikariPool-2 - Start completed.
2025-09-12T18:52:29.754+05:30  WARN 12715 --- [SpringBootWebDemo] [restartedMain] org.hibernate.dialect.Dialect            : HHH000511: The 5.7.34 version for [org.hibernate.dialect.MySQLDialect] is no longer supported, hence certain features may not work properly. The minimum supported version is 8.0.0. Check the community dialects project for available legacy versions.
2025-09-12T18:52:29.755+05:30  INFO 12715 --- [SpringBootWebDemo] [restartedMain] org.hibernate.orm.connections.pooling    : HHH10001005: Database info:
	Database JDBC URL [Connecting through datasource 'HikariDataSource (HikariPool-2)']
	Database driver: undefined/unknown
	Database version: 5.7.34
	Autocommit mode: undefined/unknown
	Isolation level: undefined/unknown
	Minimum pool size: undefined/unknown
	Maximum pool size: undefined/unknown
2025-09-12T18:52:29.774+05:30  INFO 12715 --- [SpringBootWebDemo] [restartedMain] o.h.e.t.j.p.i.JtaPlatformInitiator       : HHH000489: No JTA platform available (set 'hibernate.transaction.jta.platform' to enable JTA platform integration)
2025-09-12T18:52:29.793+05:30  INFO 12715 --- [SpringBootWebDemo] [restartedMain] j.LocalContainerEntityManagerFactoryBean : Initialized JPA EntityManagerFactory for persistence unit 'default'
2025-09-12T18:52:29.803+05:30  WARN 12715 --- [SpringBootWebDemo] [restartedMain] ConfigServletWebServerApplicationContext : Exception encountered during context initialization - cancelling refresh attempt: org.springframework.beans.factory.UnsatisfiedDependencyException: Error creating bean with name 'bookRestController': Unsatisfied dependency expressed through field 'bookService': Error creating bean with name 'bookService' defined in file [/Users/Shalini/Desktop/InfosysWS/SpringBoot/SpringBootWebDemo/target/classes/com/web/SpringBootWebDemo/service/BookService.class]: Failed to instantiate [com.web.SpringBootWebDemo.service.BookService]: Constructor threw exception
2025-09-12T18:52:29.803+05:30  INFO 12715 --- [SpringBootWebDemo] [restartedMain] j.LocalContainerEntityManagerFactoryBean : Closing JPA EntityManagerFactory for persistence unit 'default'
2025-09-12T18:52:29.803+05:30  INFO 12715 --- [SpringBootWebDemo] [restartedMain] com.zaxxer.hikari.HikariDataSource       : HikariPool-2 - Shutdown initiated...
2025-09-12T18:52:29.804+05:30  INFO 12715 --- [SpringBootWebDemo] [restartedMain] com.zaxxer.hikari.HikariDataSource       : HikariPool-2 - Shutdown completed.
2025-09-12T18:52:29.804+05:30  INFO 12715 --- [SpringBootWebDemo] [restartedMain] o.apache.catalina.core.StandardService   : Stopping service [Tomcat]
2025-09-12T18:52:29.812+05:30  INFO 12715 --- [SpringBootWebDemo] [restartedMain] .s.b.a.l.ConditionEvaluationReportLogger : 

Error starting ApplicationContext. To display the condition evaluation report re-run your application with 'debug' enabled.
2025-09-12T18:52:29.822+05:30 ERROR 12715 --- [SpringBootWebDemo] [restartedMain] o.s.boot.SpringApplication               : Application run failed

org.springframework.beans.factory.UnsatisfiedDependencyException: Error creating bean with name 'bookRestController': Unsatisfied dependency expressed through field 'bookService': Error creating bean with name 'bookService' defined in file [/Users/Shalini/Desktop/InfosysWS/SpringBoot/SpringBootWebDemo/target/classes/com/web/SpringBootWebDemo/service/BookService.class]: Failed to instantiate [com.web.SpringBootWebDemo.service.BookService]: Constructor threw exception
	at org.springframework.beans.factory.annotation.AutowiredAnnotationBeanPostProcessor$AutowiredFieldElement.resolveFieldValue(AutowiredAnnotationBeanPostProcessor.java:788) ~[spring-beans-6.2.10.jar:6.2.10]
	at org.springframework.beans.factory.annotation.AutowiredAnnotationBeanPostProcessor$AutowiredFieldElement.inject(AutowiredAnnotationBeanPostProcessor.java:768) ~[spring-beans-6.2.10.jar:6.2.10]
	at org.springframework.beans.factory.annotation.InjectionMetadata.inject(InjectionMetadata.java:146) ~[spring-beans-6.2.10.jar:6.2.10]
	at org.springframework.beans.factory.annotation.AutowiredAnnotationBeanPostProcessor.postProcessProperties(AutowiredAnnotationBeanPostProcessor.java:509) ~[spring-beans-6.2.10.jar:6.2.10]
	at org.springframework.beans.factory.support.AbstractAutowireCapableBeanFactory.populateBean(AbstractAutowireCapableBeanFactory.java:1459) ~[spring-beans-6.2.10.jar:6.2.10]
	at org.springframework.beans.factory.support.AbstractAutowireCapableBeanFactory.doCreateBean(AbstractAutowireCapableBeanFactory.java:606) ~[spring-beans-6.2.10.jar:6.2.10]
	at org.springframework.beans.factory.support.AbstractAutowireCapableBeanFactory.createBean(AbstractAutowireCapableBeanFactory.java:529) ~[spring-beans-6.2.10.jar:6.2.10]
	at org.springframework.beans.factory.support.AbstractBeanFactory.lambda$doGetBean$0(AbstractBeanFactory.java:339) ~[spring-beans-6.2.10.jar:6.2.10]
	at org.springframework.beans.factory.support.DefaultSingletonBeanRegistry.getSingleton(DefaultSingletonBeanRegistry.java:373) ~[spring-beans-6.2.10.jar:6.2.10]
	at org.springframework.beans.factory.support.AbstractBeanFactory.doGetBean(AbstractBeanFactory.java:337) ~[spring-beans-6.2.10.jar:6.2.10]
	at org.springframework.beans.factory.support.AbstractBeanFactory.getBean(AbstractBeanFactory.java:202) ~[spring-beans-6.2.10.jar:6.2.10]
	at org.springframework.beans.factory.support.DefaultListableBeanFactory.instantiateSingleton(DefaultListableBeanFactory.java:1222) ~[spring-beans-6.2.10.jar:6.2.10]
	at org.springframework.beans.factory.support.DefaultListableBeanFactory.preInstantiateSingleton(DefaultListableBeanFactory.java:1188) ~[spring-beans-6.2.10.jar:6.2.10]
	at org.springframework.beans.factory.support.DefaultListableBeanFactory.preInstantiateSingletons(DefaultListableBeanFactory.java:1123) ~[spring-beans-6.2.10.jar:6.2.10]
	at org.springframework.context.support.AbstractApplicationContext.finishBeanFactoryInitialization(AbstractApplicationContext.java:987) ~[spring-context-6.2.10.jar:6.2.10]
	at org.springframework.context.support.AbstractApplicationContext.refresh(AbstractApplicationContext.java:627) ~[spring-context-6.2.10.jar:6.2.10]
	at org.springframework.boot.web.servlet.context.ServletWebServerApplicationContext.refresh(ServletWebServerApplicationContext.java:146) ~[spring-boot-3.5.5.jar:3.5.5]
	at org.springframework.boot.SpringApplication.refresh(SpringApplication.java:752) ~[spring-boot-3.5.5.jar:3.5.5]
	at org.springframework.boot.SpringApplication.refreshContext(SpringApplication.java:439) ~[spring-boot-3.5.5.jar:3.5.5]
	at org.springframework.boot.SpringApplication.run(SpringApplication.java:318) ~[spring-boot-3.5.5.jar:3.5.5]
	at org.springframework.boot.SpringApplication.run(SpringApplication.java:1361) ~[spring-boot-3.5.5.jar:3.5.5]
	at org.springframework.boot.SpringApplication.run(SpringApplication.java:1350) ~[spring-boot-3.5.5.jar:3.5.5]
	at com.web.SpringBootWebDemo.SpringBootWebDemoApplication.main(SpringBootWebDemoApplication.java:14) ~[classes/:na]
	at java.base/jdk.internal.reflect.NativeMethodAccessorImpl.invoke0(Native Method) ~[na:na]
	at java.base/jdk.internal.reflect.NativeMethodAccessorImpl.invoke(NativeMethodAccessorImpl.java:77) ~[na:na]
	at java.base/jdk.internal.reflect.DelegatingMethodAccessorImpl.invoke(DelegatingMethodAccessorImpl.java:43) ~[na:na]
	at java.base/java.lang.reflect.Method.invoke(Method.java:568) ~[na:na]
	at org.springframework.boot.devtools.restart.RestartLauncher.run(RestartLauncher.java:50) ~[spring-boot-devtools-3.5.5.jar:3.5.5]
Caused by: org.springframework.beans.factory.BeanCreationException: Error creating bean with name 'bookService' defined in file [/Users/Shalini/Desktop/InfosysWS/SpringBoot/SpringBootWebDemo/target/classes/com/web/SpringBootWebDemo/service/BookService.class]: Failed to instantiate [com.web.SpringBootWebDemo.service.BookService]: Constructor threw exception
	at org.springframework.beans.factory.support.AbstractAutowireCapableBeanFactory.instantiateBean(AbstractAutowireCapableBeanFactory.java:1357) ~[spring-beans-6.2.10.jar:6.2.10]
	at org.springframework.beans.factory.support.AbstractAutowireCapableBeanFactory.createBeanInstance(AbstractAutowireCapableBeanFactory.java:1242) ~[spring-beans-6.2.10.jar:6.2.10]
	at org.springframework.beans.factory.support.AbstractAutowireCapableBeanFactory.doCreateBean(AbstractAutowireCapableBeanFactory.java:569) ~[spring-beans-6.2.10.jar:6.2.10]
	at org.springframework.beans.factory.support.AbstractAutowireCapableBeanFactory.createBean(AbstractAutowireCapableBeanFactory.java:529) ~[spring-beans-6.2.10.jar:6.2.10]
	at org.springframework.beans.factory.support.AbstractBeanFactory.lambda$doGetBean$0(AbstractBeanFactory.java:339) ~[spring-beans-6.2.10.jar:6.2.10]
	at org.springframework.beans.factory.support.DefaultSingletonBeanRegistry.getSingleton(DefaultSingletonBeanRegistry.java:373) ~[spring-beans-6.2.10.jar:6.2.10]
	at org.springframework.beans.factory.support.AbstractBeanFactory.doGetBean(AbstractBeanFactory.java:337) ~[spring-beans-6.2.10.jar:6.2.10]
	at org.springframework.beans.factory.support.AbstractBeanFactory.getBean(AbstractBeanFactory.java:202) ~[spring-beans-6.2.10.jar:6.2.10]
	at org.springframework.beans.factory.support.DefaultListableBeanFactory.doResolveDependency(DefaultListableBeanFactory.java:1690) ~[spring-beans-6.2.10.jar:6.2.10]
	at org.springframework.beans.factory.support.DefaultListableBeanFactory.resolveDependency(DefaultListableBeanFactory.java:1635) ~[spring-beans-6.2.10.jar:6.2.10]
	at org.springframework.beans.factory.annotation.AutowiredAnnotationBeanPostProcessor$AutowiredFieldElement.resolveFieldValue(AutowiredAnnotationBeanPostProcessor.java:785) ~[spring-beans-6.2.10.jar:6.2.10]
	... 27 common frames omitted
Caused by: org.springframework.beans.BeanInstantiationException: Failed to instantiate [com.web.SpringBootWebDemo.service.BookService]: Constructor threw exception
	at org.springframework.beans.BeanUtils.instantiateClass(BeanUtils.java:223) ~[spring-beans-6.2.10.jar:6.2.10]
	at org.springframework.beans.factory.support.SimpleInstantiationStrategy.instantiate(SimpleInstantiationStrategy.java:123) ~[spring-beans-6.2.10.jar:6.2.10]
	at org.springframework.beans.factory.support.AbstractAutowireCapableBeanFactory.instantiateBean(AbstractAutowireCapableBeanFactory.java:1351) ~[spring-beans-6.2.10.jar:6.2.10]
	... 37 common frames omitted
Caused by: java.lang.Error: Unresolved compilation problems: 
	The constructor Book(int, String, String, String, double) is undefined
	The constructor Book(int, String, String, String, double) is undefined
	The constructor Book(int, String, String, String, double) is undefined
	The constructor Book(int, String, String, String, double) is undefined
	The method getBookid() is undefined for the type Book
	The method getBookid() is undefined for the type Book
	The method getBookid() is undefined for the type Book
	The method getBookid() is undefined for the type Book
	The method setBookid(int) is undefined for the type Book
	The method getBookid() is undefined for the type Book
	The method getBookid() is undefined for the type Book
	The method getBookid() is undefined for the type Book
	The method getBookid() is undefined for the type Book
	The method getAuthor() is undefined for the type Book
	The method getBookid() is undefined for the type Book

	at com.web.SpringBootWebDemo.service.BookService.<init>(BookService.java:18) ~[classes/:na]
	at java.base/jdk.internal.reflect.NativeConstructorAccessorImpl.newInstance0(Native Method) ~[na:na]
	at java.base/jdk.internal.reflect.NativeConstructorAccessorImpl.newInstance(NativeConstructorAccessorImpl.java:77) ~[na:na]
	at java.base/jdk.internal.reflect.DelegatingConstructorAccessorImpl.newInstance(DelegatingConstructorAccessorImpl.java:45) ~[na:na]
	at java.base/java.lang.reflect.Constructor.newInstanceWithCaller(Constructor.java:499) ~[na:na]
	at java.base/java.lang.reflect.Constructor.newInstance(Constructor.java:480) ~[na:na]
	at org.springframework.beans.BeanUtils.instantiateClass(BeanUtils.java:197) ~[spring-beans-6.2.10.jar:6.2.10]
	... 39 common frames omitted

2025-09-12T18:52:58.581+05:30  INFO 12715 --- [SpringBootWebDemo] [restartedMain] c.w.S.SpringBootWebDemoApplication       : Starting SpringBootWebDemoApplication using Java 17.0.8 with PID 12715 (/Users/Shalini/Desktop/InfosysWS/SpringBoot/SpringBootWebDemo/target/classes started by Shalini in /Users/Shalini/Desktop/InfosysWS/SpringBoot/SpringBootWebDemo)
2025-09-12T18:52:58.581+05:30  INFO 12715 --- [SpringBootWebDemo] [restartedMain] c.w.S.SpringBootWebDemoApplication       : No active profile set, falling back to 1 default profile: "default"
2025-09-12T18:52:58.720+05:30  INFO 12715 --- [SpringBootWebDemo] [restartedMain] .s.d.r.c.RepositoryConfigurationDelegate : Bootstrapping Spring Data JPA repositories in DEFAULT mode.
2025-09-12T18:52:58.722+05:30  INFO 12715 --- [SpringBootWebDemo] [restartedMain] .s.d.r.c.RepositoryConfigurationDelegate : Finished Spring Data repository scanning in 1 ms. Found 0 JPA repository interfaces.
2025-09-12T18:52:58.756+05:30  INFO 12715 --- [SpringBootWebDemo] [restartedMain] o.s.b.w.embedded.tomcat.TomcatWebServer  : Tomcat initialized with port 8081 (http)
2025-09-12T18:52:58.757+05:30  INFO 12715 --- [SpringBootWebDemo] [restartedMain] o.apache.catalina.core.StandardService   : Starting service [Tomcat]
2025-09-12T18:52:58.757+05:30  INFO 12715 --- [SpringBootWebDemo] [restartedMain] o.apache.catalina.core.StandardEngine    : Starting Servlet engine: [Apache Tomcat/10.1.44]
2025-09-12T18:52:58.764+05:30  INFO 12715 --- [SpringBootWebDemo] [restartedMain] o.a.c.c.C.[Tomcat-1].[localhost].[/]     : Initializing Spring embedded WebApplicationContext
2025-09-12T18:52:58.764+05:30  INFO 12715 --- [SpringBootWebDemo] [restartedMain] w.s.c.ServletWebServerApplicationContext : Root WebApplicationContext: initialization completed in 181 ms
2025-09-12T18:52:58.786+05:30  INFO 12715 --- [SpringBootWebDemo] [restartedMain] o.hibernate.jpa.internal.util.LogHelper  : HHH000204: Processing PersistenceUnitInfo [name: default]
2025-09-12T18:52:58.788+05:30  INFO 12715 --- [SpringBootWebDemo] [restartedMain] o.h.c.internal.RegionFactoryInitiator    : HHH000026: Second-level cache disabled
2025-09-12T18:52:58.791+05:30  INFO 12715 --- [SpringBootWebDemo] [restartedMain] o.s.o.j.p.SpringPersistenceUnitInfo      : No LoadTimeWeaver setup: ignoring JPA class transformer
2025-09-12T18:52:58.792+05:30  INFO 12715 --- [SpringBootWebDemo] [restartedMain] com.zaxxer.hikari.HikariDataSource       : HikariPool-3 - Starting...
2025-09-12T18:52:58.803+05:30  INFO 12715 --- [SpringBootWebDemo] [restartedMain] com.zaxxer.hikari.pool.HikariPool        : HikariPool-3 - Added connection com.mysql.cj.jdbc.ConnectionImpl@1a7619d5
2025-09-12T18:52:58.804+05:30  INFO 12715 --- [SpringBootWebDemo] [restartedMain] com.zaxxer.hikari.HikariDataSource       : HikariPool-3 - Start completed.
2025-09-12T18:52:58.805+05:30  WARN 12715 --- [SpringBootWebDemo] [restartedMain] org.hibernate.dialect.Dialect            : HHH000511: The 5.7.34 version for [org.hibernate.dialect.MySQLDialect] is no longer supported, hence certain features may not work properly. The minimum supported version is 8.0.0. Check the community dialects project for available legacy versions.
2025-09-12T18:52:58.805+05:30  INFO 12715 --- [SpringBootWebDemo] [restartedMain] org.hibernate.orm.connections.pooling    : HHH10001005: Database info:
	Database JDBC URL [Connecting through datasource 'HikariDataSource (HikariPool-3)']
	Database driver: undefined/unknown
	Database version: 5.7.34
	Autocommit mode: undefined/unknown
	Isolation level: undefined/unknown
	Minimum pool size: undefined/unknown
	Maximum pool size: undefined/unknown
2025-09-12T18:52:58.829+05:30  INFO 12715 --- [SpringBootWebDemo] [restartedMain] o.h.e.t.j.p.i.JtaPlatformInitiator       : HHH000489: No JTA platform available (set 'hibernate.transaction.jta.platform' to enable JTA platform integration)
2025-09-12T18:52:58.842+05:30  INFO 12715 --- [SpringBootWebDemo] [restartedMain] j.LocalContainerEntityManagerFactoryBean : Initialized JPA EntityManagerFactory for persistence unit 'default'
2025-09-12T18:52:58.872+05:30  WARN 12715 --- [SpringBootWebDemo] [restartedMain] JpaBaseConfiguration$JpaWebConfiguration : spring.jpa.open-in-view is enabled by default. Therefore, database queries may be performed during view rendering. Explicitly configure spring.jpa.open-in-view to disable this warning
2025-09-12T18:52:59.093+05:30  INFO 12715 --- [SpringBootWebDemo] [restartedMain] o.s.b.d.a.OptionalLiveReloadServer       : LiveReload server is running on port 35729
2025-09-12T18:52:59.094+05:30  INFO 12715 --- [SpringBootWebDemo] [restartedMain] o.s.b.a.e.web.EndpointLinksResolver      : Exposing 15 endpoints beneath base path '/manage'
2025-09-12T18:52:59.105+05:30  INFO 12715 --- [SpringBootWebDemo] [restartedMain] o.s.b.w.embedded.tomcat.TomcatWebServer  : Tomcat started on port 8081 (http) with context path '/'
2025-09-12T18:52:59.110+05:30  INFO 12715 --- [SpringBootWebDemo] [restartedMain] c.w.S.SpringBootWebDemoApplication       : Started SpringBootWebDemoApplication in 0.554 seconds (process running for 343.686)
2025-09-12T18:52:59.112+05:30  INFO 12715 --- [SpringBootWebDemo] [restartedMain] .ConditionEvaluationDeltaLoggingListener : Condition evaluation unchanged
2025-09-12T18:53:48.041+05:30  INFO 12715 --- [SpringBootWebDemo] [File Watcher] rtingClassPathChangeChangedEventListener : Restarting due to 1 class path change (0 additions, 0 deletions, 1 modification)
2025-09-12T18:53:48.048+05:30  INFO 12715 --- [SpringBootWebDemo] [Thread-7] o.s.b.w.e.tomcat.GracefulShutdown        : Commencing graceful shutdown. Waiting for active requests to complete
2025-09-12T18:53:48.053+05:30  INFO 12715 --- [SpringBootWebDemo] [tomcat-shutdown] o.s.b.w.e.tomcat.GracefulShutdown        : Graceful shutdown complete
2025-09-12T18:53:48.057+05:30  INFO 12715 --- [SpringBootWebDemo] [Thread-7] j.LocalContainerEntityManagerFactoryBean : Closing JPA EntityManagerFactory for persistence unit 'default'
2025-09-12T18:53:48.059+05:30  INFO 12715 --- [SpringBootWebDemo] [Thread-7] com.zaxxer.hikari.HikariDataSource       : HikariPool-3 - Shutdown initiated...
2025-09-12T18:53:48.064+05:30  INFO 12715 --- [SpringBootWebDemo] [Thread-7] com.zaxxer.hikari.HikariDataSource       : HikariPool-3 - Shutdown completed.
2025-09-12T18:53:48.123+05:30  INFO 12715 --- [SpringBootWebDemo] [restartedMain] c.w.S.SpringBootWebDemoApplication       : Starting SpringBootWebDemoApplication using Java 17.0.8 with PID 12715 (/Users/Shalini/Desktop/InfosysWS/SpringBoot/SpringBootWebDemo/target/classes started by Shalini in /Users/Shalini/Desktop/InfosysWS/SpringBoot/SpringBootWebDemo)
2025-09-12T18:53:48.123+05:30  INFO 12715 --- [SpringBootWebDemo] [restartedMain] c.w.S.SpringBootWebDemoApplication       : No active profile set, falling back to 1 default profile: "default"
2025-09-12T18:53:48.242+05:30  INFO 12715 --- [SpringBootWebDemo] [restartedMain] .s.d.r.c.RepositoryConfigurationDelegate : Bootstrapping Spring Data JPA repositories in DEFAULT mode.
2025-09-12T18:53:48.244+05:30  INFO 12715 --- [SpringBootWebDemo] [restartedMain] .s.d.r.c.RepositoryConfigurationDelegate : Finished Spring Data repository scanning in 1 ms. Found 0 JPA repository interfaces.
2025-09-12T18:53:48.274+05:30  INFO 12715 --- [SpringBootWebDemo] [restartedMain] o.s.b.w.embedded.tomcat.TomcatWebServer  : Tomcat initialized with port 8081 (http)
2025-09-12T18:53:48.274+05:30  INFO 12715 --- [SpringBootWebDemo] [restartedMain] o.apache.catalina.core.StandardService   : Starting service [Tomcat]
2025-09-12T18:53:48.274+05:30  INFO 12715 --- [SpringBootWebDemo] [restartedMain] o.apache.catalina.core.StandardEngine    : Starting Servlet engine: [Apache Tomcat/10.1.44]
2025-09-12T18:53:48.281+05:30  INFO 12715 --- [SpringBootWebDemo] [restartedMain] o.a.c.c.C.[Tomcat-1].[localhost].[/]     : Initializing Spring embedded WebApplicationContext
2025-09-12T18:53:48.281+05:30  INFO 12715 --- [SpringBootWebDemo] [restartedMain] w.s.c.ServletWebServerApplicationContext : Root WebApplicationContext: initialization completed in 157 ms
2025-09-12T18:53:48.303+05:30  INFO 12715 --- [SpringBootWebDemo] [restartedMain] o.hibernate.jpa.internal.util.LogHelper  : HHH000204: Processing PersistenceUnitInfo [name: default]
2025-09-12T18:53:48.304+05:30  INFO 12715 --- [SpringBootWebDemo] [restartedMain] o.h.c.internal.RegionFactoryInitiator    : HHH000026: Second-level cache disabled
2025-09-12T18:53:48.308+05:30  INFO 12715 --- [SpringBootWebDemo] [restartedMain] o.s.o.j.p.SpringPersistenceUnitInfo      : No LoadTimeWeaver setup: ignoring JPA class transformer
2025-09-12T18:53:48.309+05:30  INFO 12715 --- [SpringBootWebDemo] [restartedMain] com.zaxxer.hikari.HikariDataSource       : HikariPool-4 - Starting...
2025-09-12T18:53:48.321+05:30  INFO 12715 --- [SpringBootWebDemo] [restartedMain] com.zaxxer.hikari.pool.HikariPool        : HikariPool-4 - Added connection com.mysql.cj.jdbc.ConnectionImpl@414e005c
2025-09-12T18:53:48.322+05:30  INFO 12715 --- [SpringBootWebDemo] [restartedMain] com.zaxxer.hikari.HikariDataSource       : HikariPool-4 - Start completed.
2025-09-12T18:53:48.323+05:30  WARN 12715 --- [SpringBootWebDemo] [restartedMain] org.hibernate.dialect.Dialect            : HHH000511: The 5.7.34 version for [org.hibernate.dialect.MySQLDialect] is no longer supported, hence certain features may not work properly. The minimum supported version is 8.0.0. Check the community dialects project for available legacy versions.
2025-09-12T18:53:48.323+05:30  INFO 12715 --- [SpringBootWebDemo] [restartedMain] org.hibernate.orm.connections.pooling    : HHH10001005: Database info:
	Database JDBC URL [Connecting through datasource 'HikariDataSource (HikariPool-4)']
	Database driver: undefined/unknown
	Database version: 5.7.34
	Autocommit mode: undefined/unknown
	Isolation level: undefined/unknown
	Minimum pool size: undefined/unknown
	Maximum pool size: undefined/unknown
2025-09-12T18:53:48.345+05:30  INFO 12715 --- [SpringBootWebDemo] [restartedMain] o.h.e.t.j.p.i.JtaPlatformInitiator       : HHH000489: No JTA platform available (set 'hibernate.transaction.jta.platform' to enable JTA platform integration)
2025-09-12T18:53:48.387+05:30  INFO 12715 --- [SpringBootWebDemo] [restartedMain] j.LocalContainerEntityManagerFactoryBean : Initialized JPA EntityManagerFactory for persistence unit 'default'
2025-09-12T18:53:48.403+05:30  WARN 12715 --- [SpringBootWebDemo] [restartedMain] JpaBaseConfiguration$JpaWebConfiguration : spring.jpa.open-in-view is enabled by default. Therefore, database queries may be performed during view rendering. Explicitly configure spring.jpa.open-in-view to disable this warning
2025-09-12T18:53:48.602+05:30  INFO 12715 --- [SpringBootWebDemo] [restartedMain] o.s.b.d.a.OptionalLiveReloadServer       : LiveReload server is running on port 35729
2025-09-12T18:53:48.603+05:30  INFO 12715 --- [SpringBootWebDemo] [restartedMain] o.s.b.a.e.web.EndpointLinksResolver      : Exposing 15 endpoints beneath base path '/manage'
2025-09-12T18:53:48.613+05:30  INFO 12715 --- [SpringBootWebDemo] [restartedMain] o.s.b.w.embedded.tomcat.TomcatWebServer  : Tomcat started on port 8081 (http) with context path '/'
2025-09-12T18:53:48.619+05:30  INFO 12715 --- [SpringBootWebDemo] [restartedMain] c.w.S.SpringBootWebDemoApplication       : Started SpringBootWebDemoApplication in 0.509 seconds (process running for 393.195)
2025-09-12T18:53:48.619+05:30  INFO 12715 --- [SpringBootWebDemo] [restartedMain] .ConditionEvaluationDeltaLoggingListener : Condition evaluation unchanged
2025-09-12T18:54:30.483+05:30  INFO 12715 --- [SpringBootWebDemo] [File Watcher] rtingClassPathChangeChangedEventListener : Restarting due to 1 class path change (0 additions, 0 deletions, 1 modification)
2025-09-12T18:54:30.489+05:30  INFO 12715 --- [SpringBootWebDemo] [Thread-14] o.s.b.w.e.tomcat.GracefulShutdown        : Commencing graceful shutdown. Waiting for active requests to complete
2025-09-12T18:54:30.492+05:30  INFO 12715 --- [SpringBootWebDemo] [tomcat-shutdown] o.s.b.w.e.tomcat.GracefulShutdown        : Graceful shutdown complete
2025-09-12T18:54:30.496+05:30  INFO 12715 --- [SpringBootWebDemo] [Thread-14] j.LocalContainerEntityManagerFactoryBean : Closing JPA EntityManagerFactory for persistence unit 'default'
2025-09-12T18:54:30.497+05:30  INFO 12715 --- [SpringBootWebDemo] [Thread-14] com.zaxxer.hikari.HikariDataSource       : HikariPool-4 - Shutdown initiated...
2025-09-12T18:54:30.502+05:30  INFO 12715 --- [SpringBootWebDemo] [Thread-14] com.zaxxer.hikari.HikariDataSource       : HikariPool-4 - Shutdown completed.
2025-09-12T18:54:30.564+05:30  INFO 12715 --- [SpringBootWebDemo] [restartedMain] c.w.S.SpringBootWebDemoApplication       : Starting SpringBootWebDemoApplication using Java 17.0.8 with PID 12715 (/Users/Shalini/Desktop/InfosysWS/SpringBoot/SpringBootWebDemo/target/classes started by Shalini in /Users/Shalini/Desktop/InfosysWS/SpringBoot/SpringBootWebDemo)
2025-09-12T18:54:30.564+05:30  INFO 12715 --- [SpringBootWebDemo] [restartedMain] c.w.S.SpringBootWebDemoApplication       : No active profile set, falling back to 1 default profile: "default"
2025-09-12T18:54:30.684+05:30  INFO 12715 --- [SpringBootWebDemo] [restartedMain] .s.d.r.c.RepositoryConfigurationDelegate : Bootstrapping Spring Data JPA repositories in DEFAULT mode.
2025-09-12T18:54:30.686+05:30  INFO 12715 --- [SpringBootWebDemo] [restartedMain] .s.d.r.c.RepositoryConfigurationDelegate : Finished Spring Data repository scanning in 1 ms. Found 0 JPA repository interfaces.
2025-09-12T18:54:30.719+05:30  INFO 12715 --- [SpringBootWebDemo] [restartedMain] o.s.b.w.embedded.tomcat.TomcatWebServer  : Tomcat initialized with port 8081 (http)
2025-09-12T18:54:30.720+05:30  INFO 12715 --- [SpringBootWebDemo] [restartedMain] o.apache.catalina.core.StandardService   : Starting service [Tomcat]
2025-09-12T18:54:30.720+05:30  INFO 12715 --- [SpringBootWebDemo] [restartedMain] o.apache.catalina.core.StandardEngine    : Starting Servlet engine: [Apache Tomcat/10.1.44]
2025-09-12T18:54:30.727+05:30  INFO 12715 --- [SpringBootWebDemo] [restartedMain] o.a.c.c.C.[Tomcat-1].[localhost].[/]     : Initializing Spring embedded WebApplicationContext
2025-09-12T18:54:30.727+05:30  INFO 12715 --- [SpringBootWebDemo] [restartedMain] w.s.c.ServletWebServerApplicationContext : Root WebApplicationContext: initialization completed in 162 ms
2025-09-12T18:54:30.749+05:30  INFO 12715 --- [SpringBootWebDemo] [restartedMain] o.hibernate.jpa.internal.util.LogHelper  : HHH000204: Processing PersistenceUnitInfo [name: default]
2025-09-12T18:54:30.750+05:30  INFO 12715 --- [SpringBootWebDemo] [restartedMain] o.h.c.internal.RegionFactoryInitiator    : HHH000026: Second-level cache disabled
2025-09-12T18:54:30.754+05:30  INFO 12715 --- [SpringBootWebDemo] [restartedMain] o.s.o.j.p.SpringPersistenceUnitInfo      : No LoadTimeWeaver setup: ignoring JPA class transformer
2025-09-12T18:54:30.754+05:30  INFO 12715 --- [SpringBootWebDemo] [restartedMain] com.zaxxer.hikari.HikariDataSource       : HikariPool-5 - Starting...
2025-09-12T18:54:30.766+05:30  INFO 12715 --- [SpringBootWebDemo] [restartedMain] com.zaxxer.hikari.pool.HikariPool        : HikariPool-5 - Added connection com.mysql.cj.jdbc.ConnectionImpl@3052aea5
2025-09-12T18:54:30.766+05:30  INFO 12715 --- [SpringBootWebDemo] [restartedMain] com.zaxxer.hikari.HikariDataSource       : HikariPool-5 - Start completed.
2025-09-12T18:54:30.767+05:30  WARN 12715 --- [SpringBootWebDemo] [restartedMain] org.hibernate.dialect.Dialect            : HHH000511: The 5.7.34 version for [org.hibernate.dialect.MySQLDialect] is no longer supported, hence certain features may not work properly. The minimum supported version is 8.0.0. Check the community dialects project for available legacy versions.
2025-09-12T18:54:30.767+05:30  INFO 12715 --- [SpringBootWebDemo] [restartedMain] org.hibernate.orm.connections.pooling    : HHH10001005: Database info:
	Database JDBC URL [Connecting through datasource 'HikariDataSource (HikariPool-5)']
	Database driver: undefined/unknown
	Database version: 5.7.34
	Autocommit mode: undefined/unknown
	Isolation level: undefined/unknown
	Minimum pool size: undefined/unknown
	Maximum pool size: undefined/unknown
2025-09-12T18:54:30.794+05:30  INFO 12715 --- [SpringBootWebDemo] [restartedMain] o.h.e.t.j.p.i.JtaPlatformInitiator       : HHH000489: No JTA platform available (set 'hibernate.transaction.jta.platform' to enable JTA platform integration)
2025-09-12T18:54:30.824+05:30  INFO 12715 --- [SpringBootWebDemo] [restartedMain] j.LocalContainerEntityManagerFactoryBean : Initialized JPA EntityManagerFactory for persistence unit 'default'
2025-09-12T18:54:30.840+05:30  WARN 12715 --- [SpringBootWebDemo] [restartedMain] JpaBaseConfiguration$JpaWebConfiguration : spring.jpa.open-in-view is enabled by default. Therefore, database queries may be performed during view rendering. Explicitly configure spring.jpa.open-in-view to disable this warning
2025-09-12T18:54:31.021+05:30  INFO 12715 --- [SpringBootWebDemo] [restartedMain] o.s.b.d.a.OptionalLiveReloadServer       : LiveReload server is running on port 35729
2025-09-12T18:54:31.022+05:30  INFO 12715 --- [SpringBootWebDemo] [restartedMain] o.s.b.a.e.web.EndpointLinksResolver      : Exposing 15 endpoints beneath base path '/manage'
2025-09-12T18:54:31.032+05:30  INFO 12715 --- [SpringBootWebDemo] [restartedMain] o.s.b.w.embedded.tomcat.TomcatWebServer  : Tomcat started on port 8081 (http) with context path '/'
2025-09-12T18:54:31.037+05:30  INFO 12715 --- [SpringBootWebDemo] [restartedMain] c.w.S.SpringBootWebDemoApplication       : Started SpringBootWebDemoApplication in 0.488 seconds (process running for 435.613)
2025-09-12T18:54:31.038+05:30  INFO 12715 --- [SpringBootWebDemo] [restartedMain] .ConditionEvaluationDeltaLoggingListener : Condition evaluation unchanged
2025-09-12T18:54:50.649+05:30  INFO 12715 --- [SpringBootWebDemo] [File Watcher] rtingClassPathChangeChangedEventListener : Restarting due to 1 class path change (0 additions, 0 deletions, 1 modification)
2025-09-12T18:54:50.655+05:30  INFO 12715 --- [SpringBootWebDemo] [Thread-18] o.s.b.w.e.tomcat.GracefulShutdown        : Commencing graceful shutdown. Waiting for active requests to complete
2025-09-12T18:54:50.671+05:30  INFO 12715 --- [SpringBootWebDemo] [tomcat-shutdown] o.s.b.w.e.tomcat.GracefulShutdown        : Graceful shutdown complete
2025-09-12T18:54:50.676+05:30  INFO 12715 --- [SpringBootWebDemo] [Thread-18] j.LocalContainerEntityManagerFactoryBean : Closing JPA EntityManagerFactory for persistence unit 'default'
2025-09-12T18:54:50.677+05:30  INFO 12715 --- [SpringBootWebDemo] [Thread-18] com.zaxxer.hikari.HikariDataSource       : HikariPool-5 - Shutdown initiated...
2025-09-12T18:54:50.681+05:30  INFO 12715 --- [SpringBootWebDemo] [Thread-18] com.zaxxer.hikari.HikariDataSource       : HikariPool-5 - Shutdown completed.
2025-09-12T18:54:50.736+05:30  INFO 12715 --- [SpringBootWebDemo] [restartedMain] c.w.S.SpringBootWebDemoApplication       : Starting SpringBootWebDemoApplication using Java 17.0.8 with PID 12715 (/Users/Shalini/Desktop/InfosysWS/SpringBoot/SpringBootWebDemo/target/classes started by Shalini in /Users/Shalini/Desktop/InfosysWS/SpringBoot/SpringBootWebDemo)
2025-09-12T18:54:50.737+05:30  INFO 12715 --- [SpringBootWebDemo] [restartedMain] c.w.S.SpringBootWebDemoApplication       : No active profile set, falling back to 1 default profile: "default"
2025-09-12T18:54:50.843+05:30  INFO 12715 --- [SpringBootWebDemo] [restartedMain] .s.d.r.c.RepositoryConfigurationDelegate : Bootstrapping Spring Data JPA repositories in DEFAULT mode.
2025-09-12T18:54:50.845+05:30  INFO 12715 --- [SpringBootWebDemo] [restartedMain] .s.d.r.c.RepositoryConfigurationDelegate : Finished Spring Data repository scanning in 1 ms. Found 0 JPA repository interfaces.
2025-09-12T18:54:50.875+05:30  INFO 12715 --- [SpringBootWebDemo] [restartedMain] o.s.b.w.embedded.tomcat.TomcatWebServer  : Tomcat initialized with port 8081 (http)
2025-09-12T18:54:50.875+05:30  INFO 12715 --- [SpringBootWebDemo] [restartedMain] o.apache.catalina.core.StandardService   : Starting service [Tomcat]
2025-09-12T18:54:50.875+05:30  INFO 12715 --- [SpringBootWebDemo] [restartedMain] o.apache.catalina.core.StandardEngine    : Starting Servlet engine: [Apache Tomcat/10.1.44]
2025-09-12T18:54:50.881+05:30  INFO 12715 --- [SpringBootWebDemo] [restartedMain] o.a.c.c.C.[Tomcat-1].[localhost].[/]     : Initializing Spring embedded WebApplicationContext
2025-09-12T18:54:50.881+05:30  INFO 12715 --- [SpringBootWebDemo] [restartedMain] w.s.c.ServletWebServerApplicationContext : Root WebApplicationContext: initialization completed in 144 ms
2025-09-12T18:54:50.900+05:30  INFO 12715 --- [SpringBootWebDemo] [restartedMain] o.hibernate.jpa.internal.util.LogHelper  : HHH000204: Processing PersistenceUnitInfo [name: default]
2025-09-12T18:54:50.901+05:30  INFO 12715 --- [SpringBootWebDemo] [restartedMain] o.h.c.internal.RegionFactoryInitiator    : HHH000026: Second-level cache disabled
2025-09-12T18:54:50.904+05:30  INFO 12715 --- [SpringBootWebDemo] [restartedMain] o.s.o.j.p.SpringPersistenceUnitInfo      : No LoadTimeWeaver setup: ignoring JPA class transformer
2025-09-12T18:54:50.904+05:30  INFO 12715 --- [SpringBootWebDemo] [restartedMain] com.zaxxer.hikari.HikariDataSource       : HikariPool-6 - Starting...
2025-09-12T18:54:50.914+05:30  INFO 12715 --- [SpringBootWebDemo] [restartedMain] com.zaxxer.hikari.pool.HikariPool        : HikariPool-6 - Added connection com.mysql.cj.jdbc.ConnectionImpl@3cb61318
2025-09-12T18:54:50.915+05:30  INFO 12715 --- [SpringBootWebDemo] [restartedMain] com.zaxxer.hikari.HikariDataSource       : HikariPool-6 - Start completed.
2025-09-12T18:54:50.915+05:30  WARN 12715 --- [SpringBootWebDemo] [restartedMain] org.hibernate.dialect.Dialect            : HHH000511: The 5.7.34 version for [org.hibernate.dialect.MySQLDialect] is no longer supported, hence certain features may not work properly. The minimum supported version is 8.0.0. Check the community dialects project for available legacy versions.
2025-09-12T18:54:50.916+05:30  INFO 12715 --- [SpringBootWebDemo] [restartedMain] org.hibernate.orm.connections.pooling    : HHH10001005: Database info:
	Database JDBC URL [Connecting through datasource 'HikariDataSource (HikariPool-6)']
	Database driver: undefined/unknown
	Database version: 5.7.34
	Autocommit mode: undefined/unknown
	Isolation level: undefined/unknown
	Minimum pool size: undefined/unknown
	Maximum pool size: undefined/unknown
2025-09-12T18:54:50.935+05:30  INFO 12715 --- [SpringBootWebDemo] [restartedMain] o.h.e.t.j.p.i.JtaPlatformInitiator       : HHH000489: No JTA platform available (set 'hibernate.transaction.jta.platform' to enable JTA platform integration)
2025-09-12T18:54:50.946+05:30  INFO 12715 --- [SpringBootWebDemo] [restartedMain] j.LocalContainerEntityManagerFactoryBean : Initialized JPA EntityManagerFactory for persistence unit 'default'
2025-09-12T18:54:50.964+05:30  WARN 12715 --- [SpringBootWebDemo] [restartedMain] JpaBaseConfiguration$JpaWebConfiguration : spring.jpa.open-in-view is enabled by default. Therefore, database queries may be performed during view rendering. Explicitly configure spring.jpa.open-in-view to disable this warning
2025-09-12T18:54:51.151+05:30  INFO 12715 --- [SpringBootWebDemo] [restartedMain] o.s.b.d.a.OptionalLiveReloadServer       : LiveReload server is running on port 35729
2025-09-12T18:54:51.152+05:30  INFO 12715 --- [SpringBootWebDemo] [restartedMain] o.s.b.a.e.web.EndpointLinksResolver      : Exposing 15 endpoints beneath base path '/manage'
2025-09-12T18:54:51.160+05:30  INFO 12715 --- [SpringBootWebDemo] [restartedMain] o.s.b.w.embedded.tomcat.TomcatWebServer  : Tomcat started on port 8081 (http) with context path '/'
2025-09-12T18:54:51.164+05:30  INFO 12715 --- [SpringBootWebDemo] [restartedMain] c.w.S.SpringBootWebDemoApplication       : Started SpringBootWebDemoApplication in 0.44 seconds (process running for 455.741)
2025-09-12T18:54:51.165+05:30  INFO 12715 --- [SpringBootWebDemo] [restartedMain] .ConditionEvaluationDeltaLoggingListener : Condition evaluation unchanged
2025-09-12T18:56:15.476+05:30  INFO 12715 --- [SpringBootWebDemo] [File Watcher] rtingClassPathChangeChangedEventListener : Restarting due to 1 class path change (1 addition, 0 deletions, 0 modifications)
2025-09-12T18:56:15.487+05:30  INFO 12715 --- [SpringBootWebDemo] [Thread-22] o.s.b.w.e.tomcat.GracefulShutdown        : Commencing graceful shutdown. Waiting for active requests to complete
2025-09-12T18:56:15.491+05:30  INFO 12715 --- [SpringBootWebDemo] [tomcat-shutdown] o.s.b.w.e.tomcat.GracefulShutdown        : Graceful shutdown complete
2025-09-12T18:56:15.495+05:30  INFO 12715 --- [SpringBootWebDemo] [Thread-22] j.LocalContainerEntityManagerFactoryBean : Closing JPA EntityManagerFactory for persistence unit 'default'
2025-09-12T18:56:15.497+05:30  INFO 12715 --- [SpringBootWebDemo] [Thread-22] com.zaxxer.hikari.HikariDataSource       : HikariPool-6 - Shutdown initiated...
2025-09-12T18:56:15.501+05:30  INFO 12715 --- [SpringBootWebDemo] [Thread-22] com.zaxxer.hikari.HikariDataSource       : HikariPool-6 - Shutdown completed.
2025-09-12T18:56:15.581+05:30  INFO 12715 --- [SpringBootWebDemo] [restartedMain] c.w.S.SpringBootWebDemoApplication       : Starting SpringBootWebDemoApplication using Java 17.0.8 with PID 12715 (/Users/Shalini/Desktop/InfosysWS/SpringBoot/SpringBootWebDemo/target/classes started by Shalini in /Users/Shalini/Desktop/InfosysWS/SpringBoot/SpringBootWebDemo)
2025-09-12T18:56:15.581+05:30  INFO 12715 --- [SpringBootWebDemo] [restartedMain] c.w.S.SpringBootWebDemoApplication       : No active profile set, falling back to 1 default profile: "default"
2025-09-12T18:56:15.695+05:30  INFO 12715 --- [SpringBootWebDemo] [restartedMain] .s.d.r.c.RepositoryConfigurationDelegate : Bootstrapping Spring Data JPA repositories in DEFAULT mode.
2025-09-12T18:56:15.697+05:30  INFO 12715 --- [SpringBootWebDemo] [restartedMain] .s.d.r.c.RepositoryConfigurationDelegate : Finished Spring Data repository scanning in 1 ms. Found 0 JPA repository interfaces.
2025-09-12T18:56:15.725+05:30  INFO 12715 --- [SpringBootWebDemo] [restartedMain] o.s.b.w.embedded.tomcat.TomcatWebServer  : Tomcat initialized with port 8081 (http)
2025-09-12T18:56:15.725+05:30  INFO 12715 --- [SpringBootWebDemo] [restartedMain] o.apache.catalina.core.StandardService   : Starting service [Tomcat]
2025-09-12T18:56:15.725+05:30  INFO 12715 --- [SpringBootWebDemo] [restartedMain] o.apache.catalina.core.StandardEngine    : Starting Servlet engine: [Apache Tomcat/10.1.44]
2025-09-12T18:56:15.732+05:30  INFO 12715 --- [SpringBootWebDemo] [restartedMain] o.a.c.c.C.[Tomcat-1].[localhost].[/]     : Initializing Spring embedded WebApplicationContext
2025-09-12T18:56:15.732+05:30  INFO 12715 --- [SpringBootWebDemo] [restartedMain] w.s.c.ServletWebServerApplicationContext : Root WebApplicationContext: initialization completed in 150 ms
2025-09-12T18:56:15.751+05:30  INFO 12715 --- [SpringBootWebDemo] [restartedMain] o.hibernate.jpa.internal.util.LogHelper  : HHH000204: Processing PersistenceUnitInfo [name: default]
2025-09-12T18:56:15.752+05:30  INFO 12715 --- [SpringBootWebDemo] [restartedMain] o.h.c.internal.RegionFactoryInitiator    : HHH000026: Second-level cache disabled
2025-09-12T18:56:15.756+05:30  INFO 12715 --- [SpringBootWebDemo] [restartedMain] o.s.o.j.p.SpringPersistenceUnitInfo      : No LoadTimeWeaver setup: ignoring JPA class transformer
2025-09-12T18:56:15.756+05:30  INFO 12715 --- [SpringBootWebDemo] [restartedMain] com.zaxxer.hikari.HikariDataSource       : HikariPool-7 - Starting...
2025-09-12T18:56:15.790+05:30  INFO 12715 --- [SpringBootWebDemo] [restartedMain] com.zaxxer.hikari.pool.HikariPool        : HikariPool-7 - Added connection com.mysql.cj.jdbc.ConnectionImpl@70bdf3ac
2025-09-12T18:56:15.791+05:30  INFO 12715 --- [SpringBootWebDemo] [restartedMain] com.zaxxer.hikari.HikariDataSource       : HikariPool-7 - Start completed.
2025-09-12T18:56:15.791+05:30  WARN 12715 --- [SpringBootWebDemo] [restartedMain] org.hibernate.dialect.Dialect            : HHH000511: The 5.7.34 version for [org.hibernate.dialect.MySQLDialect] is no longer supported, hence certain features may not work properly. The minimum supported version is 8.0.0. Check the community dialects project for available legacy versions.
2025-09-12T18:56:15.792+05:30  INFO 12715 --- [SpringBootWebDemo] [restartedMain] org.hibernate.orm.connections.pooling    : HHH10001005: Database info:
	Database JDBC URL [Connecting through datasource 'HikariDataSource (HikariPool-7)']
	Database driver: undefined/unknown
	Database version: 5.7.34
	Autocommit mode: undefined/unknown
	Isolation level: undefined/unknown
	Minimum pool size: undefined/unknown
	Maximum pool size: undefined/unknown
2025-09-12T18:56:15.809+05:30  INFO 12715 --- [SpringBootWebDemo] [restartedMain] o.h.e.t.j.p.i.JtaPlatformInitiator       : HHH000489: No JTA platform available (set 'hibernate.transaction.jta.platform' to enable JTA platform integration)
2025-09-12T18:56:15.832+05:30  INFO 12715 --- [SpringBootWebDemo] [restartedMain] j.LocalContainerEntityManagerFactoryBean : Initialized JPA EntityManagerFactory for persistence unit 'default'
2025-09-12T18:56:15.848+05:30  WARN 12715 --- [SpringBootWebDemo] [restartedMain] JpaBaseConfiguration$JpaWebConfiguration : spring.jpa.open-in-view is enabled by default. Therefore, database queries may be performed during view rendering. Explicitly configure spring.jpa.open-in-view to disable this warning
2025-09-12T18:56:16.032+05:30  INFO 12715 --- [SpringBootWebDemo] [restartedMain] o.s.b.d.a.OptionalLiveReloadServer       : LiveReload server is running on port 35729
2025-09-12T18:56:16.033+05:30  INFO 12715 --- [SpringBootWebDemo] [restartedMain] o.s.b.a.e.web.EndpointLinksResolver      : Exposing 15 endpoints beneath base path '/manage'
2025-09-12T18:56:16.043+05:30  INFO 12715 --- [SpringBootWebDemo] [restartedMain] o.s.b.w.embedded.tomcat.TomcatWebServer  : Tomcat started on port 8081 (http) with context path '/'
2025-09-12T18:56:16.047+05:30  INFO 12715 --- [SpringBootWebDemo] [restartedMain] c.w.S.SpringBootWebDemoApplication       : Started SpringBootWebDemoApplication in 0.478 seconds (process running for 540.625)
2025-09-12T18:56:16.048+05:30  INFO 12715 --- [SpringBootWebDemo] [restartedMain] .ConditionEvaluationDeltaLoggingListener : Condition evaluation unchanged
2025-09-12T18:56:41.706+05:30  INFO 12715 --- [SpringBootWebDemo] [File Watcher] rtingClassPathChangeChangedEventListener : Restarting due to 1 class path change (0 additions, 0 deletions, 1 modification)
2025-09-12T18:56:41.711+05:30  INFO 12715 --- [SpringBootWebDemo] [Thread-26] o.s.b.w.e.tomcat.GracefulShutdown        : Commencing graceful shutdown. Waiting for active requests to complete
2025-09-12T18:56:41.713+05:30  INFO 12715 --- [SpringBootWebDemo] [tomcat-shutdown] o.s.b.w.e.tomcat.GracefulShutdown        : Graceful shutdown complete
2025-09-12T18:56:41.716+05:30  INFO 12715 --- [SpringBootWebDemo] [Thread-26] j.LocalContainerEntityManagerFactoryBean : Closing JPA EntityManagerFactory for persistence unit 'default'
2025-09-12T18:56:41.717+05:30  INFO 12715 --- [SpringBootWebDemo] [Thread-26] com.zaxxer.hikari.HikariDataSource       : HikariPool-7 - Shutdown initiated...
2025-09-12T18:56:41.720+05:30  INFO 12715 --- [SpringBootWebDemo] [Thread-26] com.zaxxer.hikari.HikariDataSource       : HikariPool-7 - Shutdown completed.
2025-09-12T18:56:41.781+05:30  INFO 12715 --- [SpringBootWebDemo] [restartedMain] c.w.S.SpringBootWebDemoApplication       : Starting SpringBootWebDemoApplication using Java 17.0.8 with PID 12715 (/Users/Shalini/Desktop/InfosysWS/SpringBoot/SpringBootWebDemo/target/classes started by Shalini in /Users/Shalini/Desktop/InfosysWS/SpringBoot/SpringBootWebDemo)
2025-09-12T18:56:41.781+05:30  INFO 12715 --- [SpringBootWebDemo] [restartedMain] c.w.S.SpringBootWebDemoApplication       : No active profile set, falling back to 1 default profile: "default"
2025-09-12T18:56:41.886+05:30  INFO 12715 --- [SpringBootWebDemo] [restartedMain] .s.d.r.c.RepositoryConfigurationDelegate : Bootstrapping Spring Data JPA repositories in DEFAULT mode.
2025-09-12T18:56:41.888+05:30  INFO 12715 --- [SpringBootWebDemo] [restartedMain] .s.d.r.c.RepositoryConfigurationDelegate : Finished Spring Data repository scanning in 1 ms. Found 0 JPA repository interfaces.
2025-09-12T18:56:41.916+05:30  INFO 12715 --- [SpringBootWebDemo] [restartedMain] o.s.b.w.embedded.tomcat.TomcatWebServer  : Tomcat initialized with port 8081 (http)
2025-09-12T18:56:41.916+05:30  INFO 12715 --- [SpringBootWebDemo] [restartedMain] o.apache.catalina.core.StandardService   : Starting service [Tomcat]
2025-09-12T18:56:41.916+05:30  INFO 12715 --- [SpringBootWebDemo] [restartedMain] o.apache.catalina.core.StandardEngine    : Starting Servlet engine: [Apache Tomcat/10.1.44]
2025-09-12T18:56:41.922+05:30  INFO 12715 --- [SpringBootWebDemo] [restartedMain] o.a.c.c.C.[Tomcat-1].[localhost].[/]     : Initializing Spring embedded WebApplicationContext
2025-09-12T18:56:41.922+05:30  INFO 12715 --- [SpringBootWebDemo] [restartedMain] w.s.c.ServletWebServerApplicationContext : Root WebApplicationContext: initialization completed in 140 ms
2025-09-12T18:56:41.938+05:30  INFO 12715 --- [SpringBootWebDemo] [restartedMain] o.hibernate.jpa.internal.util.LogHelper  : HHH000204: Processing PersistenceUnitInfo [name: default]
2025-09-12T18:56:41.939+05:30  INFO 12715 --- [SpringBootWebDemo] [restartedMain] o.h.c.internal.RegionFactoryInitiator    : HHH000026: Second-level cache disabled
2025-09-12T18:56:41.942+05:30  INFO 12715 --- [SpringBootWebDemo] [restartedMain] o.s.o.j.p.SpringPersistenceUnitInfo      : No LoadTimeWeaver setup: ignoring JPA class transformer
2025-09-12T18:56:41.943+05:30  INFO 12715 --- [SpringBootWebDemo] [restartedMain] com.zaxxer.hikari.HikariDataSource       : HikariPool-8 - Starting...
2025-09-12T18:56:41.953+05:30  INFO 12715 --- [SpringBootWebDemo] [restartedMain] com.zaxxer.hikari.pool.HikariPool        : HikariPool-8 - Added connection com.mysql.cj.jdbc.ConnectionImpl@b008c48
2025-09-12T18:56:41.953+05:30  INFO 12715 --- [SpringBootWebDemo] [restartedMain] com.zaxxer.hikari.HikariDataSource       : HikariPool-8 - Start completed.
2025-09-12T18:56:41.954+05:30  WARN 12715 --- [SpringBootWebDemo] [restartedMain] org.hibernate.dialect.Dialect            : HHH000511: The 5.7.34 version for [org.hibernate.dialect.MySQLDialect] is no longer supported, hence certain features may not work properly. The minimum supported version is 8.0.0. Check the community dialects project for available legacy versions.
2025-09-12T18:56:41.954+05:30  INFO 12715 --- [SpringBootWebDemo] [restartedMain] org.hibernate.orm.connections.pooling    : HHH10001005: Database info:
	Database JDBC URL [Connecting through datasource 'HikariDataSource (HikariPool-8)']
	Database driver: undefined/unknown
	Database version: 5.7.34
	Autocommit mode: undefined/unknown
	Isolation level: undefined/unknown
	Minimum pool size: undefined/unknown
	Maximum pool size: undefined/unknown
2025-09-12T18:56:41.971+05:30  INFO 12715 --- [SpringBootWebDemo] [restartedMain] o.h.e.t.j.p.i.JtaPlatformInitiator       : HHH000489: No JTA platform available (set 'hibernate.transaction.jta.platform' to enable JTA platform integration)
2025-09-12T18:56:41.990+05:30  INFO 12715 --- [SpringBootWebDemo] [restartedMain] j.LocalContainerEntityManagerFactoryBean : Initialized JPA EntityManagerFactory for persistence unit 'default'
2025-09-12T18:56:42.006+05:30  WARN 12715 --- [SpringBootWebDemo] [restartedMain] JpaBaseConfiguration$JpaWebConfiguration : spring.jpa.open-in-view is enabled by default. Therefore, database queries may be performed during view rendering. Explicitly configure spring.jpa.open-in-view to disable this warning
2025-09-12T18:56:42.187+05:30  INFO 12715 --- [SpringBootWebDemo] [restartedMain] o.s.b.d.a.OptionalLiveReloadServer       : LiveReload server is running on port 35729
2025-09-12T18:56:42.188+05:30  INFO 12715 --- [SpringBootWebDemo] [restartedMain] o.s.b.a.e.web.EndpointLinksResolver      : Exposing 15 endpoints beneath base path '/manage'
2025-09-12T18:56:42.196+05:30  INFO 12715 --- [SpringBootWebDemo] [restartedMain] o.s.b.w.embedded.tomcat.TomcatWebServer  : Tomcat started on port 8081 (http) with context path '/'
2025-09-12T18:56:42.200+05:30  INFO 12715 --- [SpringBootWebDemo] [restartedMain] c.w.S.SpringBootWebDemoApplication       : Started SpringBootWebDemoApplication in 0.43 seconds (process running for 566.777)
2025-09-12T18:56:42.200+05:30  INFO 12715 --- [SpringBootWebDemo] [restartedMain] .ConditionEvaluationDeltaLoggingListener : Condition evaluation unchanged
2025-09-12T18:56:56.765+05:30  INFO 12715 --- [SpringBootWebDemo] [File Watcher] rtingClassPathChangeChangedEventListener : Restarting due to 1 class path change (0 additions, 0 deletions, 1 modification)
2025-09-12T18:56:56.767+05:30  INFO 12715 --- [SpringBootWebDemo] [Thread-30] o.s.b.w.e.tomcat.GracefulShutdown        : Commencing graceful shutdown. Waiting for active requests to complete
2025-09-12T18:56:56.770+05:30  INFO 12715 --- [SpringBootWebDemo] [tomcat-shutdown] o.s.b.w.e.tomcat.GracefulShutdown        : Graceful shutdown complete
2025-09-12T18:56:56.772+05:30  INFO 12715 --- [SpringBootWebDemo] [Thread-30] j.LocalContainerEntityManagerFactoryBean : Closing JPA EntityManagerFactory for persistence unit 'default'
2025-09-12T18:56:56.773+05:30  INFO 12715 --- [SpringBootWebDemo] [Thread-30] com.zaxxer.hikari.HikariDataSource       : HikariPool-8 - Shutdown initiated...
2025-09-12T18:56:56.776+05:30  INFO 12715 --- [SpringBootWebDemo] [Thread-30] com.zaxxer.hikari.HikariDataSource       : HikariPool-8 - Shutdown completed.
2025-09-12T18:56:56.843+05:30  INFO 12715 --- [SpringBootWebDemo] [restartedMain] c.w.S.SpringBootWebDemoApplication       : Starting SpringBootWebDemoApplication using Java 17.0.8 with PID 12715 (/Users/Shalini/Desktop/InfosysWS/SpringBoot/SpringBootWebDemo/target/classes started by Shalini in /Users/Shalini/Desktop/InfosysWS/SpringBoot/SpringBootWebDemo)
2025-09-12T18:56:56.843+05:30  INFO 12715 --- [SpringBootWebDemo] [restartedMain] c.w.S.SpringBootWebDemoApplication       : No active profile set, falling back to 1 default profile: "default"
2025-09-12T18:56:56.944+05:30  INFO 12715 --- [SpringBootWebDemo] [restartedMain] .s.d.r.c.RepositoryConfigurationDelegate : Bootstrapping Spring Data JPA repositories in DEFAULT mode.
2025-09-12T18:56:56.945+05:30  INFO 12715 --- [SpringBootWebDemo] [restartedMain] .s.d.r.c.RepositoryConfigurationDelegate : Finished Spring Data repository scanning in 0 ms. Found 0 JPA repository interfaces.
2025-09-12T18:56:56.971+05:30  INFO 12715 --- [SpringBootWebDemo] [restartedMain] o.s.b.w.embedded.tomcat.TomcatWebServer  : Tomcat initialized with port 8081 (http)
2025-09-12T18:56:56.971+05:30  INFO 12715 --- [SpringBootWebDemo] [restartedMain] o.apache.catalina.core.StandardService   : Starting service [Tomcat]
2025-09-12T18:56:56.971+05:30  INFO 12715 --- [SpringBootWebDemo] [restartedMain] o.apache.catalina.core.StandardEngine    : Starting Servlet engine: [Apache Tomcat/10.1.44]
2025-09-12T18:56:56.977+05:30  INFO 12715 --- [SpringBootWebDemo] [restartedMain] o.a.c.c.C.[Tomcat-1].[localhost].[/]     : Initializing Spring embedded WebApplicationContext
2025-09-12T18:56:56.977+05:30  INFO 12715 --- [SpringBootWebDemo] [restartedMain] w.s.c.ServletWebServerApplicationContext : Root WebApplicationContext: initialization completed in 133 ms
2025-09-12T18:56:56.995+05:30  INFO 12715 --- [SpringBootWebDemo] [restartedMain] o.hibernate.jpa.internal.util.LogHelper  : HHH000204: Processing PersistenceUnitInfo [name: default]
2025-09-12T18:56:56.996+05:30  INFO 12715 --- [SpringBootWebDemo] [restartedMain] o.h.c.internal.RegionFactoryInitiator    : HHH000026: Second-level cache disabled
2025-09-12T18:56:57.000+05:30  INFO 12715 --- [SpringBootWebDemo] [restartedMain] o.s.o.j.p.SpringPersistenceUnitInfo      : No LoadTimeWeaver setup: ignoring JPA class transformer
2025-09-12T18:56:57.000+05:30  INFO 12715 --- [SpringBootWebDemo] [restartedMain] com.zaxxer.hikari.HikariDataSource       : HikariPool-9 - Starting...
2025-09-12T18:56:57.015+05:30  INFO 12715 --- [SpringBootWebDemo] [restartedMain] com.zaxxer.hikari.pool.HikariPool        : HikariPool-9 - Added connection com.mysql.cj.jdbc.ConnectionImpl@404db4cc
2025-09-12T18:56:57.015+05:30  INFO 12715 --- [SpringBootWebDemo] [restartedMain] com.zaxxer.hikari.HikariDataSource       : HikariPool-9 - Start completed.
2025-09-12T18:56:57.016+05:30  WARN 12715 --- [SpringBootWebDemo] [restartedMain] org.hibernate.dialect.Dialect            : HHH000511: The 5.7.34 version for [org.hibernate.dialect.MySQLDialect] is no longer supported, hence certain features may not work properly. The minimum supported version is 8.0.0. Check the community dialects project for available legacy versions.
2025-09-12T18:56:57.016+05:30  INFO 12715 --- [SpringBootWebDemo] [restartedMain] org.hibernate.orm.connections.pooling    : HHH10001005: Database info:
	Database JDBC URL [Connecting through datasource 'HikariDataSource (HikariPool-9)']
	Database driver: undefined/unknown
	Database version: 5.7.34
	Autocommit mode: undefined/unknown
	Isolation level: undefined/unknown
	Minimum pool size: undefined/unknown
	Maximum pool size: undefined/unknown
2025-09-12T18:56:57.031+05:30  INFO 12715 --- [SpringBootWebDemo] [restartedMain] o.h.e.t.j.p.i.JtaPlatformInitiator       : HHH000489: No JTA platform available (set 'hibernate.transaction.jta.platform' to enable JTA platform integration)
2025-09-12T18:56:57.048+05:30  INFO 12715 --- [SpringBootWebDemo] [restartedMain] j.LocalContainerEntityManagerFactoryBean : Initialized JPA EntityManagerFactory for persistence unit 'default'
2025-09-12T18:56:57.062+05:30  WARN 12715 --- [SpringBootWebDemo] [restartedMain] JpaBaseConfiguration$JpaWebConfiguration : spring.jpa.open-in-view is enabled by default. Therefore, database queries may be performed during view rendering. Explicitly configure spring.jpa.open-in-view to disable this warning
2025-09-12T18:56:57.203+05:30  INFO 12715 --- [SpringBootWebDemo] [restartedMain] o.s.b.d.a.OptionalLiveReloadServer       : LiveReload server is running on port 35729
2025-09-12T18:56:57.204+05:30  INFO 12715 --- [SpringBootWebDemo] [restartedMain] o.s.b.a.e.web.EndpointLinksResolver      : Exposing 15 endpoints beneath base path '/manage'
2025-09-12T18:56:57.210+05:30  INFO 12715 --- [SpringBootWebDemo] [restartedMain] o.s.b.w.embedded.tomcat.TomcatWebServer  : Tomcat started on port 8081 (http) with context path '/'
2025-09-12T18:56:57.215+05:30  INFO 12715 --- [SpringBootWebDemo] [restartedMain] c.w.S.SpringBootWebDemoApplication       : Started SpringBootWebDemoApplication in 0.385 seconds (process running for 581.793)
2025-09-12T18:56:57.215+05:30  INFO 12715 --- [SpringBootWebDemo] [restartedMain] .ConditionEvaluationDeltaLoggingListener : Condition evaluation unchanged
2025-09-12T18:57:04.693+05:30  INFO 12715 --- [SpringBootWebDemo] [File Watcher] rtingClassPathChangeChangedEventListener : Restarting due to 1 class path change (0 additions, 0 deletions, 1 modification)
2025-09-12T18:57:04.696+05:30  INFO 12715 --- [SpringBootWebDemo] [Thread-34] o.s.b.w.e.tomcat.GracefulShutdown        : Commencing graceful shutdown. Waiting for active requests to complete
2025-09-12T18:57:04.699+05:30  INFO 12715 --- [SpringBootWebDemo] [tomcat-shutdown] o.s.b.w.e.tomcat.GracefulShutdown        : Graceful shutdown complete
2025-09-12T18:57:04.702+05:30  INFO 12715 --- [SpringBootWebDemo] [Thread-34] j.LocalContainerEntityManagerFactoryBean : Closing JPA EntityManagerFactory for persistence unit 'default'
2025-09-12T18:57:04.703+05:30  INFO 12715 --- [SpringBootWebDemo] [Thread-34] com.zaxxer.hikari.HikariDataSource       : HikariPool-9 - Shutdown initiated...
2025-09-12T18:57:04.705+05:30  INFO 12715 --- [SpringBootWebDemo] [Thread-34] com.zaxxer.hikari.HikariDataSource       : HikariPool-9 - Shutdown completed.
2025-09-12T18:57:04.770+05:30  INFO 12715 --- [SpringBootWebDemo] [restartedMain] c.w.S.SpringBootWebDemoApplication       : Starting SpringBootWebDemoApplication using Java 17.0.8 with PID 12715 (/Users/Shalini/Desktop/InfosysWS/SpringBoot/SpringBootWebDemo/target/classes started by Shalini in /Users/Shalini/Desktop/InfosysWS/SpringBoot/SpringBootWebDemo)
2025-09-12T18:57:04.770+05:30  INFO 12715 --- [SpringBootWebDemo] [restartedMain] c.w.S.SpringBootWebDemoApplication       : No active profile set, falling back to 1 default profile: "default"
2025-09-12T18:57:04.877+05:30  INFO 12715 --- [SpringBootWebDemo] [restartedMain] .s.d.r.c.RepositoryConfigurationDelegate : Bootstrapping Spring Data JPA repositories in DEFAULT mode.
2025-09-12T18:57:04.879+05:30  INFO 12715 --- [SpringBootWebDemo] [restartedMain] .s.d.r.c.RepositoryConfigurationDelegate : Finished Spring Data repository scanning in 1 ms. Found 0 JPA repository interfaces.
2025-09-12T18:57:04.905+05:30  INFO 12715 --- [SpringBootWebDemo] [restartedMain] o.s.b.w.embedded.tomcat.TomcatWebServer  : Tomcat initialized with port 8081 (http)
2025-09-12T18:57:04.905+05:30  INFO 12715 --- [SpringBootWebDemo] [restartedMain] o.apache.catalina.core.StandardService   : Starting service [Tomcat]
2025-09-12T18:57:04.905+05:30  INFO 12715 --- [SpringBootWebDemo] [restartedMain] o.apache.catalina.core.StandardEngine    : Starting Servlet engine: [Apache Tomcat/10.1.44]
2025-09-12T18:57:04.911+05:30  INFO 12715 --- [SpringBootWebDemo] [restartedMain] o.a.c.c.C.[Tomcat-1].[localhost].[/]     : Initializing Spring embedded WebApplicationContext
2025-09-12T18:57:04.911+05:30  INFO 12715 --- [SpringBootWebDemo] [restartedMain] w.s.c.ServletWebServerApplicationContext : Root WebApplicationContext: initialization completed in 140 ms
2025-09-12T18:57:04.928+05:30  INFO 12715 --- [SpringBootWebDemo] [restartedMain] o.hibernate.jpa.internal.util.LogHelper  : HHH000204: Processing PersistenceUnitInfo [name: default]
2025-09-12T18:57:04.928+05:30  INFO 12715 --- [SpringBootWebDemo] [restartedMain] o.h.c.internal.RegionFactoryInitiator    : HHH000026: Second-level cache disabled
2025-09-12T18:57:04.931+05:30  INFO 12715 --- [SpringBootWebDemo] [restartedMain] o.s.o.j.p.SpringPersistenceUnitInfo      : No LoadTimeWeaver setup: ignoring JPA class transformer
2025-09-12T18:57:04.932+05:30  INFO 12715 --- [SpringBootWebDemo] [restartedMain] com.zaxxer.hikari.HikariDataSource       : HikariPool-10 - Starting...
2025-09-12T18:57:04.941+05:30  INFO 12715 --- [SpringBootWebDemo] [restartedMain] com.zaxxer.hikari.pool.HikariPool        : HikariPool-10 - Added connection com.mysql.cj.jdbc.ConnectionImpl@48b62603
2025-09-12T18:57:04.941+05:30  INFO 12715 --- [SpringBootWebDemo] [restartedMain] com.zaxxer.hikari.HikariDataSource       : HikariPool-10 - Start completed.
2025-09-12T18:57:04.942+05:30  WARN 12715 --- [SpringBootWebDemo] [restartedMain] org.hibernate.dialect.Dialect            : HHH000511: The 5.7.34 version for [org.hibernate.dialect.MySQLDialect] is no longer supported, hence certain features may not work properly. The minimum supported version is 8.0.0. Check the community dialects project for available legacy versions.
2025-09-12T18:57:04.942+05:30  INFO 12715 --- [SpringBootWebDemo] [restartedMain] org.hibernate.orm.connections.pooling    : HHH10001005: Database info:
	Database JDBC URL [Connecting through datasource 'HikariDataSource (HikariPool-10)']
	Database driver: undefined/unknown
	Database version: 5.7.34
	Autocommit mode: undefined/unknown
	Isolation level: undefined/unknown
	Minimum pool size: undefined/unknown
	Maximum pool size: undefined/unknown
2025-09-12T18:57:04.959+05:30  INFO 12715 --- [SpringBootWebDemo] [restartedMain] o.h.e.t.j.p.i.JtaPlatformInitiator       : HHH000489: No JTA platform available (set 'hibernate.transaction.jta.platform' to enable JTA platform integration)
2025-09-12T18:57:04.976+05:30  INFO 12715 --- [SpringBootWebDemo] [restartedMain] j.LocalContainerEntityManagerFactoryBean : Initialized JPA EntityManagerFactory for persistence unit 'default'
2025-09-12T18:57:04.989+05:30  WARN 12715 --- [SpringBootWebDemo] [restartedMain] JpaBaseConfiguration$JpaWebConfiguration : spring.jpa.open-in-view is enabled by default. Therefore, database queries may be performed during view rendering. Explicitly configure spring.jpa.open-in-view to disable this warning
2025-09-12T18:57:05.143+05:30  INFO 12715 --- [SpringBootWebDemo] [restartedMain] o.s.b.d.a.OptionalLiveReloadServer       : LiveReload server is running on port 35729
2025-09-12T18:57:05.144+05:30  INFO 12715 --- [SpringBootWebDemo] [restartedMain] o.s.b.a.e.web.EndpointLinksResolver      : Exposing 15 endpoints beneath base path '/manage'
2025-09-12T18:57:05.151+05:30  INFO 12715 --- [SpringBootWebDemo] [restartedMain] o.s.b.w.embedded.tomcat.TomcatWebServer  : Tomcat started on port 8081 (http) with context path '/'
2025-09-12T18:57:05.155+05:30  INFO 12715 --- [SpringBootWebDemo] [restartedMain] c.w.S.SpringBootWebDemoApplication       : Started SpringBootWebDemoApplication in 0.396 seconds (process running for 589.733)
2025-09-12T18:57:05.156+05:30  INFO 12715 --- [SpringBootWebDemo] [restartedMain] .ConditionEvaluationDeltaLoggingListener : Condition evaluation unchanged
2025-09-12T18:57:14.658+05:30  INFO 12715 --- [SpringBootWebDemo] [File Watcher] rtingClassPathChangeChangedEventListener : Restarting due to 1 class path change (0 additions, 0 deletions, 1 modification)
2025-09-12T18:57:14.662+05:30  INFO 12715 --- [SpringBootWebDemo] [Thread-38] o.s.b.w.e.tomcat.GracefulShutdown        : Commencing graceful shutdown. Waiting for active requests to complete
2025-09-12T18:57:14.665+05:30  INFO 12715 --- [SpringBootWebDemo] [tomcat-shutdown] o.s.b.w.e.tomcat.GracefulShutdown        : Graceful shutdown complete
2025-09-12T18:57:14.669+05:30  INFO 12715 --- [SpringBootWebDemo] [Thread-38] j.LocalContainerEntityManagerFactoryBean : Closing JPA EntityManagerFactory for persistence unit 'default'
2025-09-12T18:57:14.671+05:30  INFO 12715 --- [SpringBootWebDemo] [Thread-38] com.zaxxer.hikari.HikariDataSource       : HikariPool-10 - Shutdown initiated...
2025-09-12T18:57:14.675+05:30  INFO 12715 --- [SpringBootWebDemo] [Thread-38] com.zaxxer.hikari.HikariDataSource       : HikariPool-10 - Shutdown completed.
2025-09-12T18:57:14.753+05:30  INFO 12715 --- [SpringBootWebDemo] [restartedMain] c.w.S.SpringBootWebDemoApplication       : Starting SpringBootWebDemoApplication using Java 17.0.8 with PID 12715 (/Users/Shalini/Desktop/InfosysWS/SpringBoot/SpringBootWebDemo/target/classes started by Shalini in /Users/Shalini/Desktop/InfosysWS/SpringBoot/SpringBootWebDemo)
2025-09-12T18:57:14.754+05:30  INFO 12715 --- [SpringBootWebDemo] [restartedMain] c.w.S.SpringBootWebDemoApplication       : No active profile set, falling back to 1 default profile: "default"
2025-09-12T18:57:14.850+05:30  INFO 12715 --- [SpringBootWebDemo] [restartedMain] .s.d.r.c.RepositoryConfigurationDelegate : Bootstrapping Spring Data JPA repositories in DEFAULT mode.
2025-09-12T18:57:14.851+05:30  INFO 12715 --- [SpringBootWebDemo] [restartedMain] .s.d.r.c.RepositoryConfigurationDelegate : Finished Spring Data repository scanning in 0 ms. Found 0 JPA repository interfaces.
2025-09-12T18:57:14.879+05:30  INFO 12715 --- [SpringBootWebDemo] [restartedMain] o.s.b.w.embedded.tomcat.TomcatWebServer  : Tomcat initialized with port 8081 (http)
2025-09-12T18:57:14.879+05:30  INFO 12715 --- [SpringBootWebDemo] [restartedMain] o.apache.catalina.core.StandardService   : Starting service [Tomcat]
2025-09-12T18:57:14.879+05:30  INFO 12715 --- [SpringBootWebDemo] [restartedMain] o.apache.catalina.core.StandardEngine    : Starting Servlet engine: [Apache Tomcat/10.1.44]
2025-09-12T18:57:14.885+05:30  INFO 12715 --- [SpringBootWebDemo] [restartedMain] o.a.c.c.C.[Tomcat-1].[localhost].[/]     : Initializing Spring embedded WebApplicationContext
2025-09-12T18:57:14.885+05:30  INFO 12715 --- [SpringBootWebDemo] [restartedMain] w.s.c.ServletWebServerApplicationContext : Root WebApplicationContext: initialization completed in 130 ms
2025-09-12T18:57:14.900+05:30  INFO 12715 --- [SpringBootWebDemo] [restartedMain] o.hibernate.jpa.internal.util.LogHelper  : HHH000204: Processing PersistenceUnitInfo [name: default]
2025-09-12T18:57:14.901+05:30  INFO 12715 --- [SpringBootWebDemo] [restartedMain] o.h.c.internal.RegionFactoryInitiator    : HHH000026: Second-level cache disabled
2025-09-12T18:57:14.904+05:30  INFO 12715 --- [SpringBootWebDemo] [restartedMain] o.s.o.j.p.SpringPersistenceUnitInfo      : No LoadTimeWeaver setup: ignoring JPA class transformer
2025-09-12T18:57:14.905+05:30  INFO 12715 --- [SpringBootWebDemo] [restartedMain] com.zaxxer.hikari.HikariDataSource       : HikariPool-11 - Starting...
2025-09-12T18:57:14.915+05:30  INFO 12715 --- [SpringBootWebDemo] [restartedMain] com.zaxxer.hikari.pool.HikariPool        : HikariPool-11 - Added connection com.mysql.cj.jdbc.ConnectionImpl@59ba48be
2025-09-12T18:57:14.915+05:30  INFO 12715 --- [SpringBootWebDemo] [restartedMain] com.zaxxer.hikari.HikariDataSource       : HikariPool-11 - Start completed.
2025-09-12T18:57:14.916+05:30  WARN 12715 --- [SpringBootWebDemo] [restartedMain] org.hibernate.dialect.Dialect            : HHH000511: The 5.7.34 version for [org.hibernate.dialect.MySQLDialect] is no longer supported, hence certain features may not work properly. The minimum supported version is 8.0.0. Check the community dialects project for available legacy versions.
2025-09-12T18:57:14.916+05:30  INFO 12715 --- [SpringBootWebDemo] [restartedMain] org.hibernate.orm.connections.pooling    : HHH10001005: Database info:
	Database JDBC URL [Connecting through datasource 'HikariDataSource (HikariPool-11)']
	Database driver: undefined/unknown
	Database version: 5.7.34
	Autocommit mode: undefined/unknown
	Isolation level: undefined/unknown
	Minimum pool size: undefined/unknown
	Maximum pool size: undefined/unknown
2025-09-12T18:57:14.933+05:30  INFO 12715 --- [SpringBootWebDemo] [restartedMain] o.h.e.t.j.p.i.JtaPlatformInitiator       : HHH000489: No JTA platform available (set 'hibernate.transaction.jta.platform' to enable JTA platform integration)
2025-09-12T18:57:14.949+05:30  INFO 12715 --- [SpringBootWebDemo] [restartedMain] j.LocalContainerEntityManagerFactoryBean : Initialized JPA EntityManagerFactory for persistence unit 'default'
2025-09-12T18:57:14.964+05:30  WARN 12715 --- [SpringBootWebDemo] [restartedMain] JpaBaseConfiguration$JpaWebConfiguration : spring.jpa.open-in-view is enabled by default. Therefore, database queries may be performed during view rendering. Explicitly configure spring.jpa.open-in-view to disable this warning
2025-09-12T18:57:15.141+05:30  INFO 12715 --- [SpringBootWebDemo] [restartedMain] o.s.b.d.a.OptionalLiveReloadServer       : LiveReload server is running on port 35729
2025-09-12T18:57:15.144+05:30  INFO 12715 --- [SpringBootWebDemo] [restartedMain] o.s.b.a.e.web.EndpointLinksResolver      : Exposing 15 endpoints beneath base path '/manage'
2025-09-12T18:57:15.151+05:30  INFO 12715 --- [SpringBootWebDemo] [restartedMain] o.s.b.w.embedded.tomcat.TomcatWebServer  : Tomcat started on port 8081 (http) with context path '/'
2025-09-12T18:57:15.155+05:30  INFO 12715 --- [SpringBootWebDemo] [restartedMain] c.w.S.SpringBootWebDemoApplication       : Started SpringBootWebDemoApplication in 0.413 seconds (process running for 599.733)
2025-09-12T18:57:15.155+05:30  INFO 12715 --- [SpringBootWebDemo] [restartedMain] .ConditionEvaluationDeltaLoggingListener : Condition evaluation unchanged
2025-09-12T18:58:09.155+05:30  INFO 12715 --- [SpringBootWebDemo] [File Watcher] rtingClassPathChangeChangedEventListener : Restarting due to 1 class path change (1 addition, 0 deletions, 0 modifications)
2025-09-12T18:58:09.165+05:30  INFO 12715 --- [SpringBootWebDemo] [Thread-42] o.s.b.w.e.tomcat.GracefulShutdown        : Commencing graceful shutdown. Waiting for active requests to complete
2025-09-12T18:58:09.169+05:30  INFO 12715 --- [SpringBootWebDemo] [tomcat-shutdown] o.s.b.w.e.tomcat.GracefulShutdown        : Graceful shutdown complete
2025-09-12T18:58:09.173+05:30  INFO 12715 --- [SpringBootWebDemo] [Thread-42] j.LocalContainerEntityManagerFactoryBean : Closing JPA EntityManagerFactory for persistence unit 'default'
2025-09-12T18:58:09.175+05:30  INFO 12715 --- [SpringBootWebDemo] [Thread-42] com.zaxxer.hikari.HikariDataSource       : HikariPool-11 - Shutdown initiated...
2025-09-12T18:58:09.183+05:30  INFO 12715 --- [SpringBootWebDemo] [Thread-42] com.zaxxer.hikari.HikariDataSource       : HikariPool-11 - Shutdown completed.
2025-09-12T18:58:09.269+05:30  INFO 12715 --- [SpringBootWebDemo] [restartedMain] c.w.S.SpringBootWebDemoApplication       : Starting SpringBootWebDemoApplication using Java 17.0.8 with PID 12715 (/Users/Shalini/Desktop/InfosysWS/SpringBoot/SpringBootWebDemo/target/classes started by Shalini in /Users/Shalini/Desktop/InfosysWS/SpringBoot/SpringBootWebDemo)
2025-09-12T18:58:09.269+05:30  INFO 12715 --- [SpringBootWebDemo] [restartedMain] c.w.S.SpringBootWebDemoApplication       : No active profile set, falling back to 1 default profile: "default"
2025-09-12T18:58:09.385+05:30  INFO 12715 --- [SpringBootWebDemo] [restartedMain] .s.d.r.c.RepositoryConfigurationDelegate : Bootstrapping Spring Data JPA repositories in DEFAULT mode.
2025-09-12T18:58:09.387+05:30  INFO 12715 --- [SpringBootWebDemo] [restartedMain] .s.d.r.c.RepositoryConfigurationDelegate : Finished Spring Data repository scanning in 1 ms. Found 0 JPA repository interfaces.
2025-09-12T18:58:09.417+05:30  INFO 12715 --- [SpringBootWebDemo] [restartedMain] o.s.b.w.embedded.tomcat.TomcatWebServer  : Tomcat initialized with port 8081 (http)
2025-09-12T18:58:09.417+05:30  INFO 12715 --- [SpringBootWebDemo] [restartedMain] o.apache.catalina.core.StandardService   : Starting service [Tomcat]
2025-09-12T18:58:09.417+05:30  INFO 12715 --- [SpringBootWebDemo] [restartedMain] o.apache.catalina.core.StandardEngine    : Starting Servlet engine: [Apache Tomcat/10.1.44]
2025-09-12T18:58:09.423+05:30  INFO 12715 --- [SpringBootWebDemo] [restartedMain] o.a.c.c.C.[Tomcat-1].[localhost].[/]     : Initializing Spring embedded WebApplicationContext
2025-09-12T18:58:09.424+05:30  INFO 12715 --- [SpringBootWebDemo] [restartedMain] w.s.c.ServletWebServerApplicationContext : Root WebApplicationContext: initialization completed in 154 ms
2025-09-12T18:58:09.440+05:30  INFO 12715 --- [SpringBootWebDemo] [restartedMain] o.hibernate.jpa.internal.util.LogHelper  : HHH000204: Processing PersistenceUnitInfo [name: default]
2025-09-12T18:58:09.441+05:30  INFO 12715 --- [SpringBootWebDemo] [restartedMain] o.h.c.internal.RegionFactoryInitiator    : HHH000026: Second-level cache disabled
2025-09-12T18:58:09.445+05:30  INFO 12715 --- [SpringBootWebDemo] [restartedMain] o.s.o.j.p.SpringPersistenceUnitInfo      : No LoadTimeWeaver setup: ignoring JPA class transformer
2025-09-12T18:58:09.445+05:30  INFO 12715 --- [SpringBootWebDemo] [restartedMain] com.zaxxer.hikari.HikariDataSource       : HikariPool-12 - Starting...
2025-09-12T18:58:09.459+05:30  INFO 12715 --- [SpringBootWebDemo] [restartedMain] com.zaxxer.hikari.pool.HikariPool        : HikariPool-12 - Added connection com.mysql.cj.jdbc.ConnectionImpl@585a4467
2025-09-12T18:58:09.459+05:30  INFO 12715 --- [SpringBootWebDemo] [restartedMain] com.zaxxer.hikari.HikariDataSource       : HikariPool-12 - Start completed.
2025-09-12T18:58:09.460+05:30  WARN 12715 --- [SpringBootWebDemo] [restartedMain] org.hibernate.dialect.Dialect            : HHH000511: The 5.7.34 version for [org.hibernate.dialect.MySQLDialect] is no longer supported, hence certain features may not work properly. The minimum supported version is 8.0.0. Check the community dialects project for available legacy versions.
2025-09-12T18:58:09.461+05:30  INFO 12715 --- [SpringBootWebDemo] [restartedMain] org.hibernate.orm.connections.pooling    : HHH10001005: Database info:
	Database JDBC URL [Connecting through datasource 'HikariDataSource (HikariPool-12)']
	Database driver: undefined/unknown
	Database version: 5.7.34
	Autocommit mode: undefined/unknown
	Isolation level: undefined/unknown
	Minimum pool size: undefined/unknown
	Maximum pool size: undefined/unknown
2025-09-12T18:58:09.478+05:30  INFO 12715 --- [SpringBootWebDemo] [restartedMain] o.h.e.t.j.p.i.JtaPlatformInitiator       : HHH000489: No JTA platform available (set 'hibernate.transaction.jta.platform' to enable JTA platform integration)
2025-09-12T18:58:09.504+05:30  INFO 12715 --- [SpringBootWebDemo] [restartedMain] j.LocalContainerEntityManagerFactoryBean : Initialized JPA EntityManagerFactory for persistence unit 'default'
2025-09-12T18:58:09.524+05:30  WARN 12715 --- [SpringBootWebDemo] [restartedMain] JpaBaseConfiguration$JpaWebConfiguration : spring.jpa.open-in-view is enabled by default. Therefore, database queries may be performed during view rendering. Explicitly configure spring.jpa.open-in-view to disable this warning
2025-09-12T18:58:09.686+05:30  INFO 12715 --- [SpringBootWebDemo] [restartedMain] o.s.b.d.a.OptionalLiveReloadServer       : LiveReload server is running on port 35729
2025-09-12T18:58:09.687+05:30  INFO 12715 --- [SpringBootWebDemo] [restartedMain] o.s.b.a.e.web.EndpointLinksResolver      : Exposing 15 endpoints beneath base path '/manage'
2025-09-12T18:58:09.694+05:30  INFO 12715 --- [SpringBootWebDemo] [restartedMain] o.s.b.w.embedded.tomcat.TomcatWebServer  : Tomcat started on port 8081 (http) with context path '/'
2025-09-12T18:58:09.698+05:30  INFO 12715 --- [SpringBootWebDemo] [restartedMain] c.w.S.SpringBootWebDemoApplication       : Started SpringBootWebDemoApplication in 0.442 seconds (process running for 654.277)
2025-09-12T18:58:09.699+05:30  INFO 12715 --- [SpringBootWebDemo] [restartedMain] .ConditionEvaluationDeltaLoggingListener : Condition evaluation unchanged
2025-09-12T18:58:40.469+05:30  INFO 12715 --- [SpringBootWebDemo] [File Watcher] rtingClassPathChangeChangedEventListener : Restarting due to 1 class path change (0 additions, 0 deletions, 1 modification)
2025-09-12T18:58:40.473+05:30  INFO 12715 --- [SpringBootWebDemo] [Thread-46] o.s.b.w.e.tomcat.GracefulShutdown        : Commencing graceful shutdown. Waiting for active requests to complete
2025-09-12T18:58:40.477+05:30  INFO 12715 --- [SpringBootWebDemo] [tomcat-shutdown] o.s.b.w.e.tomcat.GracefulShutdown        : Graceful shutdown complete
2025-09-12T18:58:40.479+05:30  INFO 12715 --- [SpringBootWebDemo] [Thread-46] j.LocalContainerEntityManagerFactoryBean : Closing JPA EntityManagerFactory for persistence unit 'default'
2025-09-12T18:58:40.480+05:30  INFO 12715 --- [SpringBootWebDemo] [Thread-46] com.zaxxer.hikari.HikariDataSource       : HikariPool-12 - Shutdown initiated...
2025-09-12T18:58:40.483+05:30  INFO 12715 --- [SpringBootWebDemo] [Thread-46] com.zaxxer.hikari.HikariDataSource       : HikariPool-12 - Shutdown completed.
2025-09-12T18:58:40.561+05:30  INFO 12715 --- [SpringBootWebDemo] [restartedMain] c.w.S.SpringBootWebDemoApplication       : Starting SpringBootWebDemoApplication using Java 17.0.8 with PID 12715 (/Users/Shalini/Desktop/InfosysWS/SpringBoot/SpringBootWebDemo/target/classes started by Shalini in /Users/Shalini/Desktop/InfosysWS/SpringBoot/SpringBootWebDemo)
2025-09-12T18:58:40.561+05:30  INFO 12715 --- [SpringBootWebDemo] [restartedMain] c.w.S.SpringBootWebDemoApplication       : No active profile set, falling back to 1 default profile: "default"
2025-09-12T18:58:40.653+05:30  INFO 12715 --- [SpringBootWebDemo] [restartedMain] .s.d.r.c.RepositoryConfigurationDelegate : Bootstrapping Spring Data JPA repositories in DEFAULT mode.
2025-09-12T18:58:40.655+05:30  INFO 12715 --- [SpringBootWebDemo] [restartedMain] .s.d.r.c.RepositoryConfigurationDelegate : Finished Spring Data repository scanning in 0 ms. Found 0 JPA repository interfaces.
2025-09-12T18:58:40.682+05:30  INFO 12715 --- [SpringBootWebDemo] [restartedMain] o.s.b.w.embedded.tomcat.TomcatWebServer  : Tomcat initialized with port 8081 (http)
2025-09-12T18:58:40.682+05:30  INFO 12715 --- [SpringBootWebDemo] [restartedMain] o.apache.catalina.core.StandardService   : Starting service [Tomcat]
2025-09-12T18:58:40.682+05:30  INFO 12715 --- [SpringBootWebDemo] [restartedMain] o.apache.catalina.core.StandardEngine    : Starting Servlet engine: [Apache Tomcat/10.1.44]
2025-09-12T18:58:40.688+05:30  INFO 12715 --- [SpringBootWebDemo] [restartedMain] o.a.c.c.C.[Tomcat-1].[localhost].[/]     : Initializing Spring embedded WebApplicationContext
2025-09-12T18:58:40.688+05:30  INFO 12715 --- [SpringBootWebDemo] [restartedMain] w.s.c.ServletWebServerApplicationContext : Root WebApplicationContext: initialization completed in 126 ms
2025-09-12T18:58:40.703+05:30  INFO 12715 --- [SpringBootWebDemo] [restartedMain] o.hibernate.jpa.internal.util.LogHelper  : HHH000204: Processing PersistenceUnitInfo [name: default]
2025-09-12T18:58:40.704+05:30  INFO 12715 --- [SpringBootWebDemo] [restartedMain] o.h.c.internal.RegionFactoryInitiator    : HHH000026: Second-level cache disabled
2025-09-12T18:58:40.707+05:30  INFO 12715 --- [SpringBootWebDemo] [restartedMain] o.s.o.j.p.SpringPersistenceUnitInfo      : No LoadTimeWeaver setup: ignoring JPA class transformer
2025-09-12T18:58:40.707+05:30  INFO 12715 --- [SpringBootWebDemo] [restartedMain] com.zaxxer.hikari.HikariDataSource       : HikariPool-13 - Starting...
2025-09-12T18:58:40.718+05:30  INFO 12715 --- [SpringBootWebDemo] [restartedMain] com.zaxxer.hikari.pool.HikariPool        : HikariPool-13 - Added connection com.mysql.cj.jdbc.ConnectionImpl@9c998f9
2025-09-12T18:58:40.718+05:30  INFO 12715 --- [SpringBootWebDemo] [restartedMain] com.zaxxer.hikari.HikariDataSource       : HikariPool-13 - Start completed.
2025-09-12T18:58:40.719+05:30  WARN 12715 --- [SpringBootWebDemo] [restartedMain] org.hibernate.dialect.Dialect            : HHH000511: The 5.7.34 version for [org.hibernate.dialect.MySQLDialect] is no longer supported, hence certain features may not work properly. The minimum supported version is 8.0.0. Check the community dialects project for available legacy versions.
2025-09-12T18:58:40.719+05:30  INFO 12715 --- [SpringBootWebDemo] [restartedMain] org.hibernate.orm.connections.pooling    : HHH10001005: Database info:
	Database JDBC URL [Connecting through datasource 'HikariDataSource (HikariPool-13)']
	Database driver: undefined/unknown
	Database version: 5.7.34
	Autocommit mode: undefined/unknown
	Isolation level: undefined/unknown
	Minimum pool size: undefined/unknown
	Maximum pool size: undefined/unknown
2025-09-12T18:58:40.733+05:30  INFO 12715 --- [SpringBootWebDemo] [restartedMain] o.h.e.t.j.p.i.JtaPlatformInitiator       : HHH000489: No JTA platform available (set 'hibernate.transaction.jta.platform' to enable JTA platform integration)
2025-09-12T18:58:40.750+05:30  INFO 12715 --- [SpringBootWebDemo] [restartedMain] j.LocalContainerEntityManagerFactoryBean : Initialized JPA EntityManagerFactory for persistence unit 'default'
2025-09-12T18:58:40.763+05:30  WARN 12715 --- [SpringBootWebDemo] [restartedMain] JpaBaseConfiguration$JpaWebConfiguration : spring.jpa.open-in-view is enabled by default. Therefore, database queries may be performed during view rendering. Explicitly configure spring.jpa.open-in-view to disable this warning
2025-09-12T18:58:40.918+05:30  INFO 12715 --- [SpringBootWebDemo] [restartedMain] o.s.b.d.a.OptionalLiveReloadServer       : LiveReload server is running on port 35729
2025-09-12T18:58:40.919+05:30  INFO 12715 --- [SpringBootWebDemo] [restartedMain] o.s.b.a.e.web.EndpointLinksResolver      : Exposing 15 endpoints beneath base path '/manage'
2025-09-12T18:58:40.928+05:30  INFO 12715 --- [SpringBootWebDemo] [restartedMain] o.s.b.w.embedded.tomcat.TomcatWebServer  : Tomcat started on port 8081 (http) with context path '/'
2025-09-12T18:58:40.931+05:30  INFO 12715 --- [SpringBootWebDemo] [restartedMain] c.w.S.SpringBootWebDemoApplication       : Started SpringBootWebDemoApplication in 0.38 seconds (process running for 685.51)
2025-09-12T18:58:40.932+05:30  INFO 12715 --- [SpringBootWebDemo] [restartedMain] .ConditionEvaluationDeltaLoggingListener : Condition evaluation unchanged
2025-09-12T19:01:08.010+05:30  INFO 12715 --- [SpringBootWebDemo] [File Watcher] rtingClassPathChangeChangedEventListener : Restarting due to 1 class path change (0 additions, 0 deletions, 1 modification)
2025-09-12T19:01:08.026+05:30  INFO 12715 --- [SpringBootWebDemo] [Thread-50] o.s.b.w.e.tomcat.GracefulShutdown        : Commencing graceful shutdown. Waiting for active requests to complete
2025-09-12T19:01:08.030+05:30  INFO 12715 --- [SpringBootWebDemo] [tomcat-shutdown] o.s.b.w.e.tomcat.GracefulShutdown        : Graceful shutdown complete
2025-09-12T19:01:08.034+05:30  INFO 12715 --- [SpringBootWebDemo] [Thread-50] j.LocalContainerEntityManagerFactoryBean : Closing JPA EntityManagerFactory for persistence unit 'default'
2025-09-12T19:01:08.036+05:30  INFO 12715 --- [SpringBootWebDemo] [Thread-50] com.zaxxer.hikari.HikariDataSource       : HikariPool-13 - Shutdown initiated...
2025-09-12T19:01:08.040+05:30  INFO 12715 --- [SpringBootWebDemo] [Thread-50] com.zaxxer.hikari.HikariDataSource       : HikariPool-13 - Shutdown completed.
2025-09-12T19:01:08.126+05:30  INFO 12715 --- [SpringBootWebDemo] [restartedMain] c.w.S.SpringBootWebDemoApplication       : Starting SpringBootWebDemoApplication using Java 17.0.8 with PID 12715 (/Users/Shalini/Desktop/InfosysWS/SpringBoot/SpringBootWebDemo/target/classes started by Shalini in /Users/Shalini/Desktop/InfosysWS/SpringBoot/SpringBootWebDemo)
2025-09-12T19:01:08.126+05:30  INFO 12715 --- [SpringBootWebDemo] [restartedMain] c.w.S.SpringBootWebDemoApplication       : No active profile set, falling back to 1 default profile: "default"
2025-09-12T19:01:08.226+05:30  INFO 12715 --- [SpringBootWebDemo] [restartedMain] .s.d.r.c.RepositoryConfigurationDelegate : Bootstrapping Spring Data JPA repositories in DEFAULT mode.
2025-09-12T19:01:08.228+05:30  INFO 12715 --- [SpringBootWebDemo] [restartedMain] .s.d.r.c.RepositoryConfigurationDelegate : Finished Spring Data repository scanning in 0 ms. Found 0 JPA repository interfaces.
2025-09-12T19:01:08.262+05:30  INFO 12715 --- [SpringBootWebDemo] [restartedMain] o.s.b.w.embedded.tomcat.TomcatWebServer  : Tomcat initialized with port 8081 (http)
2025-09-12T19:01:08.262+05:30  INFO 12715 --- [SpringBootWebDemo] [restartedMain] o.apache.catalina.core.StandardService   : Starting service [Tomcat]
2025-09-12T19:01:08.262+05:30  INFO 12715 --- [SpringBootWebDemo] [restartedMain] o.apache.catalina.core.StandardEngine    : Starting Servlet engine: [Apache Tomcat/10.1.44]
2025-09-12T19:01:08.269+05:30  INFO 12715 --- [SpringBootWebDemo] [restartedMain] o.a.c.c.C.[Tomcat-1].[localhost].[/]     : Initializing Spring embedded WebApplicationContext
2025-09-12T19:01:08.269+05:30  INFO 12715 --- [SpringBootWebDemo] [restartedMain] w.s.c.ServletWebServerApplicationContext : Root WebApplicationContext: initialization completed in 143 ms
2025-09-12T19:01:08.285+05:30  INFO 12715 --- [SpringBootWebDemo] [restartedMain] o.hibernate.jpa.internal.util.LogHelper  : HHH000204: Processing PersistenceUnitInfo [name: default]
2025-09-12T19:01:08.286+05:30  INFO 12715 --- [SpringBootWebDemo] [restartedMain] o.h.c.internal.RegionFactoryInitiator    : HHH000026: Second-level cache disabled
2025-09-12T19:01:08.290+05:30  INFO 12715 --- [SpringBootWebDemo] [restartedMain] o.s.o.j.p.SpringPersistenceUnitInfo      : No LoadTimeWeaver setup: ignoring JPA class transformer
2025-09-12T19:01:08.291+05:30  INFO 12715 --- [SpringBootWebDemo] [restartedMain] com.zaxxer.hikari.HikariDataSource       : HikariPool-14 - Starting...
2025-09-12T19:01:08.307+05:30  INFO 12715 --- [SpringBootWebDemo] [restartedMain] com.zaxxer.hikari.pool.HikariPool        : HikariPool-14 - Added connection com.mysql.cj.jdbc.ConnectionImpl@6a9ad625
2025-09-12T19:01:08.307+05:30  INFO 12715 --- [SpringBootWebDemo] [restartedMain] com.zaxxer.hikari.HikariDataSource       : HikariPool-14 - Start completed.
2025-09-12T19:01:08.308+05:30  WARN 12715 --- [SpringBootWebDemo] [restartedMain] org.hibernate.dialect.Dialect            : HHH000511: The 5.7.34 version for [org.hibernate.dialect.MySQLDialect] is no longer supported, hence certain features may not work properly. The minimum supported version is 8.0.0. Check the community dialects project for available legacy versions.
2025-09-12T19:01:08.308+05:30  INFO 12715 --- [SpringBootWebDemo] [restartedMain] org.hibernate.orm.connections.pooling    : HHH10001005: Database info:
	Database JDBC URL [Connecting through datasource 'HikariDataSource (HikariPool-14)']
	Database driver: undefined/unknown
	Database version: 5.7.34
	Autocommit mode: undefined/unknown
	Isolation level: undefined/unknown
	Minimum pool size: undefined/unknown
	Maximum pool size: undefined/unknown
2025-09-12T19:01:08.324+05:30  INFO 12715 --- [SpringBootWebDemo] [restartedMain] o.h.e.t.j.p.i.JtaPlatformInitiator       : HHH000489: No JTA platform available (set 'hibernate.transaction.jta.platform' to enable JTA platform integration)
2025-09-12T19:01:08.344+05:30  INFO 12715 --- [SpringBootWebDemo] [restartedMain] j.LocalContainerEntityManagerFactoryBean : Initialized JPA EntityManagerFactory for persistence unit 'default'
2025-09-12T19:01:08.359+05:30  WARN 12715 --- [SpringBootWebDemo] [restartedMain] JpaBaseConfiguration$JpaWebConfiguration : spring.jpa.open-in-view is enabled by default. Therefore, database queries may be performed during view rendering. Explicitly configure spring.jpa.open-in-view to disable this warning
2025-09-12T19:01:08.524+05:30  INFO 12715 --- [SpringBootWebDemo] [restartedMain] o.s.b.d.a.OptionalLiveReloadServer       : LiveReload server is running on port 35729
2025-09-12T19:01:08.525+05:30  INFO 12715 --- [SpringBootWebDemo] [restartedMain] o.s.b.a.e.web.EndpointLinksResolver      : Exposing 15 endpoints beneath base path '/manage'
2025-09-12T19:01:08.534+05:30  INFO 12715 --- [SpringBootWebDemo] [restartedMain] o.s.b.w.embedded.tomcat.TomcatWebServer  : Tomcat started on port 8081 (http) with context path '/'
2025-09-12T19:01:08.538+05:30  INFO 12715 --- [SpringBootWebDemo] [restartedMain] c.w.S.SpringBootWebDemoApplication       : Started SpringBootWebDemoApplication in 0.423 seconds (process running for 833.119)
2025-09-12T19:01:08.539+05:30  INFO 12715 --- [SpringBootWebDemo] [restartedMain] .ConditionEvaluationDeltaLoggingListener : Condition evaluation unchanged
2025-09-12T19:01:46.354+05:30  INFO 12715 --- [SpringBootWebDemo] [File Watcher] rtingClassPathChangeChangedEventListener : Restarting due to 1 class path change (0 additions, 0 deletions, 1 modification)
2025-09-12T19:01:46.365+05:30  INFO 12715 --- [SpringBootWebDemo] [Thread-54] o.s.b.w.e.tomcat.GracefulShutdown        : Commencing graceful shutdown. Waiting for active requests to complete
2025-09-12T19:01:46.374+05:30  INFO 12715 --- [SpringBootWebDemo] [tomcat-shutdown] o.s.b.w.e.tomcat.GracefulShutdown        : Graceful shutdown complete
2025-09-12T19:01:46.378+05:30  INFO 12715 --- [SpringBootWebDemo] [Thread-54] j.LocalContainerEntityManagerFactoryBean : Closing JPA EntityManagerFactory for persistence unit 'default'
2025-09-12T19:01:46.379+05:30  INFO 12715 --- [SpringBootWebDemo] [Thread-54] com.zaxxer.hikari.HikariDataSource       : HikariPool-14 - Shutdown initiated...
2025-09-12T19:01:46.384+05:30  INFO 12715 --- [SpringBootWebDemo] [Thread-54] com.zaxxer.hikari.HikariDataSource       : HikariPool-14 - Shutdown completed.
2025-09-12T19:01:46.475+05:30  INFO 12715 --- [SpringBootWebDemo] [restartedMain] c.w.S.SpringBootWebDemoApplication       : Starting SpringBootWebDemoApplication using Java 17.0.8 with PID 12715 (/Users/Shalini/Desktop/InfosysWS/SpringBoot/SpringBootWebDemo/target/classes started by Shalini in /Users/Shalini/Desktop/InfosysWS/SpringBoot/SpringBootWebDemo)
2025-09-12T19:01:46.475+05:30  INFO 12715 --- [SpringBootWebDemo] [restartedMain] c.w.S.SpringBootWebDemoApplication       : No active profile set, falling back to 1 default profile: "default"
2025-09-12T19:01:46.571+05:30  INFO 12715 --- [SpringBootWebDemo] [restartedMain] .s.d.r.c.RepositoryConfigurationDelegate : Bootstrapping Spring Data JPA repositories in DEFAULT mode.
2025-09-12T19:01:46.593+05:30  INFO 12715 --- [SpringBootWebDemo] [restartedMain] .s.d.r.c.RepositoryConfigurationDelegate : Finished Spring Data repository scanning in 20 ms. Found 1 JPA repository interface.
2025-09-12T19:01:46.633+05:30  INFO 12715 --- [SpringBootWebDemo] [restartedMain] o.s.b.w.embedded.tomcat.TomcatWebServer  : Tomcat initialized with port 8081 (http)
2025-09-12T19:01:46.633+05:30  INFO 12715 --- [SpringBootWebDemo] [restartedMain] o.apache.catalina.core.StandardService   : Starting service [Tomcat]
2025-09-12T19:01:46.633+05:30  INFO 12715 --- [SpringBootWebDemo] [restartedMain] o.apache.catalina.core.StandardEngine    : Starting Servlet engine: [Apache Tomcat/10.1.44]
2025-09-12T19:01:46.640+05:30  INFO 12715 --- [SpringBootWebDemo] [restartedMain] o.a.c.c.C.[Tomcat-1].[localhost].[/]     : Initializing Spring embedded WebApplicationContext
2025-09-12T19:01:46.640+05:30  INFO 12715 --- [SpringBootWebDemo] [restartedMain] w.s.c.ServletWebServerApplicationContext : Root WebApplicationContext: initialization completed in 165 ms
2025-09-12T19:01:46.658+05:30  INFO 12715 --- [SpringBootWebDemo] [restartedMain] o.hibernate.jpa.internal.util.LogHelper  : HHH000204: Processing PersistenceUnitInfo [name: default]
2025-09-12T19:01:46.659+05:30  INFO 12715 --- [SpringBootWebDemo] [restartedMain] o.h.c.internal.RegionFactoryInitiator    : HHH000026: Second-level cache disabled
2025-09-12T19:01:46.662+05:30  INFO 12715 --- [SpringBootWebDemo] [restartedMain] o.s.o.j.p.SpringPersistenceUnitInfo      : No LoadTimeWeaver setup: ignoring JPA class transformer
2025-09-12T19:01:46.663+05:30  INFO 12715 --- [SpringBootWebDemo] [restartedMain] com.zaxxer.hikari.HikariDataSource       : HikariPool-15 - Starting...
2025-09-12T19:01:46.672+05:30  INFO 12715 --- [SpringBootWebDemo] [restartedMain] com.zaxxer.hikari.pool.HikariPool        : HikariPool-15 - Added connection com.mysql.cj.jdbc.ConnectionImpl@53ad1474
2025-09-12T19:01:46.673+05:30  INFO 12715 --- [SpringBootWebDemo] [restartedMain] com.zaxxer.hikari.HikariDataSource       : HikariPool-15 - Start completed.
2025-09-12T19:01:46.673+05:30  WARN 12715 --- [SpringBootWebDemo] [restartedMain] org.hibernate.dialect.Dialect            : HHH000511: The 5.7.34 version for [org.hibernate.dialect.MySQLDialect] is no longer supported, hence certain features may not work properly. The minimum supported version is 8.0.0. Check the community dialects project for available legacy versions.
2025-09-12T19:01:46.674+05:30  INFO 12715 --- [SpringBootWebDemo] [restartedMain] org.hibernate.orm.connections.pooling    : HHH10001005: Database info:
	Database JDBC URL [Connecting through datasource 'HikariDataSource (HikariPool-15)']
	Database driver: undefined/unknown
	Database version: 5.7.34
	Autocommit mode: undefined/unknown
	Isolation level: undefined/unknown
	Minimum pool size: undefined/unknown
	Maximum pool size: undefined/unknown
2025-09-12T19:01:46.689+05:30  INFO 12715 --- [SpringBootWebDemo] [restartedMain] o.h.e.t.j.p.i.JtaPlatformInitiator       : HHH000489: No JTA platform available (set 'hibernate.transaction.jta.platform' to enable JTA platform integration)
2025-09-12T19:01:46.711+05:30  INFO 12715 --- [SpringBootWebDemo] [restartedMain] j.LocalContainerEntityManagerFactoryBean : Initialized JPA EntityManagerFactory for persistence unit 'default'
2025-09-12T19:01:46.725+05:30  WARN 12715 --- [SpringBootWebDemo] [restartedMain] JpaBaseConfiguration$JpaWebConfiguration : spring.jpa.open-in-view is enabled by default. Therefore, database queries may be performed during view rendering. Explicitly configure spring.jpa.open-in-view to disable this warning
2025-09-12T19:01:46.931+05:30  INFO 12715 --- [SpringBootWebDemo] [restartedMain] o.s.b.d.a.OptionalLiveReloadServer       : LiveReload server is running on port 35729
2025-09-12T19:01:46.932+05:30  INFO 12715 --- [SpringBootWebDemo] [restartedMain] o.s.b.a.e.web.EndpointLinksResolver      : Exposing 15 endpoints beneath base path '/manage'
2025-09-12T19:01:46.940+05:30  INFO 12715 --- [SpringBootWebDemo] [restartedMain] o.s.b.w.embedded.tomcat.TomcatWebServer  : Tomcat started on port 8081 (http) with context path '/'
2025-09-12T19:01:46.944+05:30  INFO 12715 --- [SpringBootWebDemo] [restartedMain] c.w.S.SpringBootWebDemoApplication       : Started SpringBootWebDemoApplication in 0.48 seconds (process running for 871.526)
2025-09-12T19:01:46.945+05:30  INFO 12715 --- [SpringBootWebDemo] [restartedMain] .ConditionEvaluationDeltaLoggingListener : Condition evaluation unchanged
2025-09-12T19:02:27.805+05:30  INFO 12715 --- [SpringBootWebDemo] [File Watcher] rtingClassPathChangeChangedEventListener : Restarting due to 1 class path change (0 additions, 0 deletions, 1 modification)
2025-09-12T19:02:27.813+05:30  INFO 12715 --- [SpringBootWebDemo] [Thread-58] o.s.b.w.e.tomcat.GracefulShutdown        : Commencing graceful shutdown. Waiting for active requests to complete
2025-09-12T19:02:27.817+05:30  INFO 12715 --- [SpringBootWebDemo] [tomcat-shutdown] o.s.b.w.e.tomcat.GracefulShutdown        : Graceful shutdown complete
2025-09-12T19:02:27.820+05:30  INFO 12715 --- [SpringBootWebDemo] [Thread-58] j.LocalContainerEntityManagerFactoryBean : Closing JPA EntityManagerFactory for persistence unit 'default'
2025-09-12T19:02:27.822+05:30  INFO 12715 --- [SpringBootWebDemo] [Thread-58] com.zaxxer.hikari.HikariDataSource       : HikariPool-15 - Shutdown initiated...
2025-09-12T19:02:27.826+05:30  INFO 12715 --- [SpringBootWebDemo] [Thread-58] com.zaxxer.hikari.HikariDataSource       : HikariPool-15 - Shutdown completed.
2025-09-12T19:02:27.917+05:30  INFO 12715 --- [SpringBootWebDemo] [restartedMain] c.w.S.SpringBootWebDemoApplication       : Starting SpringBootWebDemoApplication using Java 17.0.8 with PID 12715 (/Users/Shalini/Desktop/InfosysWS/SpringBoot/SpringBootWebDemo/target/classes started by Shalini in /Users/Shalini/Desktop/InfosysWS/SpringBoot/SpringBootWebDemo)
2025-09-12T19:02:27.917+05:30  INFO 12715 --- [SpringBootWebDemo] [restartedMain] c.w.S.SpringBootWebDemoApplication       : No active profile set, falling back to 1 default profile: "default"
2025-09-12T19:02:28.048+05:30  INFO 12715 --- [SpringBootWebDemo] [restartedMain] .s.d.r.c.RepositoryConfigurationDelegate : Bootstrapping Spring Data JPA repositories in DEFAULT mode.
2025-09-12T19:02:28.051+05:30  INFO 12715 --- [SpringBootWebDemo] [restartedMain] .s.d.r.c.RepositoryConfigurationDelegate : Finished Spring Data repository scanning in 2 ms. Found 1 JPA repository interface.
2025-09-12T19:02:28.083+05:30  INFO 12715 --- [SpringBootWebDemo] [restartedMain] o.s.b.w.embedded.tomcat.TomcatWebServer  : Tomcat initialized with port 8081 (http)
2025-09-12T19:02:28.083+05:30  INFO 12715 --- [SpringBootWebDemo] [restartedMain] o.apache.catalina.core.StandardService   : Starting service [Tomcat]
2025-09-12T19:02:28.083+05:30  INFO 12715 --- [SpringBootWebDemo] [restartedMain] o.apache.catalina.core.StandardEngine    : Starting Servlet engine: [Apache Tomcat/10.1.44]
2025-09-12T19:02:28.089+05:30  INFO 12715 --- [SpringBootWebDemo] [restartedMain] o.a.c.c.C.[Tomcat-1].[localhost].[/]     : Initializing Spring embedded WebApplicationContext
2025-09-12T19:02:28.089+05:30  INFO 12715 --- [SpringBootWebDemo] [restartedMain] w.s.c.ServletWebServerApplicationContext : Root WebApplicationContext: initialization completed in 171 ms
2025-09-12T19:02:28.110+05:30  INFO 12715 --- [SpringBootWebDemo] [restartedMain] o.hibernate.jpa.internal.util.LogHelper  : HHH000204: Processing PersistenceUnitInfo [name: default]
2025-09-12T19:02:28.111+05:30  INFO 12715 --- [SpringBootWebDemo] [restartedMain] o.h.c.internal.RegionFactoryInitiator    : HHH000026: Second-level cache disabled
2025-09-12T19:02:28.114+05:30  INFO 12715 --- [SpringBootWebDemo] [restartedMain] o.s.o.j.p.SpringPersistenceUnitInfo      : No LoadTimeWeaver setup: ignoring JPA class transformer
2025-09-12T19:02:28.115+05:30  INFO 12715 --- [SpringBootWebDemo] [restartedMain] com.zaxxer.hikari.HikariDataSource       : HikariPool-16 - Starting...
2025-09-12T19:02:28.125+05:30  INFO 12715 --- [SpringBootWebDemo] [restartedMain] com.zaxxer.hikari.pool.HikariPool        : HikariPool-16 - Added connection com.mysql.cj.jdbc.ConnectionImpl@482fa4d
2025-09-12T19:02:28.125+05:30  INFO 12715 --- [SpringBootWebDemo] [restartedMain] com.zaxxer.hikari.HikariDataSource       : HikariPool-16 - Start completed.
2025-09-12T19:02:28.126+05:30  WARN 12715 --- [SpringBootWebDemo] [restartedMain] org.hibernate.dialect.Dialect            : HHH000511: The 5.7.34 version for [org.hibernate.dialect.MySQLDialect] is no longer supported, hence certain features may not work properly. The minimum supported version is 8.0.0. Check the community dialects project for available legacy versions.
2025-09-12T19:02:28.126+05:30  INFO 12715 --- [SpringBootWebDemo] [restartedMain] org.hibernate.orm.connections.pooling    : HHH10001005: Database info:
	Database JDBC URL [Connecting through datasource 'HikariDataSource (HikariPool-16)']
	Database driver: undefined/unknown
	Database version: 5.7.34
	Autocommit mode: undefined/unknown
	Isolation level: undefined/unknown
	Minimum pool size: undefined/unknown
	Maximum pool size: undefined/unknown
2025-09-12T19:02:28.148+05:30  INFO 12715 --- [SpringBootWebDemo] [restartedMain] o.h.e.t.j.p.i.JtaPlatformInitiator       : HHH000489: No JTA platform available (set 'hibernate.transaction.jta.platform' to enable JTA platform integration)
2025-09-12T19:02:28.171+05:30  INFO 12715 --- [SpringBootWebDemo] [restartedMain] j.LocalContainerEntityManagerFactoryBean : Initialized JPA EntityManagerFactory for persistence unit 'default'
2025-09-12T19:02:28.202+05:30  WARN 12715 --- [SpringBootWebDemo] [restartedMain] JpaBaseConfiguration$JpaWebConfiguration : spring.jpa.open-in-view is enabled by default. Therefore, database queries may be performed during view rendering. Explicitly configure spring.jpa.open-in-view to disable this warning
2025-09-12T19:02:28.351+05:30  INFO 12715 --- [SpringBootWebDemo] [restartedMain] o.s.b.d.a.OptionalLiveReloadServer       : LiveReload server is running on port 35729
2025-09-12T19:02:28.352+05:30  INFO 12715 --- [SpringBootWebDemo] [restartedMain] o.s.b.a.e.web.EndpointLinksResolver      : Exposing 15 endpoints beneath base path '/manage'
2025-09-12T19:02:28.358+05:30  INFO 12715 --- [SpringBootWebDemo] [restartedMain] o.s.b.w.embedded.tomcat.TomcatWebServer  : Tomcat started on port 8081 (http) with context path '/'
2025-09-12T19:02:28.362+05:30  INFO 12715 --- [SpringBootWebDemo] [restartedMain] c.w.S.SpringBootWebDemoApplication       : Started SpringBootWebDemoApplication in 0.456 seconds (process running for 912.944)
2025-09-12T19:02:28.363+05:30  INFO 12715 --- [SpringBootWebDemo] [restartedMain] .ConditionEvaluationDeltaLoggingListener : Condition evaluation unchanged
2025-09-12T19:02:39.890+05:30  INFO 12715 --- [SpringBootWebDemo] [File Watcher] rtingClassPathChangeChangedEventListener : Restarting due to 1 class path change (0 additions, 0 deletions, 1 modification)
2025-09-12T19:02:39.895+05:30  INFO 12715 --- [SpringBootWebDemo] [Thread-62] o.s.b.w.e.tomcat.GracefulShutdown        : Commencing graceful shutdown. Waiting for active requests to complete
2025-09-12T19:02:39.898+05:30  INFO 12715 --- [SpringBootWebDemo] [tomcat-shutdown] o.s.b.w.e.tomcat.GracefulShutdown        : Graceful shutdown complete
2025-09-12T19:02:39.901+05:30  INFO 12715 --- [SpringBootWebDemo] [Thread-62] j.LocalContainerEntityManagerFactoryBean : Closing JPA EntityManagerFactory for persistence unit 'default'
2025-09-12T19:02:39.903+05:30  INFO 12715 --- [SpringBootWebDemo] [Thread-62] com.zaxxer.hikari.HikariDataSource       : HikariPool-16 - Shutdown initiated...
2025-09-12T19:02:39.906+05:30  INFO 12715 --- [SpringBootWebDemo] [Thread-62] com.zaxxer.hikari.HikariDataSource       : HikariPool-16 - Shutdown completed.
2025-09-12T19:02:39.977+05:30  INFO 12715 --- [SpringBootWebDemo] [restartedMain] c.w.S.SpringBootWebDemoApplication       : Starting SpringBootWebDemoApplication using Java 17.0.8 with PID 12715 (/Users/Shalini/Desktop/InfosysWS/SpringBoot/SpringBootWebDemo/target/classes started by Shalini in /Users/Shalini/Desktop/InfosysWS/SpringBoot/SpringBootWebDemo)
2025-09-12T19:02:39.978+05:30  INFO 12715 --- [SpringBootWebDemo] [restartedMain] c.w.S.SpringBootWebDemoApplication       : No active profile set, falling back to 1 default profile: "default"
2025-09-12T19:02:40.067+05:30  INFO 12715 --- [SpringBootWebDemo] [restartedMain] .s.d.r.c.RepositoryConfigurationDelegate : Bootstrapping Spring Data JPA repositories in DEFAULT mode.
2025-09-12T19:02:40.069+05:30  INFO 12715 --- [SpringBootWebDemo] [restartedMain] .s.d.r.c.RepositoryConfigurationDelegate : Finished Spring Data repository scanning in 2 ms. Found 1 JPA repository interface.
2025-09-12T19:02:40.094+05:30  INFO 12715 --- [SpringBootWebDemo] [restartedMain] o.s.b.w.embedded.tomcat.TomcatWebServer  : Tomcat initialized with port 8081 (http)
2025-09-12T19:02:40.095+05:30  INFO 12715 --- [SpringBootWebDemo] [restartedMain] o.apache.catalina.core.StandardService   : Starting service [Tomcat]
2025-09-12T19:02:40.095+05:30  INFO 12715 --- [SpringBootWebDemo] [restartedMain] o.apache.catalina.core.StandardEngine    : Starting Servlet engine: [Apache Tomcat/10.1.44]
2025-09-12T19:02:40.100+05:30  INFO 12715 --- [SpringBootWebDemo] [restartedMain] o.a.c.c.C.[Tomcat-1].[localhost].[/]     : Initializing Spring embedded WebApplicationContext
2025-09-12T19:02:40.100+05:30  INFO 12715 --- [SpringBootWebDemo] [restartedMain] w.s.c.ServletWebServerApplicationContext : Root WebApplicationContext: initialization completed in 122 ms
2025-09-12T19:02:40.116+05:30  INFO 12715 --- [SpringBootWebDemo] [restartedMain] o.hibernate.jpa.internal.util.LogHelper  : HHH000204: Processing PersistenceUnitInfo [name: default]
2025-09-12T19:02:40.118+05:30  INFO 12715 --- [SpringBootWebDemo] [restartedMain] o.h.c.internal.RegionFactoryInitiator    : HHH000026: Second-level cache disabled
2025-09-12T19:02:40.122+05:30  INFO 12715 --- [SpringBootWebDemo] [restartedMain] o.s.o.j.p.SpringPersistenceUnitInfo      : No LoadTimeWeaver setup: ignoring JPA class transformer
2025-09-12T19:02:40.122+05:30  INFO 12715 --- [SpringBootWebDemo] [restartedMain] com.zaxxer.hikari.HikariDataSource       : HikariPool-17 - Starting...
2025-09-12T19:02:40.131+05:30  INFO 12715 --- [SpringBootWebDemo] [restartedMain] com.zaxxer.hikari.pool.HikariPool        : HikariPool-17 - Added connection com.mysql.cj.jdbc.ConnectionImpl@7138422c
2025-09-12T19:02:40.131+05:30  INFO 12715 --- [SpringBootWebDemo] [restartedMain] com.zaxxer.hikari.HikariDataSource       : HikariPool-17 - Start completed.
2025-09-12T19:02:40.132+05:30  WARN 12715 --- [SpringBootWebDemo] [restartedMain] org.hibernate.dialect.Dialect            : HHH000511: The 5.7.34 version for [org.hibernate.dialect.MySQLDialect] is no longer supported, hence certain features may not work properly. The minimum supported version is 8.0.0. Check the community dialects project for available legacy versions.
2025-09-12T19:02:40.132+05:30  INFO 12715 --- [SpringBootWebDemo] [restartedMain] org.hibernate.orm.connections.pooling    : HHH10001005: Database info:
	Database JDBC URL [Connecting through datasource 'HikariDataSource (HikariPool-17)']
	Database driver: undefined/unknown
	Database version: 5.7.34
	Autocommit mode: undefined/unknown
	Isolation level: undefined/unknown
	Minimum pool size: undefined/unknown
	Maximum pool size: undefined/unknown
2025-09-12T19:02:40.148+05:30  INFO 12715 --- [SpringBootWebDemo] [restartedMain] o.h.e.t.j.p.i.JtaPlatformInitiator       : HHH000489: No JTA platform available (set 'hibernate.transaction.jta.platform' to enable JTA platform integration)
2025-09-12T19:02:40.168+05:30  INFO 12715 --- [SpringBootWebDemo] [restartedMain] j.LocalContainerEntityManagerFactoryBean : Initialized JPA EntityManagerFactory for persistence unit 'default'
2025-09-12T19:02:40.194+05:30  WARN 12715 --- [SpringBootWebDemo] [restartedMain] JpaBaseConfiguration$JpaWebConfiguration : spring.jpa.open-in-view is enabled by default. Therefore, database queries may be performed during view rendering. Explicitly configure spring.jpa.open-in-view to disable this warning
2025-09-12T19:02:40.341+05:30  INFO 12715 --- [SpringBootWebDemo] [restartedMain] o.s.b.d.a.OptionalLiveReloadServer       : LiveReload server is running on port 35729
2025-09-12T19:02:40.342+05:30  INFO 12715 --- [SpringBootWebDemo] [restartedMain] o.s.b.a.e.web.EndpointLinksResolver      : Exposing 15 endpoints beneath base path '/manage'
2025-09-12T19:02:40.348+05:30  INFO 12715 --- [SpringBootWebDemo] [restartedMain] o.s.b.w.embedded.tomcat.TomcatWebServer  : Tomcat started on port 8081 (http) with context path '/'
2025-09-12T19:02:40.352+05:30  INFO 12715 --- [SpringBootWebDemo] [restartedMain] c.w.S.SpringBootWebDemoApplication       : Started SpringBootWebDemoApplication in 0.383 seconds (process running for 924.934)
2025-09-12T19:02:40.353+05:30  INFO 12715 --- [SpringBootWebDemo] [restartedMain] .ConditionEvaluationDeltaLoggingListener : Condition evaluation unchanged
2025-09-12T19:04:00.659+05:30  INFO 12715 --- [SpringBootWebDemo] [File Watcher] rtingClassPathChangeChangedEventListener : Restarting due to 1 class path change (0 additions, 0 deletions, 1 modification)
2025-09-12T19:04:00.666+05:30  INFO 12715 --- [SpringBootWebDemo] [Thread-66] o.s.b.w.e.tomcat.GracefulShutdown        : Commencing graceful shutdown. Waiting for active requests to complete
2025-09-12T19:04:00.670+05:30  INFO 12715 --- [SpringBootWebDemo] [tomcat-shutdown] o.s.b.w.e.tomcat.GracefulShutdown        : Graceful shutdown complete
2025-09-12T19:04:00.672+05:30  INFO 12715 --- [SpringBootWebDemo] [Thread-66] j.LocalContainerEntityManagerFactoryBean : Closing JPA EntityManagerFactory for persistence unit 'default'
2025-09-12T19:04:00.673+05:30  INFO 12715 --- [SpringBootWebDemo] [Thread-66] com.zaxxer.hikari.HikariDataSource       : HikariPool-17 - Shutdown initiated...
2025-09-12T19:04:00.676+05:30  INFO 12715 --- [SpringBootWebDemo] [Thread-66] com.zaxxer.hikari.HikariDataSource       : HikariPool-17 - Shutdown completed.
2025-09-12T19:04:00.752+05:30  INFO 12715 --- [SpringBootWebDemo] [restartedMain] c.w.S.SpringBootWebDemoApplication       : Starting SpringBootWebDemoApplication using Java 17.0.8 with PID 12715 (/Users/Shalini/Desktop/InfosysWS/SpringBoot/SpringBootWebDemo/target/classes started by Shalini in /Users/Shalini/Desktop/InfosysWS/SpringBoot/SpringBootWebDemo)
2025-09-12T19:04:00.752+05:30  INFO 12715 --- [SpringBootWebDemo] [restartedMain] c.w.S.SpringBootWebDemoApplication       : No active profile set, falling back to 1 default profile: "default"
2025-09-12T19:04:00.841+05:30  INFO 12715 --- [SpringBootWebDemo] [restartedMain] .s.d.r.c.RepositoryConfigurationDelegate : Bootstrapping Spring Data JPA repositories in DEFAULT mode.
2025-09-12T19:04:00.844+05:30  INFO 12715 --- [SpringBootWebDemo] [restartedMain] .s.d.r.c.RepositoryConfigurationDelegate : Finished Spring Data repository scanning in 2 ms. Found 1 JPA repository interface.
2025-09-12T19:04:00.870+05:30  INFO 12715 --- [SpringBootWebDemo] [restartedMain] o.s.b.w.embedded.tomcat.TomcatWebServer  : Tomcat initialized with port 8081 (http)
2025-09-12T19:04:00.870+05:30  INFO 12715 --- [SpringBootWebDemo] [restartedMain] o.apache.catalina.core.StandardService   : Starting service [Tomcat]
2025-09-12T19:04:00.870+05:30  INFO 12715 --- [SpringBootWebDemo] [restartedMain] o.apache.catalina.core.StandardEngine    : Starting Servlet engine: [Apache Tomcat/10.1.44]
2025-09-12T19:04:00.876+05:30  INFO 12715 --- [SpringBootWebDemo] [restartedMain] o.a.c.c.C.[Tomcat-1].[localhost].[/]     : Initializing Spring embedded WebApplicationContext
2025-09-12T19:04:00.876+05:30  INFO 12715 --- [SpringBootWebDemo] [restartedMain] w.s.c.ServletWebServerApplicationContext : Root WebApplicationContext: initialization completed in 123 ms
2025-09-12T19:04:00.891+05:30  INFO 12715 --- [SpringBootWebDemo] [restartedMain] o.hibernate.jpa.internal.util.LogHelper  : HHH000204: Processing PersistenceUnitInfo [name: default]
2025-09-12T19:04:00.892+05:30  INFO 12715 --- [SpringBootWebDemo] [restartedMain] o.h.c.internal.RegionFactoryInitiator    : HHH000026: Second-level cache disabled
2025-09-12T19:04:00.899+05:30  INFO 12715 --- [SpringBootWebDemo] [restartedMain] o.s.o.j.p.SpringPersistenceUnitInfo      : No LoadTimeWeaver setup: ignoring JPA class transformer
2025-09-12T19:04:00.899+05:30  INFO 12715 --- [SpringBootWebDemo] [restartedMain] com.zaxxer.hikari.HikariDataSource       : HikariPool-18 - Starting...
2025-09-12T19:04:00.911+05:30  INFO 12715 --- [SpringBootWebDemo] [restartedMain] com.zaxxer.hikari.pool.HikariPool        : HikariPool-18 - Added connection com.mysql.cj.jdbc.ConnectionImpl@10361774
2025-09-12T19:04:00.911+05:30  INFO 12715 --- [SpringBootWebDemo] [restartedMain] com.zaxxer.hikari.HikariDataSource       : HikariPool-18 - Start completed.
2025-09-12T19:04:00.912+05:30  WARN 12715 --- [SpringBootWebDemo] [restartedMain] org.hibernate.dialect.Dialect            : HHH000511: The 5.7.34 version for [org.hibernate.dialect.MySQLDialect] is no longer supported, hence certain features may not work properly. The minimum supported version is 8.0.0. Check the community dialects project for available legacy versions.
2025-09-12T19:04:00.912+05:30  INFO 12715 --- [SpringBootWebDemo] [restartedMain] org.hibernate.orm.connections.pooling    : HHH10001005: Database info:
	Database JDBC URL [Connecting through datasource 'HikariDataSource (HikariPool-18)']
	Database driver: undefined/unknown
	Database version: 5.7.34
	Autocommit mode: undefined/unknown
	Isolation level: undefined/unknown
	Minimum pool size: undefined/unknown
	Maximum pool size: undefined/unknown
2025-09-12T19:04:00.926+05:30  INFO 12715 --- [SpringBootWebDemo] [restartedMain] o.h.e.t.j.p.i.JtaPlatformInitiator       : HHH000489: No JTA platform available (set 'hibernate.transaction.jta.platform' to enable JTA platform integration)
2025-09-12T19:04:00.940+05:30  INFO 12715 --- [SpringBootWebDemo] [restartedMain] j.LocalContainerEntityManagerFactoryBean : Initialized JPA EntityManagerFactory for persistence unit 'default'
2025-09-12T19:04:00.966+05:30  WARN 12715 --- [SpringBootWebDemo] [restartedMain] JpaBaseConfiguration$JpaWebConfiguration : spring.jpa.open-in-view is enabled by default. Therefore, database queries may be performed during view rendering. Explicitly configure spring.jpa.open-in-view to disable this warning
2025-09-12T19:04:01.108+05:30  INFO 12715 --- [SpringBootWebDemo] [restartedMain] o.s.b.d.a.OptionalLiveReloadServer       : LiveReload server is running on port 35729
2025-09-12T19:04:01.109+05:30  INFO 12715 --- [SpringBootWebDemo] [restartedMain] o.s.b.a.e.web.EndpointLinksResolver      : Exposing 15 endpoints beneath base path '/manage'
2025-09-12T19:04:01.116+05:30  INFO 12715 --- [SpringBootWebDemo] [restartedMain] o.s.b.w.embedded.tomcat.TomcatWebServer  : Tomcat started on port 8081 (http) with context path '/'
2025-09-12T19:04:01.120+05:30  INFO 12715 --- [SpringBootWebDemo] [restartedMain] c.w.S.SpringBootWebDemoApplication       : Started SpringBootWebDemoApplication in 0.377 seconds (process running for 1005.703)
2025-09-12T19:04:01.121+05:30  INFO 12715 --- [SpringBootWebDemo] [restartedMain] .ConditionEvaluationDeltaLoggingListener : Condition evaluation unchanged
2025-09-12T19:04:05.563+05:30  INFO 12715 --- [SpringBootWebDemo] [File Watcher] rtingClassPathChangeChangedEventListener : Restarting due to 1 class path change (0 additions, 0 deletions, 1 modification)
2025-09-12T19:04:05.566+05:30  INFO 12715 --- [SpringBootWebDemo] [Thread-70] o.s.b.w.e.tomcat.GracefulShutdown        : Commencing graceful shutdown. Waiting for active requests to complete
2025-09-12T19:04:05.569+05:30  INFO 12715 --- [SpringBootWebDemo] [tomcat-shutdown] o.s.b.w.e.tomcat.GracefulShutdown        : Graceful shutdown complete
2025-09-12T19:04:05.572+05:30  INFO 12715 --- [SpringBootWebDemo] [Thread-70] j.LocalContainerEntityManagerFactoryBean : Closing JPA EntityManagerFactory for persistence unit 'default'
2025-09-12T19:04:05.572+05:30  INFO 12715 --- [SpringBootWebDemo] [Thread-70] com.zaxxer.hikari.HikariDataSource       : HikariPool-18 - Shutdown initiated...
2025-09-12T19:04:05.575+05:30  INFO 12715 --- [SpringBootWebDemo] [Thread-70] com.zaxxer.hikari.HikariDataSource       : HikariPool-18 - Shutdown completed.
2025-09-12T19:04:05.647+05:30  INFO 12715 --- [SpringBootWebDemo] [restartedMain] c.w.S.SpringBootWebDemoApplication       : Starting SpringBootWebDemoApplication using Java 17.0.8 with PID 12715 (/Users/Shalini/Desktop/InfosysWS/SpringBoot/SpringBootWebDemo/target/classes started by Shalini in /Users/Shalini/Desktop/InfosysWS/SpringBoot/SpringBootWebDemo)
2025-09-12T19:04:05.647+05:30  INFO 12715 --- [SpringBootWebDemo] [restartedMain] c.w.S.SpringBootWebDemoApplication       : No active profile set, falling back to 1 default profile: "default"
2025-09-12T19:04:05.718+05:30  INFO 12715 --- [SpringBootWebDemo] [restartedMain] .s.d.r.c.RepositoryConfigurationDelegate : Bootstrapping Spring Data JPA repositories in DEFAULT mode.
2025-09-12T19:04:05.721+05:30  INFO 12715 --- [SpringBootWebDemo] [restartedMain] .s.d.r.c.RepositoryConfigurationDelegate : Finished Spring Data repository scanning in 2 ms. Found 1 JPA repository interface.
2025-09-12T19:04:05.741+05:30  INFO 12715 --- [SpringBootWebDemo] [restartedMain] o.s.b.w.embedded.tomcat.TomcatWebServer  : Tomcat initialized with port 8081 (http)
2025-09-12T19:04:05.741+05:30  INFO 12715 --- [SpringBootWebDemo] [restartedMain] o.apache.catalina.core.StandardService   : Starting service [Tomcat]
2025-09-12T19:04:05.742+05:30  INFO 12715 --- [SpringBootWebDemo] [restartedMain] o.apache.catalina.core.StandardEngine    : Starting Servlet engine: [Apache Tomcat/10.1.44]
2025-09-12T19:04:05.747+05:30  INFO 12715 --- [SpringBootWebDemo] [restartedMain] o.a.c.c.C.[Tomcat-1].[localhost].[/]     : Initializing Spring embedded WebApplicationContext
2025-09-12T19:04:05.747+05:30  INFO 12715 --- [SpringBootWebDemo] [restartedMain] w.s.c.ServletWebServerApplicationContext : Root WebApplicationContext: initialization completed in 99 ms
2025-09-12T19:04:05.760+05:30  INFO 12715 --- [SpringBootWebDemo] [restartedMain] o.hibernate.jpa.internal.util.LogHelper  : HHH000204: Processing PersistenceUnitInfo [name: default]
2025-09-12T19:04:05.761+05:30  INFO 12715 --- [SpringBootWebDemo] [restartedMain] o.h.c.internal.RegionFactoryInitiator    : HHH000026: Second-level cache disabled
2025-09-12T19:04:05.763+05:30  INFO 12715 --- [SpringBootWebDemo] [restartedMain] o.s.o.j.p.SpringPersistenceUnitInfo      : No LoadTimeWeaver setup: ignoring JPA class transformer
2025-09-12T19:04:05.763+05:30  INFO 12715 --- [SpringBootWebDemo] [restartedMain] com.zaxxer.hikari.HikariDataSource       : HikariPool-19 - Starting...
2025-09-12T19:04:05.775+05:30  INFO 12715 --- [SpringBootWebDemo] [restartedMain] com.zaxxer.hikari.pool.HikariPool        : HikariPool-19 - Added connection com.mysql.cj.jdbc.ConnectionImpl@51d66c4e
2025-09-12T19:04:05.775+05:30  INFO 12715 --- [SpringBootWebDemo] [restartedMain] com.zaxxer.hikari.HikariDataSource       : HikariPool-19 - Start completed.
2025-09-12T19:04:05.775+05:30  WARN 12715 --- [SpringBootWebDemo] [restartedMain] org.hibernate.dialect.Dialect            : HHH000511: The 5.7.34 version for [org.hibernate.dialect.MySQLDialect] is no longer supported, hence certain features may not work properly. The minimum supported version is 8.0.0. Check the community dialects project for available legacy versions.
2025-09-12T19:04:05.776+05:30  INFO 12715 --- [SpringBootWebDemo] [restartedMain] org.hibernate.orm.connections.pooling    : HHH10001005: Database info:
	Database JDBC URL [Connecting through datasource 'HikariDataSource (HikariPool-19)']
	Database driver: undefined/unknown
	Database version: 5.7.34
	Autocommit mode: undefined/unknown
	Isolation level: undefined/unknown
	Minimum pool size: undefined/unknown
	Maximum pool size: undefined/unknown
2025-09-12T19:04:05.789+05:30  INFO 12715 --- [SpringBootWebDemo] [restartedMain] o.h.e.t.j.p.i.JtaPlatformInitiator       : HHH000489: No JTA platform available (set 'hibernate.transaction.jta.platform' to enable JTA platform integration)
2025-09-12T19:04:05.803+05:30  INFO 12715 --- [SpringBootWebDemo] [restartedMain] j.LocalContainerEntityManagerFactoryBean : Initialized JPA EntityManagerFactory for persistence unit 'default'
2025-09-12T19:04:05.826+05:30  WARN 12715 --- [SpringBootWebDemo] [restartedMain] JpaBaseConfiguration$JpaWebConfiguration : spring.jpa.open-in-view is enabled by default. Therefore, database queries may be performed during view rendering. Explicitly configure spring.jpa.open-in-view to disable this warning
2025-09-12T19:04:05.955+05:30  INFO 12715 --- [SpringBootWebDemo] [restartedMain] o.s.b.d.a.OptionalLiveReloadServer       : LiveReload server is running on port 35729
2025-09-12T19:04:05.956+05:30  INFO 12715 --- [SpringBootWebDemo] [restartedMain] o.s.b.a.e.web.EndpointLinksResolver      : Exposing 15 endpoints beneath base path '/manage'
2025-09-12T19:04:05.962+05:30  INFO 12715 --- [SpringBootWebDemo] [restartedMain] o.s.b.w.embedded.tomcat.TomcatWebServer  : Tomcat started on port 8081 (http) with context path '/'
2025-09-12T19:04:05.965+05:30  INFO 12715 --- [SpringBootWebDemo] [restartedMain] c.w.S.SpringBootWebDemoApplication       : Started SpringBootWebDemoApplication in 0.327 seconds (process running for 1010.548)
2025-09-12T19:04:05.966+05:30  INFO 12715 --- [SpringBootWebDemo] [restartedMain] .ConditionEvaluationDeltaLoggingListener : Condition evaluation unchanged
2025-09-12T19:05:14.111+05:30  INFO 12715 --- [SpringBootWebDemo] [File Watcher] rtingClassPathChangeChangedEventListener : Restarting due to 1 class path change (0 additions, 0 deletions, 1 modification)
2025-09-12T19:05:14.127+05:30  INFO 12715 --- [SpringBootWebDemo] [Thread-74] o.s.b.w.e.tomcat.GracefulShutdown        : Commencing graceful shutdown. Waiting for active requests to complete
2025-09-12T19:05:14.134+05:30  INFO 12715 --- [SpringBootWebDemo] [tomcat-shutdown] o.s.b.w.e.tomcat.GracefulShutdown        : Graceful shutdown complete
2025-09-12T19:05:14.137+05:30  INFO 12715 --- [SpringBootWebDemo] [Thread-74] j.LocalContainerEntityManagerFactoryBean : Closing JPA EntityManagerFactory for persistence unit 'default'
2025-09-12T19:05:14.138+05:30  INFO 12715 --- [SpringBootWebDemo] [Thread-74] com.zaxxer.hikari.HikariDataSource       : HikariPool-19 - Shutdown initiated...
2025-09-12T19:05:14.141+05:30  INFO 12715 --- [SpringBootWebDemo] [Thread-74] com.zaxxer.hikari.HikariDataSource       : HikariPool-19 - Shutdown completed.
2025-09-12T19:05:14.255+05:30  INFO 12715 --- [SpringBootWebDemo] [restartedMain] c.w.S.SpringBootWebDemoApplication       : Starting SpringBootWebDemoApplication using Java 17.0.8 with PID 12715 (/Users/Shalini/Desktop/InfosysWS/SpringBoot/SpringBootWebDemo/target/classes started by Shalini in /Users/Shalini/Desktop/InfosysWS/SpringBoot/SpringBootWebDemo)
2025-09-12T19:05:14.255+05:30  INFO 12715 --- [SpringBootWebDemo] [restartedMain] c.w.S.SpringBootWebDemoApplication       : No active profile set, falling back to 1 default profile: "default"
2025-09-12T19:05:14.346+05:30  INFO 12715 --- [SpringBootWebDemo] [restartedMain] .s.d.r.c.RepositoryConfigurationDelegate : Bootstrapping Spring Data JPA repositories in DEFAULT mode.
2025-09-12T19:05:14.356+05:30  INFO 12715 --- [SpringBootWebDemo] [restartedMain] .s.d.r.c.RepositoryConfigurationDelegate : Finished Spring Data repository scanning in 9 ms. Found 1 JPA repository interface.
2025-09-12T19:05:14.389+05:30  INFO 12715 --- [SpringBootWebDemo] [restartedMain] o.s.b.w.embedded.tomcat.TomcatWebServer  : Tomcat initialized with port 8081 (http)
2025-09-12T19:05:14.390+05:30  INFO 12715 --- [SpringBootWebDemo] [restartedMain] o.apache.catalina.core.StandardService   : Starting service [Tomcat]
2025-09-12T19:05:14.390+05:30  INFO 12715 --- [SpringBootWebDemo] [restartedMain] o.apache.catalina.core.StandardEngine    : Starting Servlet engine: [Apache Tomcat/10.1.44]
2025-09-12T19:05:14.396+05:30  INFO 12715 --- [SpringBootWebDemo] [restartedMain] o.a.c.c.C.[Tomcat-1].[localhost].[/]     : Initializing Spring embedded WebApplicationContext
2025-09-12T19:05:14.396+05:30  INFO 12715 --- [SpringBootWebDemo] [restartedMain] w.s.c.ServletWebServerApplicationContext : Root WebApplicationContext: initialization completed in 141 ms
2025-09-12T19:05:14.412+05:30  INFO 12715 --- [SpringBootWebDemo] [restartedMain] o.hibernate.jpa.internal.util.LogHelper  : HHH000204: Processing PersistenceUnitInfo [name: default]
2025-09-12T19:05:14.412+05:30  INFO 12715 --- [SpringBootWebDemo] [restartedMain] o.h.c.internal.RegionFactoryInitiator    : HHH000026: Second-level cache disabled
2025-09-12T19:05:14.416+05:30  INFO 12715 --- [SpringBootWebDemo] [restartedMain] o.s.o.j.p.SpringPersistenceUnitInfo      : No LoadTimeWeaver setup: ignoring JPA class transformer
2025-09-12T19:05:14.416+05:30  INFO 12715 --- [SpringBootWebDemo] [restartedMain] com.zaxxer.hikari.HikariDataSource       : HikariPool-20 - Starting...
2025-09-12T19:05:14.426+05:30  INFO 12715 --- [SpringBootWebDemo] [restartedMain] com.zaxxer.hikari.pool.HikariPool        : HikariPool-20 - Added connection com.mysql.cj.jdbc.ConnectionImpl@c65f688
2025-09-12T19:05:14.426+05:30  INFO 12715 --- [SpringBootWebDemo] [restartedMain] com.zaxxer.hikari.HikariDataSource       : HikariPool-20 - Start completed.
2025-09-12T19:05:14.427+05:30  WARN 12715 --- [SpringBootWebDemo] [restartedMain] org.hibernate.dialect.Dialect            : HHH000511: The 5.7.34 version for [org.hibernate.dialect.MySQLDialect] is no longer supported, hence certain features may not work properly. The minimum supported version is 8.0.0. Check the community dialects project for available legacy versions.
2025-09-12T19:05:14.427+05:30  INFO 12715 --- [SpringBootWebDemo] [restartedMain] org.hibernate.orm.connections.pooling    : HHH10001005: Database info:
	Database JDBC URL [Connecting through datasource 'HikariDataSource (HikariPool-20)']
	Database driver: undefined/unknown
	Database version: 5.7.34
	Autocommit mode: undefined/unknown
	Isolation level: undefined/unknown
	Minimum pool size: undefined/unknown
	Maximum pool size: undefined/unknown
2025-09-12T19:05:14.442+05:30  INFO 12715 --- [SpringBootWebDemo] [restartedMain] o.h.e.t.j.p.i.JtaPlatformInitiator       : HHH000489: No JTA platform available (set 'hibernate.transaction.jta.platform' to enable JTA platform integration)
2025-09-12T19:05:14.455+05:30  INFO 12715 --- [SpringBootWebDemo] [restartedMain] j.LocalContainerEntityManagerFactoryBean : Initialized JPA EntityManagerFactory for persistence unit 'default'
2025-09-12T19:05:14.479+05:30  WARN 12715 --- [SpringBootWebDemo] [restartedMain] JpaBaseConfiguration$JpaWebConfiguration : spring.jpa.open-in-view is enabled by default. Therefore, database queries may be performed during view rendering. Explicitly configure spring.jpa.open-in-view to disable this warning
2025-09-12T19:05:14.623+05:30  INFO 12715 --- [SpringBootWebDemo] [restartedMain] o.s.b.d.a.OptionalLiveReloadServer       : LiveReload server is running on port 35729
2025-09-12T19:05:14.624+05:30  INFO 12715 --- [SpringBootWebDemo] [restartedMain] o.s.b.a.e.web.EndpointLinksResolver      : Exposing 15 endpoints beneath base path '/manage'
2025-09-12T19:05:14.630+05:30  INFO 12715 --- [SpringBootWebDemo] [restartedMain] o.s.b.w.embedded.tomcat.TomcatWebServer  : Tomcat started on port 8081 (http) with context path '/'
2025-09-12T19:05:14.634+05:30  INFO 12715 --- [SpringBootWebDemo] [restartedMain] c.w.S.SpringBootWebDemoApplication       : Started SpringBootWebDemoApplication in 0.389 seconds (process running for 1079.217)
2025-09-12T19:05:14.634+05:30  INFO 12715 --- [SpringBootWebDemo] [restartedMain] .ConditionEvaluationDeltaLoggingListener : Condition evaluation unchanged
2025-09-12T19:05:31.212+05:30  INFO 12715 --- [SpringBootWebDemo] [File Watcher] rtingClassPathChangeChangedEventListener : Restarting due to 1 class path change (0 additions, 0 deletions, 1 modification)
2025-09-12T19:05:31.222+05:30  INFO 12715 --- [SpringBootWebDemo] [Thread-78] o.s.b.w.e.tomcat.GracefulShutdown        : Commencing graceful shutdown. Waiting for active requests to complete
2025-09-12T19:05:31.228+05:30  INFO 12715 --- [SpringBootWebDemo] [tomcat-shutdown] o.s.b.w.e.tomcat.GracefulShutdown        : Graceful shutdown complete
2025-09-12T19:05:31.233+05:30  INFO 12715 --- [SpringBootWebDemo] [Thread-78] j.LocalContainerEntityManagerFactoryBean : Closing JPA EntityManagerFactory for persistence unit 'default'
2025-09-12T19:05:31.235+05:30  INFO 12715 --- [SpringBootWebDemo] [Thread-78] com.zaxxer.hikari.HikariDataSource       : HikariPool-20 - Shutdown initiated...
2025-09-12T19:05:31.240+05:30  INFO 12715 --- [SpringBootWebDemo] [Thread-78] com.zaxxer.hikari.HikariDataSource       : HikariPool-20 - Shutdown completed.
2025-09-12T19:05:31.373+05:30  INFO 12715 --- [SpringBootWebDemo] [restartedMain] c.w.S.SpringBootWebDemoApplication       : Starting SpringBootWebDemoApplication using Java 17.0.8 with PID 12715 (/Users/Shalini/Desktop/InfosysWS/SpringBoot/SpringBootWebDemo/target/classes started by Shalini in /Users/Shalini/Desktop/InfosysWS/SpringBoot/SpringBootWebDemo)
2025-09-12T19:05:31.374+05:30  INFO 12715 --- [SpringBootWebDemo] [restartedMain] c.w.S.SpringBootWebDemoApplication       : No active profile set, falling back to 1 default profile: "default"
2025-09-12T19:05:31.462+05:30  INFO 12715 --- [SpringBootWebDemo] [restartedMain] .s.d.r.c.RepositoryConfigurationDelegate : Bootstrapping Spring Data JPA repositories in DEFAULT mode.
2025-09-12T19:05:31.465+05:30  INFO 12715 --- [SpringBootWebDemo] [restartedMain] .s.d.r.c.RepositoryConfigurationDelegate : Finished Spring Data repository scanning in 2 ms. Found 1 JPA repository interface.
2025-09-12T19:05:31.488+05:30  INFO 12715 --- [SpringBootWebDemo] [restartedMain] o.s.b.w.embedded.tomcat.TomcatWebServer  : Tomcat initialized with port 8081 (http)
2025-09-12T19:05:31.488+05:30  INFO 12715 --- [SpringBootWebDemo] [restartedMain] o.apache.catalina.core.StandardService   : Starting service [Tomcat]
2025-09-12T19:05:31.488+05:30  INFO 12715 --- [SpringBootWebDemo] [restartedMain] o.apache.catalina.core.StandardEngine    : Starting Servlet engine: [Apache Tomcat/10.1.44]
2025-09-12T19:05:31.494+05:30  INFO 12715 --- [SpringBootWebDemo] [restartedMain] o.a.c.c.C.[Tomcat-1].[localhost].[/]     : Initializing Spring embedded WebApplicationContext
2025-09-12T19:05:31.494+05:30  INFO 12715 --- [SpringBootWebDemo] [restartedMain] w.s.c.ServletWebServerApplicationContext : Root WebApplicationContext: initialization completed in 120 ms
2025-09-12T19:05:31.509+05:30  INFO 12715 --- [SpringBootWebDemo] [restartedMain] o.hibernate.jpa.internal.util.LogHelper  : HHH000204: Processing PersistenceUnitInfo [name: default]
2025-09-12T19:05:31.509+05:30  INFO 12715 --- [SpringBootWebDemo] [restartedMain] o.h.c.internal.RegionFactoryInitiator    : HHH000026: Second-level cache disabled
2025-09-12T19:05:31.513+05:30  INFO 12715 --- [SpringBootWebDemo] [restartedMain] o.s.o.j.p.SpringPersistenceUnitInfo      : No LoadTimeWeaver setup: ignoring JPA class transformer
2025-09-12T19:05:31.513+05:30  INFO 12715 --- [SpringBootWebDemo] [restartedMain] com.zaxxer.hikari.HikariDataSource       : HikariPool-21 - Starting...
2025-09-12T19:05:31.523+05:30  INFO 12715 --- [SpringBootWebDemo] [restartedMain] com.zaxxer.hikari.pool.HikariPool        : HikariPool-21 - Added connection com.mysql.cj.jdbc.ConnectionImpl@1c7c135f
2025-09-12T19:05:31.523+05:30  INFO 12715 --- [SpringBootWebDemo] [restartedMain] com.zaxxer.hikari.HikariDataSource       : HikariPool-21 - Start completed.
2025-09-12T19:05:31.523+05:30  WARN 12715 --- [SpringBootWebDemo] [restartedMain] org.hibernate.dialect.Dialect            : HHH000511: The 5.7.34 version for [org.hibernate.dialect.MySQLDialect] is no longer supported, hence certain features may not work properly. The minimum supported version is 8.0.0. Check the community dialects project for available legacy versions.
2025-09-12T19:05:31.524+05:30  INFO 12715 --- [SpringBootWebDemo] [restartedMain] org.hibernate.orm.connections.pooling    : HHH10001005: Database info:
	Database JDBC URL [Connecting through datasource 'HikariDataSource (HikariPool-21)']
	Database driver: undefined/unknown
	Database version: 5.7.34
	Autocommit mode: undefined/unknown
	Isolation level: undefined/unknown
	Minimum pool size: undefined/unknown
	Maximum pool size: undefined/unknown
2025-09-12T19:05:31.541+05:30  INFO 12715 --- [SpringBootWebDemo] [restartedMain] o.h.e.t.j.p.i.JtaPlatformInitiator       : HHH000489: No JTA platform available (set 'hibernate.transaction.jta.platform' to enable JTA platform integration)
2025-09-12T19:05:31.557+05:30  INFO 12715 --- [SpringBootWebDemo] [restartedMain] j.LocalContainerEntityManagerFactoryBean : Initialized JPA EntityManagerFactory for persistence unit 'default'
2025-09-12T19:05:31.580+05:30  WARN 12715 --- [SpringBootWebDemo] [restartedMain] JpaBaseConfiguration$JpaWebConfiguration : spring.jpa.open-in-view is enabled by default. Therefore, database queries may be performed during view rendering. Explicitly configure spring.jpa.open-in-view to disable this warning
2025-09-12T19:05:31.722+05:30  INFO 12715 --- [SpringBootWebDemo] [restartedMain] o.s.b.d.a.OptionalLiveReloadServer       : LiveReload server is running on port 35729
2025-09-12T19:05:31.722+05:30  INFO 12715 --- [SpringBootWebDemo] [restartedMain] o.s.b.a.e.web.EndpointLinksResolver      : Exposing 15 endpoints beneath base path '/manage'
2025-09-12T19:05:31.729+05:30  INFO 12715 --- [SpringBootWebDemo] [restartedMain] o.s.b.w.embedded.tomcat.TomcatWebServer  : Tomcat started on port 8081 (http) with context path '/'
2025-09-12T19:05:31.733+05:30  INFO 12715 --- [SpringBootWebDemo] [restartedMain] c.w.S.SpringBootWebDemoApplication       : Started SpringBootWebDemoApplication in 0.368 seconds (process running for 1096.316)
2025-09-12T19:05:31.733+05:30  INFO 12715 --- [SpringBootWebDemo] [restartedMain] .ConditionEvaluationDeltaLoggingListener : Condition evaluation unchanged
2025-09-12T19:05:46.304+05:30  INFO 12715 --- [SpringBootWebDemo] [File Watcher] rtingClassPathChangeChangedEventListener : Restarting due to 1 class path change (0 additions, 0 deletions, 1 modification)
2025-09-12T19:05:46.312+05:30  INFO 12715 --- [SpringBootWebDemo] [Thread-82] o.s.b.w.e.tomcat.GracefulShutdown        : Commencing graceful shutdown. Waiting for active requests to complete
2025-09-12T19:05:46.317+05:30  INFO 12715 --- [SpringBootWebDemo] [tomcat-shutdown] o.s.b.w.e.tomcat.GracefulShutdown        : Graceful shutdown complete
2025-09-12T19:05:46.320+05:30  INFO 12715 --- [SpringBootWebDemo] [Thread-82] j.LocalContainerEntityManagerFactoryBean : Closing JPA EntityManagerFactory for persistence unit 'default'
2025-09-12T19:05:46.322+05:30  INFO 12715 --- [SpringBootWebDemo] [Thread-82] com.zaxxer.hikari.HikariDataSource       : HikariPool-21 - Shutdown initiated...
2025-09-12T19:05:46.327+05:30  INFO 12715 --- [SpringBootWebDemo] [Thread-82] com.zaxxer.hikari.HikariDataSource       : HikariPool-21 - Shutdown completed.
2025-09-12T19:05:46.401+05:30  INFO 12715 --- [SpringBootWebDemo] [restartedMain] c.w.S.SpringBootWebDemoApplication       : Starting SpringBootWebDemoApplication using Java 17.0.8 with PID 12715 (/Users/Shalini/Desktop/InfosysWS/SpringBoot/SpringBootWebDemo/target/classes started by Shalini in /Users/Shalini/Desktop/InfosysWS/SpringBoot/SpringBootWebDemo)
2025-09-12T19:05:46.401+05:30  INFO 12715 --- [SpringBootWebDemo] [restartedMain] c.w.S.SpringBootWebDemoApplication       : No active profile set, falling back to 1 default profile: "default"
2025-09-12T19:05:46.485+05:30  INFO 12715 --- [SpringBootWebDemo] [restartedMain] .s.d.r.c.RepositoryConfigurationDelegate : Bootstrapping Spring Data JPA repositories in DEFAULT mode.
2025-09-12T19:05:46.488+05:30  INFO 12715 --- [SpringBootWebDemo] [restartedMain] .s.d.r.c.RepositoryConfigurationDelegate : Finished Spring Data repository scanning in 2 ms. Found 1 JPA repository interface.
2025-09-12T19:05:46.511+05:30  INFO 12715 --- [SpringBootWebDemo] [restartedMain] o.s.b.w.embedded.tomcat.TomcatWebServer  : Tomcat initialized with port 8081 (http)
2025-09-12T19:05:46.512+05:30  INFO 12715 --- [SpringBootWebDemo] [restartedMain] o.apache.catalina.core.StandardService   : Starting service [Tomcat]
2025-09-12T19:05:46.512+05:30  INFO 12715 --- [SpringBootWebDemo] [restartedMain] o.apache.catalina.core.StandardEngine    : Starting Servlet engine: [Apache Tomcat/10.1.44]
2025-09-12T19:05:46.517+05:30  INFO 12715 --- [SpringBootWebDemo] [restartedMain] o.a.c.c.C.[Tomcat-1].[localhost].[/]     : Initializing Spring embedded WebApplicationContext
2025-09-12T19:05:46.517+05:30  INFO 12715 --- [SpringBootWebDemo] [restartedMain] w.s.c.ServletWebServerApplicationContext : Root WebApplicationContext: initialization completed in 116 ms
2025-09-12T19:05:46.531+05:30  INFO 12715 --- [SpringBootWebDemo] [restartedMain] o.hibernate.jpa.internal.util.LogHelper  : HHH000204: Processing PersistenceUnitInfo [name: default]
2025-09-12T19:05:46.531+05:30  INFO 12715 --- [SpringBootWebDemo] [restartedMain] o.h.c.internal.RegionFactoryInitiator    : HHH000026: Second-level cache disabled
2025-09-12T19:05:46.534+05:30  INFO 12715 --- [SpringBootWebDemo] [restartedMain] o.s.o.j.p.SpringPersistenceUnitInfo      : No LoadTimeWeaver setup: ignoring JPA class transformer
2025-09-12T19:05:46.535+05:30  INFO 12715 --- [SpringBootWebDemo] [restartedMain] com.zaxxer.hikari.HikariDataSource       : HikariPool-22 - Starting...
2025-09-12T19:05:46.545+05:30  INFO 12715 --- [SpringBootWebDemo] [restartedMain] com.zaxxer.hikari.pool.HikariPool        : HikariPool-22 - Added connection com.mysql.cj.jdbc.ConnectionImpl@3016bfc6
2025-09-12T19:05:46.545+05:30  INFO 12715 --- [SpringBootWebDemo] [restartedMain] com.zaxxer.hikari.HikariDataSource       : HikariPool-22 - Start completed.
2025-09-12T19:05:46.546+05:30  WARN 12715 --- [SpringBootWebDemo] [restartedMain] org.hibernate.dialect.Dialect            : HHH000511: The 5.7.34 version for [org.hibernate.dialect.MySQLDialect] is no longer supported, hence certain features may not work properly. The minimum supported version is 8.0.0. Check the community dialects project for available legacy versions.
2025-09-12T19:05:46.546+05:30  INFO 12715 --- [SpringBootWebDemo] [restartedMain] org.hibernate.orm.connections.pooling    : HHH10001005: Database info:
	Database JDBC URL [Connecting through datasource 'HikariDataSource (HikariPool-22)']
	Database driver: undefined/unknown
	Database version: 5.7.34
	Autocommit mode: undefined/unknown
	Isolation level: undefined/unknown
	Minimum pool size: undefined/unknown
	Maximum pool size: undefined/unknown
2025-09-12T19:05:46.559+05:30  INFO 12715 --- [SpringBootWebDemo] [restartedMain] o.h.e.t.j.p.i.JtaPlatformInitiator       : HHH000489: No JTA platform available (set 'hibernate.transaction.jta.platform' to enable JTA platform integration)
2025-09-12T19:05:46.575+05:30  INFO 12715 --- [SpringBootWebDemo] [restartedMain] j.LocalContainerEntityManagerFactoryBean : Initialized JPA EntityManagerFactory for persistence unit 'default'
2025-09-12T19:05:46.597+05:30  WARN 12715 --- [SpringBootWebDemo] [restartedMain] JpaBaseConfiguration$JpaWebConfiguration : spring.jpa.open-in-view is enabled by default. Therefore, database queries may be performed during view rendering. Explicitly configure spring.jpa.open-in-view to disable this warning
2025-09-12T19:05:46.726+05:30  INFO 12715 --- [SpringBootWebDemo] [restartedMain] o.s.b.d.a.OptionalLiveReloadServer       : LiveReload server is running on port 35729
2025-09-12T19:05:46.726+05:30  INFO 12715 --- [SpringBootWebDemo] [restartedMain] o.s.b.a.e.web.EndpointLinksResolver      : Exposing 15 endpoints beneath base path '/manage'
2025-09-12T19:05:46.732+05:30  INFO 12715 --- [SpringBootWebDemo] [restartedMain] o.s.b.w.embedded.tomcat.TomcatWebServer  : Tomcat started on port 8081 (http) with context path '/'
2025-09-12T19:05:46.736+05:30  INFO 12715 --- [SpringBootWebDemo] [restartedMain] c.w.S.SpringBootWebDemoApplication       : Started SpringBootWebDemoApplication in 0.344 seconds (process running for 1111.32)
2025-09-12T19:05:46.737+05:30  INFO 12715 --- [SpringBootWebDemo] [restartedMain] .ConditionEvaluationDeltaLoggingListener : Condition evaluation unchanged
2025-09-12T19:05:59.275+05:30  INFO 12715 --- [SpringBootWebDemo] [File Watcher] rtingClassPathChangeChangedEventListener : Restarting due to 1 class path change (0 additions, 0 deletions, 1 modification)
2025-09-12T19:05:59.284+05:30  INFO 12715 --- [SpringBootWebDemo] [Thread-86] o.s.b.w.e.tomcat.GracefulShutdown        : Commencing graceful shutdown. Waiting for active requests to complete
2025-09-12T19:05:59.288+05:30  INFO 12715 --- [SpringBootWebDemo] [tomcat-shutdown] o.s.b.w.e.tomcat.GracefulShutdown        : Graceful shutdown complete
2025-09-12T19:05:59.292+05:30  INFO 12715 --- [SpringBootWebDemo] [Thread-86] j.LocalContainerEntityManagerFactoryBean : Closing JPA EntityManagerFactory for persistence unit 'default'
2025-09-12T19:05:59.294+05:30  INFO 12715 --- [SpringBootWebDemo] [Thread-86] com.zaxxer.hikari.HikariDataSource       : HikariPool-22 - Shutdown initiated...
2025-09-12T19:05:59.298+05:30  INFO 12715 --- [SpringBootWebDemo] [Thread-86] com.zaxxer.hikari.HikariDataSource       : HikariPool-22 - Shutdown completed.
2025-09-12T19:05:59.389+05:30  INFO 12715 --- [SpringBootWebDemo] [restartedMain] c.w.S.SpringBootWebDemoApplication       : Starting SpringBootWebDemoApplication using Java 17.0.8 with PID 12715 (/Users/Shalini/Desktop/InfosysWS/SpringBoot/SpringBootWebDemo/target/classes started by Shalini in /Users/Shalini/Desktop/InfosysWS/SpringBoot/SpringBootWebDemo)
2025-09-12T19:05:59.389+05:30  INFO 12715 --- [SpringBootWebDemo] [restartedMain] c.w.S.SpringBootWebDemoApplication       : No active profile set, falling back to 1 default profile: "default"
2025-09-12T19:05:59.520+05:30  INFO 12715 --- [SpringBootWebDemo] [restartedMain] .s.d.r.c.RepositoryConfigurationDelegate : Bootstrapping Spring Data JPA repositories in DEFAULT mode.
2025-09-12T19:05:59.524+05:30  INFO 12715 --- [SpringBootWebDemo] [restartedMain] .s.d.r.c.RepositoryConfigurationDelegate : Finished Spring Data repository scanning in 3 ms. Found 1 JPA repository interface.
2025-09-12T19:05:59.550+05:30  INFO 12715 --- [SpringBootWebDemo] [restartedMain] o.s.b.w.embedded.tomcat.TomcatWebServer  : Tomcat initialized with port 8081 (http)
2025-09-12T19:05:59.550+05:30  INFO 12715 --- [SpringBootWebDemo] [restartedMain] o.apache.catalina.core.StandardService   : Starting service [Tomcat]
2025-09-12T19:05:59.550+05:30  INFO 12715 --- [SpringBootWebDemo] [restartedMain] o.apache.catalina.core.StandardEngine    : Starting Servlet engine: [Apache Tomcat/10.1.44]
2025-09-12T19:05:59.556+05:30  INFO 12715 --- [SpringBootWebDemo] [restartedMain] o.a.c.c.C.[Tomcat-1].[localhost].[/]     : Initializing Spring embedded WebApplicationContext
2025-09-12T19:05:59.556+05:30  INFO 12715 --- [SpringBootWebDemo] [restartedMain] w.s.c.ServletWebServerApplicationContext : Root WebApplicationContext: initialization completed in 167 ms
2025-09-12T19:05:59.571+05:30  INFO 12715 --- [SpringBootWebDemo] [restartedMain] o.hibernate.jpa.internal.util.LogHelper  : HHH000204: Processing PersistenceUnitInfo [name: default]
2025-09-12T19:05:59.572+05:30  INFO 12715 --- [SpringBootWebDemo] [restartedMain] o.h.c.internal.RegionFactoryInitiator    : HHH000026: Second-level cache disabled
2025-09-12T19:05:59.575+05:30  INFO 12715 --- [SpringBootWebDemo] [restartedMain] o.s.o.j.p.SpringPersistenceUnitInfo      : No LoadTimeWeaver setup: ignoring JPA class transformer
2025-09-12T19:05:59.575+05:30  INFO 12715 --- [SpringBootWebDemo] [restartedMain] com.zaxxer.hikari.HikariDataSource       : HikariPool-23 - Starting...
2025-09-12T19:05:59.586+05:30  INFO 12715 --- [SpringBootWebDemo] [restartedMain] com.zaxxer.hikari.pool.HikariPool        : HikariPool-23 - Added connection com.mysql.cj.jdbc.ConnectionImpl@240470d2
2025-09-12T19:05:59.586+05:30  INFO 12715 --- [SpringBootWebDemo] [restartedMain] com.zaxxer.hikari.HikariDataSource       : HikariPool-23 - Start completed.
2025-09-12T19:05:59.587+05:30  WARN 12715 --- [SpringBootWebDemo] [restartedMain] org.hibernate.dialect.Dialect            : HHH000511: The 5.7.34 version for [org.hibernate.dialect.MySQLDialect] is no longer supported, hence certain features may not work properly. The minimum supported version is 8.0.0. Check the community dialects project for available legacy versions.
2025-09-12T19:05:59.587+05:30  INFO 12715 --- [SpringBootWebDemo] [restartedMain] org.hibernate.orm.connections.pooling    : HHH10001005: Database info:
	Database JDBC URL [Connecting through datasource 'HikariDataSource (HikariPool-23)']
	Database driver: undefined/unknown
	Database version: 5.7.34
	Autocommit mode: undefined/unknown
	Isolation level: undefined/unknown
	Minimum pool size: undefined/unknown
	Maximum pool size: undefined/unknown
2025-09-12T19:05:59.610+05:30  INFO 12715 --- [SpringBootWebDemo] [restartedMain] o.h.e.t.j.p.i.JtaPlatformInitiator       : HHH000489: No JTA platform available (set 'hibernate.transaction.jta.platform' to enable JTA platform integration)
2025-09-12T19:05:59.637+05:30  INFO 12715 --- [SpringBootWebDemo] [restartedMain] j.LocalContainerEntityManagerFactoryBean : Initialized JPA EntityManagerFactory for persistence unit 'default'
2025-09-12T19:05:59.673+05:30  WARN 12715 --- [SpringBootWebDemo] [restartedMain] JpaBaseConfiguration$JpaWebConfiguration : spring.jpa.open-in-view is enabled by default. Therefore, database queries may be performed during view rendering. Explicitly configure spring.jpa.open-in-view to disable this warning
2025-09-12T19:05:59.853+05:30  INFO 12715 --- [SpringBootWebDemo] [restartedMain] o.s.b.d.a.OptionalLiveReloadServer       : LiveReload server is running on port 35729
2025-09-12T19:05:59.854+05:30  INFO 12715 --- [SpringBootWebDemo] [restartedMain] o.s.b.a.e.web.EndpointLinksResolver      : Exposing 15 endpoints beneath base path '/manage'
2025-09-12T19:05:59.860+05:30  INFO 12715 --- [SpringBootWebDemo] [restartedMain] o.s.b.w.embedded.tomcat.TomcatWebServer  : Tomcat started on port 8081 (http) with context path '/'
2025-09-12T19:05:59.864+05:30  INFO 12715 --- [SpringBootWebDemo] [restartedMain] c.w.S.SpringBootWebDemoApplication       : Started SpringBootWebDemoApplication in 0.484 seconds (process running for 1124.448)
2025-09-12T19:05:59.865+05:30  INFO 12715 --- [SpringBootWebDemo] [restartedMain] .ConditionEvaluationDeltaLoggingListener : Condition evaluation unchanged
2025-09-12T19:06:38.723+05:30  INFO 12715 --- [SpringBootWebDemo] [File Watcher] rtingClassPathChangeChangedEventListener : Restarting due to 1 class path change (0 additions, 0 deletions, 1 modification)
2025-09-12T19:06:38.731+05:30  INFO 12715 --- [SpringBootWebDemo] [Thread-90] o.s.b.w.e.tomcat.GracefulShutdown        : Commencing graceful shutdown. Waiting for active requests to complete
2025-09-12T19:06:38.735+05:30  INFO 12715 --- [SpringBootWebDemo] [tomcat-shutdown] o.s.b.w.e.tomcat.GracefulShutdown        : Graceful shutdown complete
2025-09-12T19:06:38.739+05:30  INFO 12715 --- [SpringBootWebDemo] [Thread-90] j.LocalContainerEntityManagerFactoryBean : Closing JPA EntityManagerFactory for persistence unit 'default'
2025-09-12T19:06:38.741+05:30  INFO 12715 --- [SpringBootWebDemo] [Thread-90] com.zaxxer.hikari.HikariDataSource       : HikariPool-23 - Shutdown initiated...
2025-09-12T19:06:38.745+05:30  INFO 12715 --- [SpringBootWebDemo] [Thread-90] com.zaxxer.hikari.HikariDataSource       : HikariPool-23 - Shutdown completed.
2025-09-12T19:06:38.868+05:30  INFO 12715 --- [SpringBootWebDemo] [restartedMain] c.w.S.SpringBootWebDemoApplication       : Starting SpringBootWebDemoApplication using Java 17.0.8 with PID 12715 (/Users/Shalini/Desktop/InfosysWS/SpringBoot/SpringBootWebDemo/target/classes started by Shalini in /Users/Shalini/Desktop/InfosysWS/SpringBoot/SpringBootWebDemo)
2025-09-12T19:06:38.868+05:30  INFO 12715 --- [SpringBootWebDemo] [restartedMain] c.w.S.SpringBootWebDemoApplication       : No active profile set, falling back to 1 default profile: "default"
2025-09-12T19:06:38.969+05:30  INFO 12715 --- [SpringBootWebDemo] [restartedMain] .s.d.r.c.RepositoryConfigurationDelegate : Bootstrapping Spring Data JPA repositories in DEFAULT mode.
2025-09-12T19:06:38.973+05:30  INFO 12715 --- [SpringBootWebDemo] [restartedMain] .s.d.r.c.RepositoryConfigurationDelegate : Finished Spring Data repository scanning in 2 ms. Found 1 JPA repository interface.
2025-09-12T19:06:38.998+05:30  INFO 12715 --- [SpringBootWebDemo] [restartedMain] o.s.b.w.embedded.tomcat.TomcatWebServer  : Tomcat initialized with port 8081 (http)
2025-09-12T19:06:38.998+05:30  INFO 12715 --- [SpringBootWebDemo] [restartedMain] o.apache.catalina.core.StandardService   : Starting service [Tomcat]
2025-09-12T19:06:38.998+05:30  INFO 12715 --- [SpringBootWebDemo] [restartedMain] o.apache.catalina.core.StandardEngine    : Starting Servlet engine: [Apache Tomcat/10.1.44]
2025-09-12T19:06:39.004+05:30  INFO 12715 --- [SpringBootWebDemo] [restartedMain] o.a.c.c.C.[Tomcat-1].[localhost].[/]     : Initializing Spring embedded WebApplicationContext
2025-09-12T19:06:39.004+05:30  INFO 12715 --- [SpringBootWebDemo] [restartedMain] w.s.c.ServletWebServerApplicationContext : Root WebApplicationContext: initialization completed in 136 ms
2025-09-12T19:06:39.019+05:30  INFO 12715 --- [SpringBootWebDemo] [restartedMain] o.hibernate.jpa.internal.util.LogHelper  : HHH000204: Processing PersistenceUnitInfo [name: default]
2025-09-12T19:06:39.019+05:30  INFO 12715 --- [SpringBootWebDemo] [restartedMain] o.h.c.internal.RegionFactoryInitiator    : HHH000026: Second-level cache disabled
2025-09-12T19:06:39.022+05:30  INFO 12715 --- [SpringBootWebDemo] [restartedMain] o.s.o.j.p.SpringPersistenceUnitInfo      : No LoadTimeWeaver setup: ignoring JPA class transformer
2025-09-12T19:06:39.023+05:30  INFO 12715 --- [SpringBootWebDemo] [restartedMain] com.zaxxer.hikari.HikariDataSource       : HikariPool-24 - Starting...
2025-09-12T19:06:39.035+05:30  INFO 12715 --- [SpringBootWebDemo] [restartedMain] com.zaxxer.hikari.pool.HikariPool        : HikariPool-24 - Added connection com.mysql.cj.jdbc.ConnectionImpl@244031d9
2025-09-12T19:06:39.035+05:30  INFO 12715 --- [SpringBootWebDemo] [restartedMain] com.zaxxer.hikari.HikariDataSource       : HikariPool-24 - Start completed.
2025-09-12T19:06:39.036+05:30  WARN 12715 --- [SpringBootWebDemo] [restartedMain] org.hibernate.dialect.Dialect            : HHH000511: The 5.7.34 version for [org.hibernate.dialect.MySQLDialect] is no longer supported, hence certain features may not work properly. The minimum supported version is 8.0.0. Check the community dialects project for available legacy versions.
2025-09-12T19:06:39.036+05:30  INFO 12715 --- [SpringBootWebDemo] [restartedMain] org.hibernate.orm.connections.pooling    : HHH10001005: Database info:
	Database JDBC URL [Connecting through datasource 'HikariDataSource (HikariPool-24)']
	Database driver: undefined/unknown
	Database version: 5.7.34
	Autocommit mode: undefined/unknown
	Isolation level: undefined/unknown
	Minimum pool size: undefined/unknown
	Maximum pool size: undefined/unknown
2025-09-12T19:06:39.051+05:30  INFO 12715 --- [SpringBootWebDemo] [restartedMain] o.h.e.t.j.p.i.JtaPlatformInitiator       : HHH000489: No JTA platform available (set 'hibernate.transaction.jta.platform' to enable JTA platform integration)
2025-09-12T19:06:39.058+05:30  INFO 12715 --- [SpringBootWebDemo] [restartedMain] j.LocalContainerEntityManagerFactoryBean : Initialized JPA EntityManagerFactory for persistence unit 'default'
2025-09-12T19:06:39.081+05:30  WARN 12715 --- [SpringBootWebDemo] [restartedMain] JpaBaseConfiguration$JpaWebConfiguration : spring.jpa.open-in-view is enabled by default. Therefore, database queries may be performed during view rendering. Explicitly configure spring.jpa.open-in-view to disable this warning
2025-09-12T19:06:39.228+05:30  INFO 12715 --- [SpringBootWebDemo] [restartedMain] o.s.b.d.a.OptionalLiveReloadServer       : LiveReload server is running on port 35729
2025-09-12T19:06:39.229+05:30  INFO 12715 --- [SpringBootWebDemo] [restartedMain] o.s.b.a.e.web.EndpointLinksResolver      : Exposing 15 endpoints beneath base path '/manage'
2025-09-12T19:06:39.235+05:30  INFO 12715 --- [SpringBootWebDemo] [restartedMain] o.s.b.w.embedded.tomcat.TomcatWebServer  : Tomcat started on port 8081 (http) with context path '/'
2025-09-12T19:06:39.239+05:30  INFO 12715 --- [SpringBootWebDemo] [restartedMain] c.w.S.SpringBootWebDemoApplication       : Started SpringBootWebDemoApplication in 0.383 seconds (process running for 1163.823)
2025-09-12T19:06:39.240+05:30  INFO 12715 --- [SpringBootWebDemo] [restartedMain] .ConditionEvaluationDeltaLoggingListener : Condition evaluation unchanged
2025-09-12T19:07:27.210+05:30  INFO 12715 --- [SpringBootWebDemo] [File Watcher] rtingClassPathChangeChangedEventListener : Restarting due to 1 class path change (0 additions, 0 deletions, 1 modification)
2025-09-12T19:07:27.233+05:30  INFO 12715 --- [SpringBootWebDemo] [Thread-94] o.s.b.w.e.tomcat.GracefulShutdown        : Commencing graceful shutdown. Waiting for active requests to complete
2025-09-12T19:07:27.236+05:30  INFO 12715 --- [SpringBootWebDemo] [tomcat-shutdown] o.s.b.w.e.tomcat.GracefulShutdown        : Graceful shutdown complete
2025-09-12T19:07:27.238+05:30  INFO 12715 --- [SpringBootWebDemo] [Thread-94] j.LocalContainerEntityManagerFactoryBean : Closing JPA EntityManagerFactory for persistence unit 'default'
2025-09-12T19:07:27.239+05:30  INFO 12715 --- [SpringBootWebDemo] [Thread-94] com.zaxxer.hikari.HikariDataSource       : HikariPool-24 - Shutdown initiated...
2025-09-12T19:07:27.242+05:30  INFO 12715 --- [SpringBootWebDemo] [Thread-94] com.zaxxer.hikari.HikariDataSource       : HikariPool-24 - Shutdown completed.
2025-09-12T19:07:27.390+05:30  INFO 12715 --- [SpringBootWebDemo] [restartedMain] c.w.S.SpringBootWebDemoApplication       : Starting SpringBootWebDemoApplication using Java 17.0.8 with PID 12715 (/Users/Shalini/Desktop/InfosysWS/SpringBoot/SpringBootWebDemo/target/classes started by Shalini in /Users/Shalini/Desktop/InfosysWS/SpringBoot/SpringBootWebDemo)
2025-09-12T19:07:27.390+05:30  INFO 12715 --- [SpringBootWebDemo] [restartedMain] c.w.S.SpringBootWebDemoApplication       : No active profile set, falling back to 1 default profile: "default"
2025-09-12T19:07:27.498+05:30  INFO 12715 --- [SpringBootWebDemo] [restartedMain] .s.d.r.c.RepositoryConfigurationDelegate : Bootstrapping Spring Data JPA repositories in DEFAULT mode.
2025-09-12T19:07:27.502+05:30  INFO 12715 --- [SpringBootWebDemo] [restartedMain] .s.d.r.c.RepositoryConfigurationDelegate : Finished Spring Data repository scanning in 3 ms. Found 1 JPA repository interface.
2025-09-12T19:07:27.528+05:30  INFO 12715 --- [SpringBootWebDemo] [restartedMain] o.s.b.w.embedded.tomcat.TomcatWebServer  : Tomcat initialized with port 8081 (http)
2025-09-12T19:07:27.528+05:30  INFO 12715 --- [SpringBootWebDemo] [restartedMain] o.apache.catalina.core.StandardService   : Starting service [Tomcat]
2025-09-12T19:07:27.528+05:30  INFO 12715 --- [SpringBootWebDemo] [restartedMain] o.apache.catalina.core.StandardEngine    : Starting Servlet engine: [Apache Tomcat/10.1.44]
2025-09-12T19:07:27.534+05:30  INFO 12715 --- [SpringBootWebDemo] [restartedMain] o.a.c.c.C.[Tomcat-1].[localhost].[/]     : Initializing Spring embedded WebApplicationContext
2025-09-12T19:07:27.534+05:30  INFO 12715 --- [SpringBootWebDemo] [restartedMain] w.s.c.ServletWebServerApplicationContext : Root WebApplicationContext: initialization completed in 143 ms
2025-09-12T19:07:27.550+05:30  INFO 12715 --- [SpringBootWebDemo] [restartedMain] o.hibernate.jpa.internal.util.LogHelper  : HHH000204: Processing PersistenceUnitInfo [name: default]
2025-09-12T19:07:27.551+05:30  INFO 12715 --- [SpringBootWebDemo] [restartedMain] o.h.c.internal.RegionFactoryInitiator    : HHH000026: Second-level cache disabled
2025-09-12T19:07:27.554+05:30  INFO 12715 --- [SpringBootWebDemo] [restartedMain] o.s.o.j.p.SpringPersistenceUnitInfo      : No LoadTimeWeaver setup: ignoring JPA class transformer
2025-09-12T19:07:27.554+05:30  INFO 12715 --- [SpringBootWebDemo] [restartedMain] com.zaxxer.hikari.HikariDataSource       : HikariPool-25 - Starting...
2025-09-12T19:07:27.565+05:30  INFO 12715 --- [SpringBootWebDemo] [restartedMain] com.zaxxer.hikari.pool.HikariPool        : HikariPool-25 - Added connection com.mysql.cj.jdbc.ConnectionImpl@63af3d80
2025-09-12T19:07:27.565+05:30  INFO 12715 --- [SpringBootWebDemo] [restartedMain] com.zaxxer.hikari.HikariDataSource       : HikariPool-25 - Start completed.
2025-09-12T19:07:27.566+05:30  WARN 12715 --- [SpringBootWebDemo] [restartedMain] org.hibernate.dialect.Dialect            : HHH000511: The 5.7.34 version for [org.hibernate.dialect.MySQLDialect] is no longer supported, hence certain features may not work properly. The minimum supported version is 8.0.0. Check the community dialects project for available legacy versions.
2025-09-12T19:07:27.566+05:30  INFO 12715 --- [SpringBootWebDemo] [restartedMain] org.hibernate.orm.connections.pooling    : HHH10001005: Database info:
	Database JDBC URL [Connecting through datasource 'HikariDataSource (HikariPool-25)']
	Database driver: undefined/unknown
	Database version: 5.7.34
	Autocommit mode: undefined/unknown
	Isolation level: undefined/unknown
	Minimum pool size: undefined/unknown
	Maximum pool size: undefined/unknown
2025-09-12T19:07:27.580+05:30  INFO 12715 --- [SpringBootWebDemo] [restartedMain] o.h.e.t.j.p.i.JtaPlatformInitiator       : HHH000489: No JTA platform available (set 'hibernate.transaction.jta.platform' to enable JTA platform integration)
2025-09-12T19:07:27.586+05:30  INFO 12715 --- [SpringBootWebDemo] [restartedMain] j.LocalContainerEntityManagerFactoryBean : Initialized JPA EntityManagerFactory for persistence unit 'default'
2025-09-12T19:07:27.610+05:30  WARN 12715 --- [SpringBootWebDemo] [restartedMain] JpaBaseConfiguration$JpaWebConfiguration : spring.jpa.open-in-view is enabled by default. Therefore, database queries may be performed during view rendering. Explicitly configure spring.jpa.open-in-view to disable this warning
2025-09-12T19:07:27.783+05:30  INFO 12715 --- [SpringBootWebDemo] [restartedMain] o.s.b.d.a.OptionalLiveReloadServer       : LiveReload server is running on port 35729
2025-09-12T19:07:27.784+05:30  INFO 12715 --- [SpringBootWebDemo] [restartedMain] o.s.b.a.e.web.EndpointLinksResolver      : Exposing 15 endpoints beneath base path '/manage'
2025-09-12T19:07:27.790+05:30  INFO 12715 --- [SpringBootWebDemo] [restartedMain] o.s.b.w.embedded.tomcat.TomcatWebServer  : Tomcat started on port 8081 (http) with context path '/'
2025-09-12T19:07:27.794+05:30  INFO 12715 --- [SpringBootWebDemo] [restartedMain] c.w.S.SpringBootWebDemoApplication       : Started SpringBootWebDemoApplication in 0.415 seconds (process running for 1212.362)
2025-09-12T19:07:27.795+05:30  INFO 12715 --- [SpringBootWebDemo] [restartedMain] .ConditionEvaluationDeltaLoggingListener : Condition evaluation unchanged
2025-09-12T19:07:29.208+05:30  INFO 12715 --- [SpringBootWebDemo] [File Watcher] rtingClassPathChangeChangedEventListener : Restarting due to 1 class path change (0 additions, 0 deletions, 1 modification)
2025-09-12T19:07:29.211+05:30  INFO 12715 --- [SpringBootWebDemo] [Thread-98] o.s.b.w.e.tomcat.GracefulShutdown        : Commencing graceful shutdown. Waiting for active requests to complete
2025-09-12T19:07:29.215+05:30  INFO 12715 --- [SpringBootWebDemo] [tomcat-shutdown] o.s.b.w.e.tomcat.GracefulShutdown        : Graceful shutdown complete
2025-09-12T19:07:29.217+05:30  INFO 12715 --- [SpringBootWebDemo] [Thread-98] j.LocalContainerEntityManagerFactoryBean : Closing JPA EntityManagerFactory for persistence unit 'default'
2025-09-12T19:07:29.218+05:30  INFO 12715 --- [SpringBootWebDemo] [Thread-98] com.zaxxer.hikari.HikariDataSource       : HikariPool-25 - Shutdown initiated...
2025-09-12T19:07:29.220+05:30  INFO 12715 --- [SpringBootWebDemo] [Thread-98] com.zaxxer.hikari.HikariDataSource       : HikariPool-25 - Shutdown completed.
2025-09-12T19:07:29.309+05:30  INFO 12715 --- [SpringBootWebDemo] [restartedMain] c.w.S.SpringBootWebDemoApplication       : Starting SpringBootWebDemoApplication using Java 17.0.8 with PID 12715 (/Users/Shalini/Desktop/InfosysWS/SpringBoot/SpringBootWebDemo/target/classes started by Shalini in /Users/Shalini/Desktop/InfosysWS/SpringBoot/SpringBootWebDemo)
2025-09-12T19:07:29.309+05:30  INFO 12715 --- [SpringBootWebDemo] [restartedMain] c.w.S.SpringBootWebDemoApplication       : No active profile set, falling back to 1 default profile: "default"
2025-09-12T19:07:29.381+05:30  INFO 12715 --- [SpringBootWebDemo] [restartedMain] .s.d.r.c.RepositoryConfigurationDelegate : Bootstrapping Spring Data JPA repositories in DEFAULT mode.
2025-09-12T19:07:29.385+05:30  INFO 12715 --- [SpringBootWebDemo] [restartedMain] .s.d.r.c.RepositoryConfigurationDelegate : Finished Spring Data repository scanning in 3 ms. Found 1 JPA repository interface.
2025-09-12T19:07:29.404+05:30  INFO 12715 --- [SpringBootWebDemo] [restartedMain] o.s.b.w.embedded.tomcat.TomcatWebServer  : Tomcat initialized with port 8081 (http)
2025-09-12T19:07:29.405+05:30  INFO 12715 --- [SpringBootWebDemo] [restartedMain] o.apache.catalina.core.StandardService   : Starting service [Tomcat]
2025-09-12T19:07:29.405+05:30  INFO 12715 --- [SpringBootWebDemo] [restartedMain] o.apache.catalina.core.StandardEngine    : Starting Servlet engine: [Apache Tomcat/10.1.44]
2025-09-12T19:07:29.410+05:30  INFO 12715 --- [SpringBootWebDemo] [restartedMain] o.a.c.c.C.[Tomcat-1].[localhost].[/]     : Initializing Spring embedded WebApplicationContext
2025-09-12T19:07:29.410+05:30  INFO 12715 --- [SpringBootWebDemo] [restartedMain] w.s.c.ServletWebServerApplicationContext : Root WebApplicationContext: initialization completed in 101 ms
2025-09-12T19:07:29.424+05:30  INFO 12715 --- [SpringBootWebDemo] [restartedMain] o.hibernate.jpa.internal.util.LogHelper  : HHH000204: Processing PersistenceUnitInfo [name: default]
2025-09-12T19:07:29.425+05:30  INFO 12715 --- [SpringBootWebDemo] [restartedMain] o.h.c.internal.RegionFactoryInitiator    : HHH000026: Second-level cache disabled
2025-09-12T19:07:29.427+05:30  INFO 12715 --- [SpringBootWebDemo] [restartedMain] o.s.o.j.p.SpringPersistenceUnitInfo      : No LoadTimeWeaver setup: ignoring JPA class transformer
2025-09-12T19:07:29.427+05:30  INFO 12715 --- [SpringBootWebDemo] [restartedMain] com.zaxxer.hikari.HikariDataSource       : HikariPool-26 - Starting...
2025-09-12T19:07:29.436+05:30  INFO 12715 --- [SpringBootWebDemo] [restartedMain] com.zaxxer.hikari.pool.HikariPool        : HikariPool-26 - Added connection com.mysql.cj.jdbc.ConnectionImpl@3fda98e5
2025-09-12T19:07:29.437+05:30  INFO 12715 --- [SpringBootWebDemo] [restartedMain] com.zaxxer.hikari.HikariDataSource       : HikariPool-26 - Start completed.
2025-09-12T19:07:29.437+05:30  WARN 12715 --- [SpringBootWebDemo] [restartedMain] org.hibernate.dialect.Dialect            : HHH000511: The 5.7.34 version for [org.hibernate.dialect.MySQLDialect] is no longer supported, hence certain features may not work properly. The minimum supported version is 8.0.0. Check the community dialects project for available legacy versions.
2025-09-12T19:07:29.437+05:30  INFO 12715 --- [SpringBootWebDemo] [restartedMain] org.hibernate.orm.connections.pooling    : HHH10001005: Database info:
	Database JDBC URL [Connecting through datasource 'HikariDataSource (HikariPool-26)']
	Database driver: undefined/unknown
	Database version: 5.7.34
	Autocommit mode: undefined/unknown
	Isolation level: undefined/unknown
	Minimum pool size: undefined/unknown
	Maximum pool size: undefined/unknown
2025-09-12T19:07:29.450+05:30  INFO 12715 --- [SpringBootWebDemo] [restartedMain] o.h.e.t.j.p.i.JtaPlatformInitiator       : HHH000489: No JTA platform available (set 'hibernate.transaction.jta.platform' to enable JTA platform integration)
2025-09-12T19:07:29.455+05:30  INFO 12715 --- [SpringBootWebDemo] [restartedMain] j.LocalContainerEntityManagerFactoryBean : Initialized JPA EntityManagerFactory for persistence unit 'default'
2025-09-12T19:07:29.477+05:30  WARN 12715 --- [SpringBootWebDemo] [restartedMain] JpaBaseConfiguration$JpaWebConfiguration : spring.jpa.open-in-view is enabled by default. Therefore, database queries may be performed during view rendering. Explicitly configure spring.jpa.open-in-view to disable this warning
2025-09-12T19:07:29.619+05:30  INFO 12715 --- [SpringBootWebDemo] [restartedMain] o.s.b.d.a.OptionalLiveReloadServer       : LiveReload server is running on port 35729
2025-09-12T19:07:29.620+05:30  INFO 12715 --- [SpringBootWebDemo] [restartedMain] o.s.b.a.e.web.EndpointLinksResolver      : Exposing 15 endpoints beneath base path '/manage'
2025-09-12T19:07:29.625+05:30  INFO 12715 --- [SpringBootWebDemo] [restartedMain] o.s.b.w.embedded.tomcat.TomcatWebServer  : Tomcat started on port 8081 (http) with context path '/'
2025-09-12T19:07:29.629+05:30  INFO 12715 --- [SpringBootWebDemo] [restartedMain] c.w.S.SpringBootWebDemoApplication       : Started SpringBootWebDemoApplication in 0.329 seconds (process running for 1214.196)
2025-09-12T19:07:29.630+05:30  INFO 12715 --- [SpringBootWebDemo] [restartedMain] .ConditionEvaluationDeltaLoggingListener : Condition evaluation unchanged
2025-09-12T19:07:50.256+05:30  INFO 12715 --- [SpringBootWebDemo] [File Watcher] rtingClassPathChangeChangedEventListener : Restarting due to 1 class path change (0 additions, 0 deletions, 1 modification)
2025-09-12T19:07:50.259+05:30  INFO 12715 --- [SpringBootWebDemo] [Thread-102] o.s.b.w.e.tomcat.GracefulShutdown        : Commencing graceful shutdown. Waiting for active requests to complete
2025-09-12T19:07:50.261+05:30  INFO 12715 --- [SpringBootWebDemo] [tomcat-shutdown] o.s.b.w.e.tomcat.GracefulShutdown        : Graceful shutdown complete
2025-09-12T19:07:50.263+05:30  INFO 12715 --- [SpringBootWebDemo] [Thread-102] j.LocalContainerEntityManagerFactoryBean : Closing JPA EntityManagerFactory for persistence unit 'default'
2025-09-12T19:07:50.264+05:30  INFO 12715 --- [SpringBootWebDemo] [Thread-102] com.zaxxer.hikari.HikariDataSource       : HikariPool-26 - Shutdown initiated...
2025-09-12T19:07:50.265+05:30  INFO 12715 --- [SpringBootWebDemo] [Thread-102] com.zaxxer.hikari.HikariDataSource       : HikariPool-26 - Shutdown completed.
2025-09-12T19:07:50.336+05:30  INFO 12715 --- [SpringBootWebDemo] [restartedMain] c.w.S.SpringBootWebDemoApplication       : Starting SpringBootWebDemoApplication using Java 17.0.8 with PID 12715 (/Users/Shalini/Desktop/InfosysWS/SpringBoot/SpringBootWebDemo/target/classes started by Shalini in /Users/Shalini/Desktop/InfosysWS/SpringBoot/SpringBootWebDemo)
2025-09-12T19:07:50.337+05:30  INFO 12715 --- [SpringBootWebDemo] [restartedMain] c.w.S.SpringBootWebDemoApplication       : No active profile set, falling back to 1 default profile: "default"
2025-09-12T19:07:50.418+05:30  INFO 12715 --- [SpringBootWebDemo] [restartedMain] .s.d.r.c.RepositoryConfigurationDelegate : Bootstrapping Spring Data JPA repositories in DEFAULT mode.
2025-09-12T19:07:50.421+05:30  INFO 12715 --- [SpringBootWebDemo] [restartedMain] .s.d.r.c.RepositoryConfigurationDelegate : Finished Spring Data repository scanning in 2 ms. Found 1 JPA repository interface.
2025-09-12T19:07:50.444+05:30  INFO 12715 --- [SpringBootWebDemo] [restartedMain] o.s.b.w.embedded.tomcat.TomcatWebServer  : Tomcat initialized with port 8081 (http)
2025-09-12T19:07:50.444+05:30  INFO 12715 --- [SpringBootWebDemo] [restartedMain] o.apache.catalina.core.StandardService   : Starting service [Tomcat]
2025-09-12T19:07:50.444+05:30  INFO 12715 --- [SpringBootWebDemo] [restartedMain] o.apache.catalina.core.StandardEngine    : Starting Servlet engine: [Apache Tomcat/10.1.44]
2025-09-12T19:07:50.450+05:30  INFO 12715 --- [SpringBootWebDemo] [restartedMain] o.a.c.c.C.[Tomcat-1].[localhost].[/]     : Initializing Spring embedded WebApplicationContext
2025-09-12T19:07:50.450+05:30  INFO 12715 --- [SpringBootWebDemo] [restartedMain] w.s.c.ServletWebServerApplicationContext : Root WebApplicationContext: initialization completed in 113 ms
2025-09-12T19:07:50.464+05:30  INFO 12715 --- [SpringBootWebDemo] [restartedMain] o.hibernate.jpa.internal.util.LogHelper  : HHH000204: Processing PersistenceUnitInfo [name: default]
2025-09-12T19:07:50.465+05:30  INFO 12715 --- [SpringBootWebDemo] [restartedMain] o.h.c.internal.RegionFactoryInitiator    : HHH000026: Second-level cache disabled
2025-09-12T19:07:50.467+05:30  INFO 12715 --- [SpringBootWebDemo] [restartedMain] o.s.o.j.p.SpringPersistenceUnitInfo      : No LoadTimeWeaver setup: ignoring JPA class transformer
2025-09-12T19:07:50.468+05:30  INFO 12715 --- [SpringBootWebDemo] [restartedMain] com.zaxxer.hikari.HikariDataSource       : HikariPool-27 - Starting...
2025-09-12T19:07:50.477+05:30  INFO 12715 --- [SpringBootWebDemo] [restartedMain] com.zaxxer.hikari.pool.HikariPool        : HikariPool-27 - Added connection com.mysql.cj.jdbc.ConnectionImpl@5444e0d9
2025-09-12T19:07:50.477+05:30  INFO 12715 --- [SpringBootWebDemo] [restartedMain] com.zaxxer.hikari.HikariDataSource       : HikariPool-27 - Start completed.
2025-09-12T19:07:50.477+05:30  WARN 12715 --- [SpringBootWebDemo] [restartedMain] org.hibernate.dialect.Dialect            : HHH000511: The 5.7.34 version for [org.hibernate.dialect.MySQLDialect] is no longer supported, hence certain features may not work properly. The minimum supported version is 8.0.0. Check the community dialects project for available legacy versions.
2025-09-12T19:07:50.478+05:30  INFO 12715 --- [SpringBootWebDemo] [restartedMain] org.hibernate.orm.connections.pooling    : HHH10001005: Database info:
	Database JDBC URL [Connecting through datasource 'HikariDataSource (HikariPool-27)']
	Database driver: undefined/unknown
	Database version: 5.7.34
	Autocommit mode: undefined/unknown
	Isolation level: undefined/unknown
	Minimum pool size: undefined/unknown
	Maximum pool size: undefined/unknown
2025-09-12T19:07:50.492+05:30  INFO 12715 --- [SpringBootWebDemo] [restartedMain] o.h.e.t.j.p.i.JtaPlatformInitiator       : HHH000489: No JTA platform available (set 'hibernate.transaction.jta.platform' to enable JTA platform integration)
2025-09-12T19:07:50.496+05:30  INFO 12715 --- [SpringBootWebDemo] [restartedMain] j.LocalContainerEntityManagerFactoryBean : Initialized JPA EntityManagerFactory for persistence unit 'default'
2025-09-12T19:07:50.520+05:30  WARN 12715 --- [SpringBootWebDemo] [restartedMain] JpaBaseConfiguration$JpaWebConfiguration : spring.jpa.open-in-view is enabled by default. Therefore, database queries may be performed during view rendering. Explicitly configure spring.jpa.open-in-view to disable this warning
2025-09-12T19:07:50.652+05:30  INFO 12715 --- [SpringBootWebDemo] [restartedMain] o.s.b.d.a.OptionalLiveReloadServer       : LiveReload server is running on port 35729
2025-09-12T19:07:50.652+05:30  INFO 12715 --- [SpringBootWebDemo] [restartedMain] o.s.b.a.e.web.EndpointLinksResolver      : Exposing 15 endpoints beneath base path '/manage'
2025-09-12T19:07:50.659+05:30  INFO 12715 --- [SpringBootWebDemo] [restartedMain] o.s.b.w.embedded.tomcat.TomcatWebServer  : Tomcat started on port 8081 (http) with context path '/'
2025-09-12T19:07:50.665+05:30  INFO 12715 --- [SpringBootWebDemo] [restartedMain] c.w.S.SpringBootWebDemoApplication       : Started SpringBootWebDemoApplication in 0.336 seconds (process running for 1235.227)
2025-09-12T19:07:50.666+05:30  INFO 12715 --- [SpringBootWebDemo] [restartedMain] .ConditionEvaluationDeltaLoggingListener : Condition evaluation unchanged
2025-09-12T19:07:57.128+05:30  INFO 12715 --- [SpringBootWebDemo] [File Watcher] rtingClassPathChangeChangedEventListener : Restarting due to 1 class path change (0 additions, 0 deletions, 1 modification)
2025-09-12T19:07:57.132+05:30  INFO 12715 --- [SpringBootWebDemo] [Thread-106] o.s.b.w.e.tomcat.GracefulShutdown        : Commencing graceful shutdown. Waiting for active requests to complete
2025-09-12T19:07:57.135+05:30  INFO 12715 --- [SpringBootWebDemo] [tomcat-shutdown] o.s.b.w.e.tomcat.GracefulShutdown        : Graceful shutdown complete
2025-09-12T19:07:57.138+05:30  INFO 12715 --- [SpringBootWebDemo] [Thread-106] j.LocalContainerEntityManagerFactoryBean : Closing JPA EntityManagerFactory for persistence unit 'default'
2025-09-12T19:07:57.138+05:30  INFO 12715 --- [SpringBootWebDemo] [Thread-106] com.zaxxer.hikari.HikariDataSource       : HikariPool-27 - Shutdown initiated...
2025-09-12T19:07:57.141+05:30  INFO 12715 --- [SpringBootWebDemo] [Thread-106] com.zaxxer.hikari.HikariDataSource       : HikariPool-27 - Shutdown completed.
2025-09-12T19:07:57.223+05:30  INFO 12715 --- [SpringBootWebDemo] [restartedMain] c.w.S.SpringBootWebDemoApplication       : Starting SpringBootWebDemoApplication using Java 17.0.8 with PID 12715 (/Users/Shalini/Desktop/InfosysWS/SpringBoot/SpringBootWebDemo/target/classes started by Shalini in /Users/Shalini/Desktop/InfosysWS/SpringBoot/SpringBootWebDemo)
2025-09-12T19:07:57.223+05:30  INFO 12715 --- [SpringBootWebDemo] [restartedMain] c.w.S.SpringBootWebDemoApplication       : No active profile set, falling back to 1 default profile: "default"
2025-09-12T19:07:57.309+05:30  INFO 12715 --- [SpringBootWebDemo] [restartedMain] .s.d.r.c.RepositoryConfigurationDelegate : Bootstrapping Spring Data JPA repositories in DEFAULT mode.
2025-09-12T19:07:57.312+05:30  INFO 12715 --- [SpringBootWebDemo] [restartedMain] .s.d.r.c.RepositoryConfigurationDelegate : Finished Spring Data repository scanning in 2 ms. Found 1 JPA repository interface.
2025-09-12T19:07:57.334+05:30  INFO 12715 --- [SpringBootWebDemo] [restartedMain] o.s.b.w.embedded.tomcat.TomcatWebServer  : Tomcat initialized with port 8081 (http)
2025-09-12T19:07:57.335+05:30  INFO 12715 --- [SpringBootWebDemo] [restartedMain] o.apache.catalina.core.StandardService   : Starting service [Tomcat]
2025-09-12T19:07:57.335+05:30  INFO 12715 --- [SpringBootWebDemo] [restartedMain] o.apache.catalina.core.StandardEngine    : Starting Servlet engine: [Apache Tomcat/10.1.44]
2025-09-12T19:07:57.340+05:30  INFO 12715 --- [SpringBootWebDemo] [restartedMain] o.a.c.c.C.[Tomcat-1].[localhost].[/]     : Initializing Spring embedded WebApplicationContext
2025-09-12T19:07:57.340+05:30  INFO 12715 --- [SpringBootWebDemo] [restartedMain] w.s.c.ServletWebServerApplicationContext : Root WebApplicationContext: initialization completed in 116 ms
2025-09-12T19:07:57.355+05:30  INFO 12715 --- [SpringBootWebDemo] [restartedMain] o.hibernate.jpa.internal.util.LogHelper  : HHH000204: Processing PersistenceUnitInfo [name: default]
2025-09-12T19:07:57.355+05:30  INFO 12715 --- [SpringBootWebDemo] [restartedMain] o.h.c.internal.RegionFactoryInitiator    : HHH000026: Second-level cache disabled
2025-09-12T19:07:57.359+05:30  INFO 12715 --- [SpringBootWebDemo] [restartedMain] o.s.o.j.p.SpringPersistenceUnitInfo      : No LoadTimeWeaver setup: ignoring JPA class transformer
2025-09-12T19:07:57.359+05:30  INFO 12715 --- [SpringBootWebDemo] [restartedMain] com.zaxxer.hikari.HikariDataSource       : HikariPool-28 - Starting...
2025-09-12T19:07:57.367+05:30  INFO 12715 --- [SpringBootWebDemo] [restartedMain] com.zaxxer.hikari.pool.HikariPool        : HikariPool-28 - Added connection com.mysql.cj.jdbc.ConnectionImpl@2ac0d066
2025-09-12T19:07:57.367+05:30  INFO 12715 --- [SpringBootWebDemo] [restartedMain] com.zaxxer.hikari.HikariDataSource       : HikariPool-28 - Start completed.
2025-09-12T19:07:57.368+05:30  WARN 12715 --- [SpringBootWebDemo] [restartedMain] org.hibernate.dialect.Dialect            : HHH000511: The 5.7.34 version for [org.hibernate.dialect.MySQLDialect] is no longer supported, hence certain features may not work properly. The minimum supported version is 8.0.0. Check the community dialects project for available legacy versions.
2025-09-12T19:07:57.368+05:30  INFO 12715 --- [SpringBootWebDemo] [restartedMain] org.hibernate.orm.connections.pooling    : HHH10001005: Database info:
	Database JDBC URL [Connecting through datasource 'HikariDataSource (HikariPool-28)']
	Database driver: undefined/unknown
	Database version: 5.7.34
	Autocommit mode: undefined/unknown
	Isolation level: undefined/unknown
	Minimum pool size: undefined/unknown
	Maximum pool size: undefined/unknown
2025-09-12T19:07:57.381+05:30  INFO 12715 --- [SpringBootWebDemo] [restartedMain] o.h.e.t.j.p.i.JtaPlatformInitiator       : HHH000489: No JTA platform available (set 'hibernate.transaction.jta.platform' to enable JTA platform integration)
2025-09-12T19:07:57.388+05:30  INFO 12715 --- [SpringBootWebDemo] [restartedMain] j.LocalContainerEntityManagerFactoryBean : Initialized JPA EntityManagerFactory for persistence unit 'default'
2025-09-12T19:07:57.412+05:30  WARN 12715 --- [SpringBootWebDemo] [restartedMain] JpaBaseConfiguration$JpaWebConfiguration : spring.jpa.open-in-view is enabled by default. Therefore, database queries may be performed during view rendering. Explicitly configure spring.jpa.open-in-view to disable this warning
2025-09-12T19:07:57.537+05:30  INFO 12715 --- [SpringBootWebDemo] [restartedMain] o.s.b.d.a.OptionalLiveReloadServer       : LiveReload server is running on port 35729
2025-09-12T19:07:57.538+05:30  INFO 12715 --- [SpringBootWebDemo] [restartedMain] o.s.b.a.e.web.EndpointLinksResolver      : Exposing 15 endpoints beneath base path '/manage'
2025-09-12T19:07:57.546+05:30  INFO 12715 --- [SpringBootWebDemo] [restartedMain] o.s.b.w.embedded.tomcat.TomcatWebServer  : Tomcat started on port 8081 (http) with context path '/'
2025-09-12T19:07:57.551+05:30  INFO 12715 --- [SpringBootWebDemo] [restartedMain] c.w.S.SpringBootWebDemoApplication       : Started SpringBootWebDemoApplication in 0.336 seconds (process running for 1242.112)
2025-09-12T19:07:57.551+05:30  INFO 12715 --- [SpringBootWebDemo] [restartedMain] .ConditionEvaluationDeltaLoggingListener : Condition evaluation unchanged
2025-09-12T19:08:30.163+05:30  INFO 12715 --- [SpringBootWebDemo] [http-nio-8081-exec-2] o.a.c.c.C.[Tomcat-1].[localhost].[/]     : Initializing Spring DispatcherServlet 'dispatcherServlet'
2025-09-12T19:08:30.164+05:30  INFO 12715 --- [SpringBootWebDemo] [http-nio-8081-exec-2] o.s.web.servlet.DispatcherServlet        : Initializing Servlet 'dispatcherServlet'
2025-09-12T19:08:30.166+05:30  INFO 12715 --- [SpringBootWebDemo] [http-nio-8081-exec-2] o.s.web.servlet.DispatcherServlet        : Completed initialization in 2 ms
2025-09-12T19:08:30.524+05:30  INFO 12715 --- [SpringBootWebDemo] [http-nio-8081-exec-4] o.springdoc.api.AbstractOpenApiResource  : Init duration for springdoc-openapi is: 131 ms
2025-09-12T19:08:38.069+05:30  INFO 12715 --- [SpringBootWebDemo] [http-nio-8081-exec-5] w.S.r.BookRestControllerExceptionHandler : Fetching Books 
2025-09-12T19:09:05.198+05:30  INFO 12715 --- [SpringBootWebDemo] [http-nio-8081-exec-9] w.S.r.BookRestControllerExceptionHandler : Fetching Books 
2025-09-12T19:09:05.323+05:30  WARN 12715 --- [SpringBootWebDemo] [http-nio-8081-exec-10] .m.m.a.ExceptionHandlerExceptionResolver : Resolved [org.springframework.web.servlet.resource.NoResourceFoundException: No static resource favicon.ico.]
2025-09-12T19:11:46.990+05:30  WARN 12715 --- [SpringBootWebDemo] [http-nio-8081-exec-6] .m.m.a.ExceptionHandlerExceptionResolver : Resolved [jakarta.persistence.EntityNotFoundException: 12 not found]
2025-09-12T19:12:06.032+05:30  WARN 12715 --- [SpringBootWebDemo] [http-nio-8081-exec-7] .m.m.a.ExceptionHandlerExceptionResolver : Resolved [jakarta.persistence.EntityExistsException: Book with id 2 already exists]
2025-09-12T19:12:20.976+05:30  WARN 12715 --- [SpringBootWebDemo] [http-nio-8081-exec-8] .m.m.a.ExceptionHandlerExceptionResolver : Resolved [jakarta.persistence.EntityNotFoundException: cannot update 20 does not exist]
2025-09-12T19:12:34.526+05:30  WARN 12715 --- [SpringBootWebDemo] [http-nio-8081-exec-9] .m.m.a.ExceptionHandlerExceptionResolver : Resolved [jakarta.persistence.EntityNotFoundException: cannot delete 23 does not exist]
2025-09-12T19:25:30.003+05:30  INFO 12715 --- [SpringBootWebDemo] [File Watcher] rtingClassPathChangeChangedEventListener : Restarting due to 1 class path change (0 additions, 0 deletions, 1 modification)
2025-09-12T19:25:30.012+05:30  INFO 12715 --- [SpringBootWebDemo] [Thread-110] o.s.b.w.e.tomcat.GracefulShutdown        : Commencing graceful shutdown. Waiting for active requests to complete
2025-09-12T19:25:30.016+05:30  INFO 12715 --- [SpringBootWebDemo] [tomcat-shutdown] o.s.b.w.e.tomcat.GracefulShutdown        : Graceful shutdown complete
2025-09-12T19:25:30.023+05:30  INFO 12715 --- [SpringBootWebDemo] [Thread-110] j.LocalContainerEntityManagerFactoryBean : Closing JPA EntityManagerFactory for persistence unit 'default'
2025-09-12T19:25:30.026+05:30  INFO 12715 --- [SpringBootWebDemo] [Thread-110] com.zaxxer.hikari.HikariDataSource       : HikariPool-28 - Shutdown initiated...
2025-09-12T19:25:30.028+05:30  INFO 12715 --- [SpringBootWebDemo] [Thread-110] com.zaxxer.hikari.HikariDataSource       : HikariPool-28 - Shutdown completed.
2025-09-12T19:25:30.172+05:30  INFO 12715 --- [SpringBootWebDemo] [restartedMain] c.w.S.SpringBootWebDemoApplication       : Starting SpringBootWebDemoApplication using Java 17.0.8 with PID 12715 (/Users/Shalini/Desktop/InfosysWS/SpringBoot/SpringBootWebDemo/target/classes started by Shalini in /Users/Shalini/Desktop/InfosysWS/SpringBoot/SpringBootWebDemo)
2025-09-12T19:25:30.172+05:30  INFO 12715 --- [SpringBootWebDemo] [restartedMain] c.w.S.SpringBootWebDemoApplication       : No active profile set, falling back to 1 default profile: "default"
2025-09-12T19:25:30.290+05:30  INFO 12715 --- [SpringBootWebDemo] [restartedMain] .s.d.r.c.RepositoryConfigurationDelegate : Bootstrapping Spring Data JPA repositories in DEFAULT mode.
2025-09-12T19:25:30.294+05:30  INFO 12715 --- [SpringBootWebDemo] [restartedMain] .s.d.r.c.RepositoryConfigurationDelegate : Finished Spring Data repository scanning in 3 ms. Found 1 JPA repository interface.
2025-09-12T19:25:30.331+05:30  INFO 12715 --- [SpringBootWebDemo] [restartedMain] o.s.b.w.embedded.tomcat.TomcatWebServer  : Tomcat initialized with port 8081 (http)
2025-09-12T19:25:30.332+05:30  INFO 12715 --- [SpringBootWebDemo] [restartedMain] o.apache.catalina.core.StandardService   : Starting service [Tomcat]
2025-09-12T19:25:30.332+05:30  INFO 12715 --- [SpringBootWebDemo] [restartedMain] o.apache.catalina.core.StandardEngine    : Starting Servlet engine: [Apache Tomcat/10.1.44]
2025-09-12T19:25:30.339+05:30  INFO 12715 --- [SpringBootWebDemo] [restartedMain] o.a.c.c.C.[Tomcat-1].[localhost].[/]     : Initializing Spring embedded WebApplicationContext
2025-09-12T19:25:30.339+05:30  INFO 12715 --- [SpringBootWebDemo] [restartedMain] w.s.c.ServletWebServerApplicationContext : Root WebApplicationContext: initialization completed in 166 ms
2025-09-12T19:25:30.361+05:30  INFO 12715 --- [SpringBootWebDemo] [restartedMain] o.hibernate.jpa.internal.util.LogHelper  : HHH000204: Processing PersistenceUnitInfo [name: default]
2025-09-12T19:25:30.362+05:30  INFO 12715 --- [SpringBootWebDemo] [restartedMain] o.h.c.internal.RegionFactoryInitiator    : HHH000026: Second-level cache disabled
2025-09-12T19:25:30.367+05:30  INFO 12715 --- [SpringBootWebDemo] [restartedMain] o.s.o.j.p.SpringPersistenceUnitInfo      : No LoadTimeWeaver setup: ignoring JPA class transformer
2025-09-12T19:25:30.368+05:30  INFO 12715 --- [SpringBootWebDemo] [restartedMain] com.zaxxer.hikari.HikariDataSource       : HikariPool-29 - Starting...
2025-09-12T19:25:30.395+05:30  INFO 12715 --- [SpringBootWebDemo] [restartedMain] com.zaxxer.hikari.pool.HikariPool        : HikariPool-29 - Added connection com.mysql.cj.jdbc.ConnectionImpl@74c045a2
2025-09-12T19:25:30.396+05:30  INFO 12715 --- [SpringBootWebDemo] [restartedMain] com.zaxxer.hikari.HikariDataSource       : HikariPool-29 - Start completed.
2025-09-12T19:25:30.397+05:30  WARN 12715 --- [SpringBootWebDemo] [restartedMain] org.hibernate.dialect.Dialect            : HHH000511: The 5.7.34 version for [org.hibernate.dialect.MySQLDialect] is no longer supported, hence certain features may not work properly. The minimum supported version is 8.0.0. Check the community dialects project for available legacy versions.
2025-09-12T19:25:30.397+05:30  INFO 12715 --- [SpringBootWebDemo] [restartedMain] org.hibernate.orm.connections.pooling    : HHH10001005: Database info:
	Database JDBC URL [Connecting through datasource 'HikariDataSource (HikariPool-29)']
	Database driver: undefined/unknown
	Database version: 5.7.34
	Autocommit mode: undefined/unknown
	Isolation level: undefined/unknown
	Minimum pool size: undefined/unknown
	Maximum pool size: undefined/unknown
2025-09-12T19:25:30.412+05:30  INFO 12715 --- [SpringBootWebDemo] [restartedMain] o.h.e.t.j.p.i.JtaPlatformInitiator       : HHH000489: No JTA platform available (set 'hibernate.transaction.jta.platform' to enable JTA platform integration)
2025-09-12T19:25:30.428+05:30  INFO 12715 --- [SpringBootWebDemo] [restartedMain] j.LocalContainerEntityManagerFactoryBean : Initialized JPA EntityManagerFactory for persistence unit 'default'
2025-09-12T19:25:30.488+05:30  WARN 12715 --- [SpringBootWebDemo] [restartedMain] JpaBaseConfiguration$JpaWebConfiguration : spring.jpa.open-in-view is enabled by default. Therefore, database queries may be performed during view rendering. Explicitly configure spring.jpa.open-in-view to disable this warning
2025-09-12T19:25:30.727+05:30  INFO 12715 --- [SpringBootWebDemo] [restartedMain] o.s.b.d.a.OptionalLiveReloadServer       : LiveReload server is running on port 35729
2025-09-12T19:25:30.729+05:30  INFO 12715 --- [SpringBootWebDemo] [restartedMain] o.s.b.a.e.web.EndpointLinksResolver      : Exposing 15 endpoints beneath base path '/manage'
2025-09-12T19:25:30.742+05:30  INFO 12715 --- [SpringBootWebDemo] [restartedMain] o.s.b.w.embedded.tomcat.TomcatWebServer  : Tomcat started on port 8081 (http) with context path '/'
2025-09-12T19:25:30.754+05:30  INFO 12715 --- [SpringBootWebDemo] [restartedMain] c.w.S.SpringBootWebDemoApplication       : Started SpringBootWebDemoApplication in 0.594 seconds (process running for 2295.299)
2025-09-12T19:25:30.755+05:30  INFO 12715 --- [SpringBootWebDemo] [restartedMain] .ConditionEvaluationDeltaLoggingListener : Condition evaluation unchanged
2025-09-12T19:25:59.463+05:30  INFO 12715 --- [SpringBootWebDemo] [File Watcher] rtingClassPathChangeChangedEventListener : Restarting due to 1 class path change (0 additions, 0 deletions, 1 modification)
2025-09-12T19:25:59.472+05:30  INFO 12715 --- [SpringBootWebDemo] [Thread-114] o.s.b.w.e.tomcat.GracefulShutdown        : Commencing graceful shutdown. Waiting for active requests to complete
2025-09-12T19:25:59.477+05:30  INFO 12715 --- [SpringBootWebDemo] [tomcat-shutdown] o.s.b.w.e.tomcat.GracefulShutdown        : Graceful shutdown complete
2025-09-12T19:25:59.481+05:30  INFO 12715 --- [SpringBootWebDemo] [Thread-114] j.LocalContainerEntityManagerFactoryBean : Closing JPA EntityManagerFactory for persistence unit 'default'
2025-09-12T19:25:59.483+05:30  INFO 12715 --- [SpringBootWebDemo] [Thread-114] com.zaxxer.hikari.HikariDataSource       : HikariPool-29 - Shutdown initiated...
2025-09-12T19:25:59.487+05:30  INFO 12715 --- [SpringBootWebDemo] [Thread-114] com.zaxxer.hikari.HikariDataSource       : HikariPool-29 - Shutdown completed.
2025-09-12T19:25:59.594+05:30  INFO 12715 --- [SpringBootWebDemo] [restartedMain] c.w.S.SpringBootWebDemoApplication       : Starting SpringBootWebDemoApplication using Java 17.0.8 with PID 12715 (/Users/Shalini/Desktop/InfosysWS/SpringBoot/SpringBootWebDemo/target/classes started by Shalini in /Users/Shalini/Desktop/InfosysWS/SpringBoot/SpringBootWebDemo)
2025-09-12T19:25:59.594+05:30  INFO 12715 --- [SpringBootWebDemo] [restartedMain] c.w.S.SpringBootWebDemoApplication       : No active profile set, falling back to 1 default profile: "default"
2025-09-12T19:25:59.677+05:30  INFO 12715 --- [SpringBootWebDemo] [restartedMain] .s.d.r.c.RepositoryConfigurationDelegate : Bootstrapping Spring Data JPA repositories in DEFAULT mode.
2025-09-12T19:25:59.680+05:30  INFO 12715 --- [SpringBootWebDemo] [restartedMain] .s.d.r.c.RepositoryConfigurationDelegate : Finished Spring Data repository scanning in 2 ms. Found 1 JPA repository interface.
2025-09-12T19:25:59.705+05:30  INFO 12715 --- [SpringBootWebDemo] [restartedMain] o.s.b.w.embedded.tomcat.TomcatWebServer  : Tomcat initialized with port 8081 (http)
2025-09-12T19:25:59.705+05:30  INFO 12715 --- [SpringBootWebDemo] [restartedMain] o.apache.catalina.core.StandardService   : Starting service [Tomcat]
2025-09-12T19:25:59.705+05:30  INFO 12715 --- [SpringBootWebDemo] [restartedMain] o.apache.catalina.core.StandardEngine    : Starting Servlet engine: [Apache Tomcat/10.1.44]
2025-09-12T19:25:59.711+05:30  INFO 12715 --- [SpringBootWebDemo] [restartedMain] o.a.c.c.C.[Tomcat-1].[localhost].[/]     : Initializing Spring embedded WebApplicationContext
2025-09-12T19:25:59.711+05:30  INFO 12715 --- [SpringBootWebDemo] [restartedMain] w.s.c.ServletWebServerApplicationContext : Root WebApplicationContext: initialization completed in 117 ms
2025-09-12T19:25:59.727+05:30  INFO 12715 --- [SpringBootWebDemo] [restartedMain] o.hibernate.jpa.internal.util.LogHelper  : HHH000204: Processing PersistenceUnitInfo [name: default]
2025-09-12T19:25:59.728+05:30  INFO 12715 --- [SpringBootWebDemo] [restartedMain] o.h.c.internal.RegionFactoryInitiator    : HHH000026: Second-level cache disabled
2025-09-12T19:25:59.731+05:30  INFO 12715 --- [SpringBootWebDemo] [restartedMain] o.s.o.j.p.SpringPersistenceUnitInfo      : No LoadTimeWeaver setup: ignoring JPA class transformer
2025-09-12T19:25:59.731+05:30  INFO 12715 --- [SpringBootWebDemo] [restartedMain] com.zaxxer.hikari.HikariDataSource       : HikariPool-30 - Starting...
2025-09-12T19:25:59.740+05:30  INFO 12715 --- [SpringBootWebDemo] [restartedMain] com.zaxxer.hikari.pool.HikariPool        : HikariPool-30 - Added connection com.mysql.cj.jdbc.ConnectionImpl@6b7f00d1
2025-09-12T19:25:59.740+05:30  INFO 12715 --- [SpringBootWebDemo] [restartedMain] com.zaxxer.hikari.HikariDataSource       : HikariPool-30 - Start completed.
2025-09-12T19:25:59.741+05:30  WARN 12715 --- [SpringBootWebDemo] [restartedMain] org.hibernate.dialect.Dialect            : HHH000511: The 5.7.34 version for [org.hibernate.dialect.MySQLDialect] is no longer supported, hence certain features may not work properly. The minimum supported version is 8.0.0. Check the community dialects project for available legacy versions.
2025-09-12T19:25:59.741+05:30  INFO 12715 --- [SpringBootWebDemo] [restartedMain] org.hibernate.orm.connections.pooling    : HHH10001005: Database info:
	Database JDBC URL [Connecting through datasource 'HikariDataSource (HikariPool-30)']
	Database driver: undefined/unknown
	Database version: 5.7.34
	Autocommit mode: undefined/unknown
	Isolation level: undefined/unknown
	Minimum pool size: undefined/unknown
	Maximum pool size: undefined/unknown
2025-09-12T19:25:59.754+05:30  INFO 12715 --- [SpringBootWebDemo] [restartedMain] o.h.e.t.j.p.i.JtaPlatformInitiator       : HHH000489: No JTA platform available (set 'hibernate.transaction.jta.platform' to enable JTA platform integration)
2025-09-12T19:25:59.760+05:30  INFO 12715 --- [SpringBootWebDemo] [restartedMain] j.LocalContainerEntityManagerFactoryBean : Initialized JPA EntityManagerFactory for persistence unit 'default'
2025-09-12T19:25:59.785+05:30  WARN 12715 --- [SpringBootWebDemo] [restartedMain] JpaBaseConfiguration$JpaWebConfiguration : spring.jpa.open-in-view is enabled by default. Therefore, database queries may be performed during view rendering. Explicitly configure spring.jpa.open-in-view to disable this warning
2025-09-12T19:25:59.894+05:30  INFO 12715 --- [SpringBootWebDemo] [restartedMain] o.s.b.d.a.OptionalLiveReloadServer       : LiveReload server is running on port 35729
2025-09-12T19:25:59.894+05:30  INFO 12715 --- [SpringBootWebDemo] [restartedMain] o.s.b.a.e.web.EndpointLinksResolver      : Exposing 15 endpoints beneath base path '/manage'
2025-09-12T19:25:59.901+05:30  INFO 12715 --- [SpringBootWebDemo] [restartedMain] o.s.b.w.embedded.tomcat.TomcatWebServer  : Tomcat started on port 8081 (http) with context path '/'
2025-09-12T19:25:59.905+05:30  INFO 12715 --- [SpringBootWebDemo] [restartedMain] c.w.S.SpringBootWebDemoApplication       : Started SpringBootWebDemoApplication in 0.32 seconds (process running for 2324.449)
2025-09-12T19:25:59.905+05:30  INFO 12715 --- [SpringBootWebDemo] [restartedMain] .ConditionEvaluationDeltaLoggingListener : Condition evaluation unchanged
2025-09-12T19:27:00.960+05:30  INFO 12715 --- [SpringBootWebDemo] [File Watcher] rtingClassPathChangeChangedEventListener : Restarting due to 1 class path change (0 additions, 0 deletions, 1 modification)
2025-09-12T19:27:00.966+05:30  INFO 12715 --- [SpringBootWebDemo] [Thread-118] o.s.b.w.e.tomcat.GracefulShutdown        : Commencing graceful shutdown. Waiting for active requests to complete
2025-09-12T19:27:00.970+05:30  INFO 12715 --- [SpringBootWebDemo] [tomcat-shutdown] o.s.b.w.e.tomcat.GracefulShutdown        : Graceful shutdown complete
2025-09-12T19:27:00.982+05:30  INFO 12715 --- [SpringBootWebDemo] [Thread-118] j.LocalContainerEntityManagerFactoryBean : Closing JPA EntityManagerFactory for persistence unit 'default'
2025-09-12T19:27:00.989+05:30  INFO 12715 --- [SpringBootWebDemo] [Thread-118] com.zaxxer.hikari.HikariDataSource       : HikariPool-30 - Shutdown initiated...
2025-09-12T19:27:00.992+05:30  INFO 12715 --- [SpringBootWebDemo] [Thread-118] com.zaxxer.hikari.HikariDataSource       : HikariPool-30 - Shutdown completed.
2025-09-12T19:27:01.117+05:30  INFO 12715 --- [SpringBootWebDemo] [restartedMain] c.w.S.SpringBootWebDemoApplication       : Starting SpringBootWebDemoApplication using Java 17.0.8 with PID 12715 (/Users/Shalini/Desktop/InfosysWS/SpringBoot/SpringBootWebDemo/target/classes started by Shalini in /Users/Shalini/Desktop/InfosysWS/SpringBoot/SpringBootWebDemo)
2025-09-12T19:27:01.117+05:30  INFO 12715 --- [SpringBootWebDemo] [restartedMain] c.w.S.SpringBootWebDemoApplication       : No active profile set, falling back to 1 default profile: "default"
2025-09-12T19:27:01.206+05:30  INFO 12715 --- [SpringBootWebDemo] [restartedMain] .s.d.r.c.RepositoryConfigurationDelegate : Bootstrapping Spring Data JPA repositories in DEFAULT mode.
2025-09-12T19:27:01.209+05:30  INFO 12715 --- [SpringBootWebDemo] [restartedMain] .s.d.r.c.RepositoryConfigurationDelegate : Finished Spring Data repository scanning in 2 ms. Found 1 JPA repository interface.
2025-09-12T19:27:01.234+05:30  INFO 12715 --- [SpringBootWebDemo] [restartedMain] o.s.b.w.embedded.tomcat.TomcatWebServer  : Tomcat initialized with port 8081 (http)
2025-09-12T19:27:01.234+05:30  INFO 12715 --- [SpringBootWebDemo] [restartedMain] o.apache.catalina.core.StandardService   : Starting service [Tomcat]
2025-09-12T19:27:01.234+05:30  INFO 12715 --- [SpringBootWebDemo] [restartedMain] o.apache.catalina.core.StandardEngine    : Starting Servlet engine: [Apache Tomcat/10.1.44]
2025-09-12T19:27:01.240+05:30  INFO 12715 --- [SpringBootWebDemo] [restartedMain] o.a.c.c.C.[Tomcat-1].[localhost].[/]     : Initializing Spring embedded WebApplicationContext
2025-09-12T19:27:01.240+05:30  INFO 12715 --- [SpringBootWebDemo] [restartedMain] w.s.c.ServletWebServerApplicationContext : Root WebApplicationContext: initialization completed in 123 ms
2025-09-12T19:27:01.254+05:30  INFO 12715 --- [SpringBootWebDemo] [restartedMain] o.hibernate.jpa.internal.util.LogHelper  : HHH000204: Processing PersistenceUnitInfo [name: default]
2025-09-12T19:27:01.255+05:30  INFO 12715 --- [SpringBootWebDemo] [restartedMain] o.h.c.internal.RegionFactoryInitiator    : HHH000026: Second-level cache disabled
2025-09-12T19:27:01.258+05:30  INFO 12715 --- [SpringBootWebDemo] [restartedMain] o.s.o.j.p.SpringPersistenceUnitInfo      : No LoadTimeWeaver setup: ignoring JPA class transformer
2025-09-12T19:27:01.258+05:30  INFO 12715 --- [SpringBootWebDemo] [restartedMain] com.zaxxer.hikari.HikariDataSource       : HikariPool-31 - Starting...
2025-09-12T19:27:01.272+05:30  INFO 12715 --- [SpringBootWebDemo] [restartedMain] com.zaxxer.hikari.pool.HikariPool        : HikariPool-31 - Added connection com.mysql.cj.jdbc.ConnectionImpl@3bff6227
2025-09-12T19:27:01.272+05:30  INFO 12715 --- [SpringBootWebDemo] [restartedMain] com.zaxxer.hikari.HikariDataSource       : HikariPool-31 - Start completed.
2025-09-12T19:27:01.272+05:30  WARN 12715 --- [SpringBootWebDemo] [restartedMain] org.hibernate.dialect.Dialect            : HHH000511: The 5.7.34 version for [org.hibernate.dialect.MySQLDialect] is no longer supported, hence certain features may not work properly. The minimum supported version is 8.0.0. Check the community dialects project for available legacy versions.
2025-09-12T19:27:01.272+05:30  INFO 12715 --- [SpringBootWebDemo] [restartedMain] org.hibernate.orm.connections.pooling    : HHH10001005: Database info:
	Database JDBC URL [Connecting through datasource 'HikariDataSource (HikariPool-31)']
	Database driver: undefined/unknown
	Database version: 5.7.34
	Autocommit mode: undefined/unknown
	Isolation level: undefined/unknown
	Minimum pool size: undefined/unknown
	Maximum pool size: undefined/unknown
2025-09-12T19:27:01.287+05:30  INFO 12715 --- [SpringBootWebDemo] [restartedMain] o.h.e.t.j.p.i.JtaPlatformInitiator       : HHH000489: No JTA platform available (set 'hibernate.transaction.jta.platform' to enable JTA platform integration)
2025-09-12T19:27:01.292+05:30  INFO 12715 --- [SpringBootWebDemo] [restartedMain] j.LocalContainerEntityManagerFactoryBean : Initialized JPA EntityManagerFactory for persistence unit 'default'
2025-09-12T19:27:01.323+05:30  WARN 12715 --- [SpringBootWebDemo] [restartedMain] JpaBaseConfiguration$JpaWebConfiguration : spring.jpa.open-in-view is enabled by default. Therefore, database queries may be performed during view rendering. Explicitly configure spring.jpa.open-in-view to disable this warning
2025-09-12T19:27:01.435+05:30  INFO 12715 --- [SpringBootWebDemo] [restartedMain] o.s.b.d.a.OptionalLiveReloadServer       : LiveReload server is running on port 35729
2025-09-12T19:27:01.436+05:30  INFO 12715 --- [SpringBootWebDemo] [restartedMain] o.s.b.a.e.web.EndpointLinksResolver      : Exposing 15 endpoints beneath base path '/manage'
2025-09-12T19:27:01.442+05:30  INFO 12715 --- [SpringBootWebDemo] [restartedMain] o.s.b.w.embedded.tomcat.TomcatWebServer  : Tomcat started on port 8081 (http) with context path '/'
2025-09-12T19:27:01.446+05:30  INFO 12715 --- [SpringBootWebDemo] [restartedMain] c.w.S.SpringBootWebDemoApplication       : Started SpringBootWebDemoApplication in 0.339 seconds (process running for 2385.99)
2025-09-12T19:27:01.446+05:30  INFO 12715 --- [SpringBootWebDemo] [restartedMain] .ConditionEvaluationDeltaLoggingListener : Condition evaluation unchanged
2025-09-12T19:27:11.962+05:30  INFO 12715 --- [SpringBootWebDemo] [File Watcher] rtingClassPathChangeChangedEventListener : Restarting due to 1 class path change (0 additions, 0 deletions, 1 modification)
2025-09-12T19:27:11.965+05:30  INFO 12715 --- [SpringBootWebDemo] [Thread-122] o.s.b.w.e.tomcat.GracefulShutdown        : Commencing graceful shutdown. Waiting for active requests to complete
2025-09-12T19:27:11.966+05:30  INFO 12715 --- [SpringBootWebDemo] [tomcat-shutdown] o.s.b.w.e.tomcat.GracefulShutdown        : Graceful shutdown complete
2025-09-12T19:27:11.968+05:30  INFO 12715 --- [SpringBootWebDemo] [Thread-122] j.LocalContainerEntityManagerFactoryBean : Closing JPA EntityManagerFactory for persistence unit 'default'
2025-09-12T19:27:11.969+05:30  INFO 12715 --- [SpringBootWebDemo] [Thread-122] com.zaxxer.hikari.HikariDataSource       : HikariPool-31 - Shutdown initiated...
2025-09-12T19:27:11.971+05:30  INFO 12715 --- [SpringBootWebDemo] [Thread-122] com.zaxxer.hikari.HikariDataSource       : HikariPool-31 - Shutdown completed.
2025-09-12T19:27:12.065+05:30  INFO 12715 --- [SpringBootWebDemo] [restartedMain] c.w.S.SpringBootWebDemoApplication       : Starting SpringBootWebDemoApplication using Java 17.0.8 with PID 12715 (/Users/Shalini/Desktop/InfosysWS/SpringBoot/SpringBootWebDemo/target/classes started by Shalini in /Users/Shalini/Desktop/InfosysWS/SpringBoot/SpringBootWebDemo)
2025-09-12T19:27:12.065+05:30  INFO 12715 --- [SpringBootWebDemo] [restartedMain] c.w.S.SpringBootWebDemoApplication       : No active profile set, falling back to 1 default profile: "default"
2025-09-12T19:27:12.149+05:30  INFO 12715 --- [SpringBootWebDemo] [restartedMain] .s.d.r.c.RepositoryConfigurationDelegate : Bootstrapping Spring Data JPA repositories in DEFAULT mode.
2025-09-12T19:27:12.153+05:30  INFO 12715 --- [SpringBootWebDemo] [restartedMain] .s.d.r.c.RepositoryConfigurationDelegate : Finished Spring Data repository scanning in 3 ms. Found 1 JPA repository interface.
2025-09-12T19:27:12.176+05:30  INFO 12715 --- [SpringBootWebDemo] [restartedMain] o.s.b.w.embedded.tomcat.TomcatWebServer  : Tomcat initialized with port 8081 (http)
2025-09-12T19:27:12.176+05:30  INFO 12715 --- [SpringBootWebDemo] [restartedMain] o.apache.catalina.core.StandardService   : Starting service [Tomcat]
2025-09-12T19:27:12.177+05:30  INFO 12715 --- [SpringBootWebDemo] [restartedMain] o.apache.catalina.core.StandardEngine    : Starting Servlet engine: [Apache Tomcat/10.1.44]
2025-09-12T19:27:12.182+05:30  INFO 12715 --- [SpringBootWebDemo] [restartedMain] o.a.c.c.C.[Tomcat-1].[localhost].[/]     : Initializing Spring embedded WebApplicationContext
2025-09-12T19:27:12.182+05:30  INFO 12715 --- [SpringBootWebDemo] [restartedMain] w.s.c.ServletWebServerApplicationContext : Root WebApplicationContext: initialization completed in 116 ms
2025-09-12T19:27:12.195+05:30  INFO 12715 --- [SpringBootWebDemo] [restartedMain] o.hibernate.jpa.internal.util.LogHelper  : HHH000204: Processing PersistenceUnitInfo [name: default]
2025-09-12T19:27:12.196+05:30  INFO 12715 --- [SpringBootWebDemo] [restartedMain] o.h.c.internal.RegionFactoryInitiator    : HHH000026: Second-level cache disabled
2025-09-12T19:27:12.199+05:30  INFO 12715 --- [SpringBootWebDemo] [restartedMain] o.s.o.j.p.SpringPersistenceUnitInfo      : No LoadTimeWeaver setup: ignoring JPA class transformer
2025-09-12T19:27:12.199+05:30  INFO 12715 --- [SpringBootWebDemo] [restartedMain] com.zaxxer.hikari.HikariDataSource       : HikariPool-32 - Starting...
2025-09-12T19:27:12.208+05:30  INFO 12715 --- [SpringBootWebDemo] [restartedMain] com.zaxxer.hikari.pool.HikariPool        : HikariPool-32 - Added connection com.mysql.cj.jdbc.ConnectionImpl@526685f7
2025-09-12T19:27:12.208+05:30  INFO 12715 --- [SpringBootWebDemo] [restartedMain] com.zaxxer.hikari.HikariDataSource       : HikariPool-32 - Start completed.
2025-09-12T19:27:12.209+05:30  WARN 12715 --- [SpringBootWebDemo] [restartedMain] org.hibernate.dialect.Dialect            : HHH000511: The 5.7.34 version for [org.hibernate.dialect.MySQLDialect] is no longer supported, hence certain features may not work properly. The minimum supported version is 8.0.0. Check the community dialects project for available legacy versions.
2025-09-12T19:27:12.209+05:30  INFO 12715 --- [SpringBootWebDemo] [restartedMain] org.hibernate.orm.connections.pooling    : HHH10001005: Database info:
	Database JDBC URL [Connecting through datasource 'HikariDataSource (HikariPool-32)']
	Database driver: undefined/unknown
	Database version: 5.7.34
	Autocommit mode: undefined/unknown
	Isolation level: undefined/unknown
	Minimum pool size: undefined/unknown
	Maximum pool size: undefined/unknown
2025-09-12T19:27:12.222+05:30  INFO 12715 --- [SpringBootWebDemo] [restartedMain] o.h.e.t.j.p.i.JtaPlatformInitiator       : HHH000489: No JTA platform available (set 'hibernate.transaction.jta.platform' to enable JTA platform integration)
2025-09-12T19:27:12.227+05:30  INFO 12715 --- [SpringBootWebDemo] [restartedMain] j.LocalContainerEntityManagerFactoryBean : Initialized JPA EntityManagerFactory for persistence unit 'default'
2025-09-12T19:27:12.250+05:30  WARN 12715 --- [SpringBootWebDemo] [restartedMain] JpaBaseConfiguration$JpaWebConfiguration : spring.jpa.open-in-view is enabled by default. Therefore, database queries may be performed during view rendering. Explicitly configure spring.jpa.open-in-view to disable this warning
2025-09-12T19:27:12.352+05:30  INFO 12715 --- [SpringBootWebDemo] [restartedMain] o.s.b.d.a.OptionalLiveReloadServer       : LiveReload server is running on port 35729
2025-09-12T19:27:12.352+05:30  INFO 12715 --- [SpringBootWebDemo] [restartedMain] o.s.b.a.e.web.EndpointLinksResolver      : Exposing 15 endpoints beneath base path '/manage'
2025-09-12T19:27:12.359+05:30  INFO 12715 --- [SpringBootWebDemo] [restartedMain] o.s.b.w.embedded.tomcat.TomcatWebServer  : Tomcat started on port 8081 (http) with context path '/'
2025-09-12T19:27:12.362+05:30  INFO 12715 --- [SpringBootWebDemo] [restartedMain] c.w.S.SpringBootWebDemoApplication       : Started SpringBootWebDemoApplication in 0.306 seconds (process running for 2396.907)
2025-09-12T19:27:12.363+05:30  INFO 12715 --- [SpringBootWebDemo] [restartedMain] .ConditionEvaluationDeltaLoggingListener : Condition evaluation unchanged
2025-09-12T19:27:28.921+05:30  INFO 12715 --- [SpringBootWebDemo] [File Watcher] rtingClassPathChangeChangedEventListener : Restarting due to 1 class path change (0 additions, 0 deletions, 1 modification)
2025-09-12T19:27:28.924+05:30  INFO 12715 --- [SpringBootWebDemo] [Thread-126] o.s.b.w.e.tomcat.GracefulShutdown        : Commencing graceful shutdown. Waiting for active requests to complete
2025-09-12T19:27:28.927+05:30  INFO 12715 --- [SpringBootWebDemo] [tomcat-shutdown] o.s.b.w.e.tomcat.GracefulShutdown        : Graceful shutdown complete
2025-09-12T19:27:28.928+05:30  INFO 12715 --- [SpringBootWebDemo] [Thread-126] j.LocalContainerEntityManagerFactoryBean : Closing JPA EntityManagerFactory for persistence unit 'default'
2025-09-12T19:27:28.929+05:30  INFO 12715 --- [SpringBootWebDemo] [Thread-126] com.zaxxer.hikari.HikariDataSource       : HikariPool-32 - Shutdown initiated...
2025-09-12T19:27:28.931+05:30  INFO 12715 --- [SpringBootWebDemo] [Thread-126] com.zaxxer.hikari.HikariDataSource       : HikariPool-32 - Shutdown completed.
2025-09-12T19:27:29.043+05:30  INFO 12715 --- [SpringBootWebDemo] [restartedMain] c.w.S.SpringBootWebDemoApplication       : Starting SpringBootWebDemoApplication using Java 17.0.8 with PID 12715 (/Users/Shalini/Desktop/InfosysWS/SpringBoot/SpringBootWebDemo/target/classes started by Shalini in /Users/Shalini/Desktop/InfosysWS/SpringBoot/SpringBootWebDemo)
2025-09-12T19:27:29.043+05:30  INFO 12715 --- [SpringBootWebDemo] [restartedMain] c.w.S.SpringBootWebDemoApplication       : No active profile set, falling back to 1 default profile: "default"
2025-09-12T19:27:29.145+05:30  INFO 12715 --- [SpringBootWebDemo] [restartedMain] .s.d.r.c.RepositoryConfigurationDelegate : Bootstrapping Spring Data JPA repositories in DEFAULT mode.
2025-09-12T19:27:29.148+05:30  INFO 12715 --- [SpringBootWebDemo] [restartedMain] .s.d.r.c.RepositoryConfigurationDelegate : Finished Spring Data repository scanning in 2 ms. Found 1 JPA repository interface.
2025-09-12T19:27:29.173+05:30  INFO 12715 --- [SpringBootWebDemo] [restartedMain] o.s.b.w.embedded.tomcat.TomcatWebServer  : Tomcat initialized with port 8081 (http)
2025-09-12T19:27:29.173+05:30  INFO 12715 --- [SpringBootWebDemo] [restartedMain] o.apache.catalina.core.StandardService   : Starting service [Tomcat]
2025-09-12T19:27:29.173+05:30  INFO 12715 --- [SpringBootWebDemo] [restartedMain] o.apache.catalina.core.StandardEngine    : Starting Servlet engine: [Apache Tomcat/10.1.44]
2025-09-12T19:27:29.179+05:30  INFO 12715 --- [SpringBootWebDemo] [restartedMain] o.a.c.c.C.[Tomcat-1].[localhost].[/]     : Initializing Spring embedded WebApplicationContext
2025-09-12T19:27:29.179+05:30  INFO 12715 --- [SpringBootWebDemo] [restartedMain] w.s.c.ServletWebServerApplicationContext : Root WebApplicationContext: initialization completed in 135 ms
2025-09-12T19:27:29.194+05:30  INFO 12715 --- [SpringBootWebDemo] [restartedMain] o.hibernate.jpa.internal.util.LogHelper  : HHH000204: Processing PersistenceUnitInfo [name: default]
2025-09-12T19:27:29.195+05:30  INFO 12715 --- [SpringBootWebDemo] [restartedMain] o.h.c.internal.RegionFactoryInitiator    : HHH000026: Second-level cache disabled
2025-09-12T19:27:29.198+05:30  INFO 12715 --- [SpringBootWebDemo] [restartedMain] o.s.o.j.p.SpringPersistenceUnitInfo      : No LoadTimeWeaver setup: ignoring JPA class transformer
2025-09-12T19:27:29.198+05:30  INFO 12715 --- [SpringBootWebDemo] [restartedMain] com.zaxxer.hikari.HikariDataSource       : HikariPool-33 - Starting...
2025-09-12T19:27:29.209+05:30  INFO 12715 --- [SpringBootWebDemo] [restartedMain] com.zaxxer.hikari.pool.HikariPool        : HikariPool-33 - Added connection com.mysql.cj.jdbc.ConnectionImpl@42ee805f
2025-09-12T19:27:29.209+05:30  INFO 12715 --- [SpringBootWebDemo] [restartedMain] com.zaxxer.hikari.HikariDataSource       : HikariPool-33 - Start completed.
2025-09-12T19:27:29.209+05:30  WARN 12715 --- [SpringBootWebDemo] [restartedMain] org.hibernate.dialect.Dialect            : HHH000511: The 5.7.34 version for [org.hibernate.dialect.MySQLDialect] is no longer supported, hence certain features may not work properly. The minimum supported version is 8.0.0. Check the community dialects project for available legacy versions.
2025-09-12T19:27:29.210+05:30  INFO 12715 --- [SpringBootWebDemo] [restartedMain] org.hibernate.orm.connections.pooling    : HHH10001005: Database info:
	Database JDBC URL [Connecting through datasource 'HikariDataSource (HikariPool-33)']
	Database driver: undefined/unknown
	Database version: 5.7.34
	Autocommit mode: undefined/unknown
	Isolation level: undefined/unknown
	Minimum pool size: undefined/unknown
	Maximum pool size: undefined/unknown
2025-09-12T19:27:29.222+05:30  INFO 12715 --- [SpringBootWebDemo] [restartedMain] o.h.e.t.j.p.i.JtaPlatformInitiator       : HHH000489: No JTA platform available (set 'hibernate.transaction.jta.platform' to enable JTA platform integration)
2025-09-12T19:27:29.227+05:30  INFO 12715 --- [SpringBootWebDemo] [restartedMain] j.LocalContainerEntityManagerFactoryBean : Initialized JPA EntityManagerFactory for persistence unit 'default'
2025-09-12T19:27:29.253+05:30  WARN 12715 --- [SpringBootWebDemo] [restartedMain] ConfigServletWebServerApplicationContext : Exception encountered during context initialization - cancelling refresh attempt: org.springframework.beans.factory.BeanCreationException: Error creating bean with name 'springBootWebDemoApplication': Invocation of init method failed
2025-09-12T19:27:29.253+05:30  INFO 12715 --- [SpringBootWebDemo] [restartedMain] j.LocalContainerEntityManagerFactoryBean : Closing JPA EntityManagerFactory for persistence unit 'default'
2025-09-12T19:27:29.253+05:30  INFO 12715 --- [SpringBootWebDemo] [restartedMain] com.zaxxer.hikari.HikariDataSource       : HikariPool-33 - Shutdown initiated...
2025-09-12T19:27:29.253+05:30  INFO 12715 --- [SpringBootWebDemo] [restartedMain] com.zaxxer.hikari.HikariDataSource       : HikariPool-33 - Shutdown completed.
2025-09-12T19:27:29.254+05:30  INFO 12715 --- [SpringBootWebDemo] [restartedMain] o.apache.catalina.core.StandardService   : Stopping service [Tomcat]
2025-09-12T19:27:29.259+05:30  INFO 12715 --- [SpringBootWebDemo] [restartedMain] .s.b.a.l.ConditionEvaluationReportLogger : 

Error starting ApplicationContext. To display the condition evaluation report re-run your application with 'debug' enabled.
2025-09-12T19:27:29.261+05:30 ERROR 12715 --- [SpringBootWebDemo] [restartedMain] o.s.boot.SpringApplication               : Application run failed

org.springframework.beans.factory.BeanCreationException: Error creating bean with name 'springBootWebDemoApplication': Invocation of init method failed
	at org.springframework.beans.factory.annotation.InitDestroyAnnotationBeanPostProcessor.postProcessBeforeInitialization(InitDestroyAnnotationBeanPostProcessor.java:222) ~[spring-beans-6.2.10.jar:6.2.10]
	at org.springframework.beans.factory.support.AbstractAutowireCapableBeanFactory.applyBeanPostProcessorsBeforeInitialization(AbstractAutowireCapableBeanFactory.java:429) ~[spring-beans-6.2.10.jar:6.2.10]
	at org.springframework.beans.factory.support.AbstractAutowireCapableBeanFactory.initializeBean(AbstractAutowireCapableBeanFactory.java:1818) ~[spring-beans-6.2.10.jar:6.2.10]
	at org.springframework.beans.factory.support.AbstractAutowireCapableBeanFactory.doCreateBean(AbstractAutowireCapableBeanFactory.java:607) ~[spring-beans-6.2.10.jar:6.2.10]
	at org.springframework.beans.factory.support.AbstractAutowireCapableBeanFactory.createBean(AbstractAutowireCapableBeanFactory.java:529) ~[spring-beans-6.2.10.jar:6.2.10]
	at org.springframework.beans.factory.support.AbstractBeanFactory.lambda$doGetBean$0(AbstractBeanFactory.java:339) ~[spring-beans-6.2.10.jar:6.2.10]
	at org.springframework.beans.factory.support.DefaultSingletonBeanRegistry.getSingleton(DefaultSingletonBeanRegistry.java:373) ~[spring-beans-6.2.10.jar:6.2.10]
	at org.springframework.beans.factory.support.AbstractBeanFactory.doGetBean(AbstractBeanFactory.java:337) ~[spring-beans-6.2.10.jar:6.2.10]
	at org.springframework.beans.factory.support.AbstractBeanFactory.getBean(AbstractBeanFactory.java:202) ~[spring-beans-6.2.10.jar:6.2.10]
	at org.springframework.beans.factory.support.DefaultListableBeanFactory.instantiateSingleton(DefaultListableBeanFactory.java:1222) ~[spring-beans-6.2.10.jar:6.2.10]
	at org.springframework.beans.factory.support.DefaultListableBeanFactory.preInstantiateSingleton(DefaultListableBeanFactory.java:1188) ~[spring-beans-6.2.10.jar:6.2.10]
	at org.springframework.beans.factory.support.DefaultListableBeanFactory.preInstantiateSingletons(DefaultListableBeanFactory.java:1123) ~[spring-beans-6.2.10.jar:6.2.10]
	at org.springframework.context.support.AbstractApplicationContext.finishBeanFactoryInitialization(AbstractApplicationContext.java:987) ~[spring-context-6.2.10.jar:6.2.10]
	at org.springframework.context.support.AbstractApplicationContext.refresh(AbstractApplicationContext.java:627) ~[spring-context-6.2.10.jar:6.2.10]
	at org.springframework.boot.web.servlet.context.ServletWebServerApplicationContext.refresh(ServletWebServerApplicationContext.java:146) ~[spring-boot-3.5.5.jar:3.5.5]
	at org.springframework.boot.SpringApplication.refresh(SpringApplication.java:752) ~[spring-boot-3.5.5.jar:3.5.5]
	at org.springframework.boot.SpringApplication.refreshContext(SpringApplication.java:439) ~[spring-boot-3.5.5.jar:3.5.5]
	at org.springframework.boot.SpringApplication.run(SpringApplication.java:318) ~[spring-boot-3.5.5.jar:3.5.5]
	at org.springframework.boot.SpringApplication.run(SpringApplication.java:1361) ~[spring-boot-3.5.5.jar:3.5.5]
	at org.springframework.boot.SpringApplication.run(SpringApplication.java:1350) ~[spring-boot-3.5.5.jar:3.5.5]
	at com.web.SpringBootWebDemo.SpringBootWebDemoApplication.main(SpringBootWebDemoApplication.java:22) ~[classes/:na]
	at java.base/jdk.internal.reflect.NativeMethodAccessorImpl.invoke0(Native Method) ~[na:na]
	at java.base/jdk.internal.reflect.NativeMethodAccessorImpl.invoke(NativeMethodAccessorImpl.java:77) ~[na:na]
	at java.base/jdk.internal.reflect.DelegatingMethodAccessorImpl.invoke(DelegatingMethodAccessorImpl.java:43) ~[na:na]
	at java.base/java.lang.reflect.Method.invoke(Method.java:568) ~[na:na]
	at org.springframework.boot.devtools.restart.RestartLauncher.run(RestartLauncher.java:50) ~[spring-boot-devtools-3.5.5.jar:3.5.5]
Caused by: org.springframework.orm.ObjectOptimisticLockingFailureException: Row was updated or deleted by another transaction (or unsaved-value mapping was incorrect): [com.web.SpringBootWebDemo.entity.Book#1]
	at org.springframework.orm.jpa.vendor.HibernateJpaDialect.convertHibernateAccessException(HibernateJpaDialect.java:329) ~[spring-orm-6.2.10.jar:6.2.10]
	at org.springframework.orm.jpa.vendor.HibernateJpaDialect.convertHibernateAccessException(HibernateJpaDialect.java:256) ~[spring-orm-6.2.10.jar:6.2.10]
	at org.springframework.orm.jpa.vendor.HibernateJpaDialect.translateExceptionIfPossible(HibernateJpaDialect.java:244) ~[spring-orm-6.2.10.jar:6.2.10]
	at org.springframework.orm.jpa.AbstractEntityManagerFactoryBean.translateExceptionIfPossible(AbstractEntityManagerFactoryBean.java:560) ~[spring-orm-6.2.10.jar:6.2.10]
	at org.springframework.dao.support.ChainedPersistenceExceptionTranslator.translateExceptionIfPossible(ChainedPersistenceExceptionTranslator.java:61) ~[spring-tx-6.2.10.jar:6.2.10]
	at org.springframework.dao.support.DataAccessUtils.translateIfNecessary(DataAccessUtils.java:343) ~[spring-tx-6.2.10.jar:6.2.10]
	at org.springframework.dao.support.PersistenceExceptionTranslationInterceptor.invoke(PersistenceExceptionTranslationInterceptor.java:160) ~[spring-tx-6.2.10.jar:6.2.10]
	at org.springframework.aop.framework.ReflectiveMethodInvocation.proceed(ReflectiveMethodInvocation.java:184) ~[spring-aop-6.2.10.jar:6.2.10]
	at org.springframework.data.jpa.repository.support.CrudMethodMetadataPostProcessor$CrudMethodMetadataPopulatingMethodInterceptor.invoke(CrudMethodMetadataPostProcessor.java:165) ~[spring-data-jpa-3.5.3.jar:3.5.3]
	at org.springframework.aop.framework.ReflectiveMethodInvocation.proceed(ReflectiveMethodInvocation.java:184) ~[spring-aop-6.2.10.jar:6.2.10]
	at org.springframework.aop.framework.JdkDynamicAopProxy.invoke(JdkDynamicAopProxy.java:223) ~[spring-aop-6.2.10.jar:6.2.10]
	at jdk.proxy36/jdk.proxy36.$Proxy279.saveAll(Unknown Source) ~[na:na]
	at com.web.SpringBootWebDemo.SpringBootWebDemoApplication.addBook(SpringBootWebDemoApplication.java:37) ~[classes/:na]
	at java.base/jdk.internal.reflect.NativeMethodAccessorImpl.invoke0(Native Method) ~[na:na]
	at java.base/jdk.internal.reflect.NativeMethodAccessorImpl.invoke(NativeMethodAccessorImpl.java:77) ~[na:na]
	at java.base/jdk.internal.reflect.DelegatingMethodAccessorImpl.invoke(DelegatingMethodAccessorImpl.java:43) ~[na:na]
	at java.base/java.lang.reflect.Method.invoke(Method.java:568) ~[na:na]
	at org.springframework.beans.factory.annotation.InitDestroyAnnotationBeanPostProcessor$LifecycleMethod.invoke(InitDestroyAnnotationBeanPostProcessor.java:457) ~[spring-beans-6.2.10.jar:6.2.10]
	at org.springframework.beans.factory.annotation.InitDestroyAnnotationBeanPostProcessor$LifecycleMetadata.invokeInitMethods(InitDestroyAnnotationBeanPostProcessor.java:401) ~[spring-beans-6.2.10.jar:6.2.10]
	at org.springframework.beans.factory.annotation.InitDestroyAnnotationBeanPostProcessor.postProcessBeforeInitialization(InitDestroyAnnotationBeanPostProcessor.java:219) ~[spring-beans-6.2.10.jar:6.2.10]
	... 25 common frames omitted
Caused by: org.hibernate.StaleObjectStateException: Row was updated or deleted by another transaction (or unsaved-value mapping was incorrect): [com.web.SpringBootWebDemo.entity.Book#1]
	at org.hibernate.event.internal.DefaultMergeEventListener.entityIsDetached(DefaultMergeEventListener.java:426) ~[hibernate-core-6.6.26.Final.jar:6.6.26.Final]
	at org.hibernate.event.internal.DefaultMergeEventListener.merge(DefaultMergeEventListener.java:214) ~[hibernate-core-6.6.26.Final.jar:6.6.26.Final]
	at org.hibernate.event.internal.DefaultMergeEventListener.doMerge(DefaultMergeEventListener.java:152) ~[hibernate-core-6.6.26.Final.jar:6.6.26.Final]
	at org.hibernate.event.internal.DefaultMergeEventListener.onMerge(DefaultMergeEventListener.java:136) ~[hibernate-core-6.6.26.Final.jar:6.6.26.Final]
	at org.hibernate.event.internal.DefaultMergeEventListener.onMerge(DefaultMergeEventListener.java:89) ~[hibernate-core-6.6.26.Final.jar:6.6.26.Final]
	at org.hibernate.event.service.internal.EventListenerGroupImpl.fireEventOnEachListener(EventListenerGroupImpl.java:127) ~[hibernate-core-6.6.26.Final.jar:6.6.26.Final]
	at org.hibernate.internal.SessionImpl.fireMerge(SessionImpl.java:854) ~[hibernate-core-6.6.26.Final.jar:6.6.26.Final]
	at org.hibernate.internal.SessionImpl.merge(SessionImpl.java:840) ~[hibernate-core-6.6.26.Final.jar:6.6.26.Final]
	at java.base/jdk.internal.reflect.NativeMethodAccessorImpl.invoke0(Native Method) ~[na:na]
	at java.base/jdk.internal.reflect.NativeMethodAccessorImpl.invoke(NativeMethodAccessorImpl.java:77) ~[na:na]
	at java.base/jdk.internal.reflect.DelegatingMethodAccessorImpl.invoke(DelegatingMethodAccessorImpl.java:43) ~[na:na]
	at java.base/java.lang.reflect.Method.invoke(Method.java:568) ~[na:na]
	at org.springframework.orm.jpa.SharedEntityManagerCreator$SharedEntityManagerInvocationHandler.invoke(SharedEntityManagerCreator.java:320) ~[spring-orm-6.2.10.jar:6.2.10]
	at jdk.proxy36/jdk.proxy36.$Proxy277.merge(Unknown Source) ~[na:na]
	at org.springframework.data.jpa.repository.support.SimpleJpaRepository.save(SimpleJpaRepository.java:657) ~[spring-data-jpa-3.5.3.jar:3.5.3]
	at org.springframework.data.jpa.repository.support.SimpleJpaRepository.saveAll(SimpleJpaRepository.java:680) ~[spring-data-jpa-3.5.3.jar:3.5.3]
	at java.base/jdk.internal.reflect.NativeMethodAccessorImpl.invoke0(Native Method) ~[na:na]
	at java.base/jdk.internal.reflect.NativeMethodAccessorImpl.invoke(NativeMethodAccessorImpl.java:77) ~[na:na]
	at java.base/jdk.internal.reflect.DelegatingMethodAccessorImpl.invoke(DelegatingMethodAccessorImpl.java:43) ~[na:na]
	at java.base/java.lang.reflect.Method.invoke(Method.java:568) ~[na:na]
	at org.springframework.aop.support.AopUtils.invokeJoinpointUsingReflection(AopUtils.java:360) ~[spring-aop-6.2.10.jar:6.2.10]
	at org.springframework.data.repository.core.support.RepositoryMethodInvoker$RepositoryFragmentMethodInvoker.lambda$new$0(RepositoryMethodInvoker.java:277) ~[spring-data-commons-3.5.3.jar:3.5.3]
	at org.springframework.data.repository.core.support.RepositoryMethodInvoker.doInvoke(RepositoryMethodInvoker.java:170) ~[spring-data-commons-3.5.3.jar:3.5.3]
	at org.springframework.data.repository.core.support.RepositoryMethodInvoker.invoke(RepositoryMethodInvoker.java:158) ~[spring-data-commons-3.5.3.jar:3.5.3]
	at org.springframework.data.repository.core.support.RepositoryComposition$RepositoryFragments.invoke(RepositoryComposition.java:515) ~[spring-data-commons-3.5.3.jar:3.5.3]
	at org.springframework.data.repository.core.support.RepositoryComposition.invoke(RepositoryComposition.java:284) ~[spring-data-commons-3.5.3.jar:3.5.3]
	at org.springframework.data.repository.core.support.RepositoryFactorySupport$ImplementationMethodExecutionInterceptor.invoke(RepositoryFactorySupport.java:734) ~[spring-data-commons-3.5.3.jar:3.5.3]
	at org.springframework.aop.framework.ReflectiveMethodInvocation.proceed(ReflectiveMethodInvocation.java:184) ~[spring-aop-6.2.10.jar:6.2.10]
	at org.springframework.data.repository.core.support.QueryExecutorMethodInterceptor.doInvoke(QueryExecutorMethodInterceptor.java:174) ~[spring-data-commons-3.5.3.jar:3.5.3]
	at org.springframework.data.repository.core.support.QueryExecutorMethodInterceptor.invoke(QueryExecutorMethodInterceptor.java:149) ~[spring-data-commons-3.5.3.jar:3.5.3]
	at org.springframework.aop.framework.ReflectiveMethodInvocation.proceed(ReflectiveMethodInvocation.java:184) ~[spring-aop-6.2.10.jar:6.2.10]
	at org.springframework.data.projection.DefaultMethodInvokingMethodInterceptor.invoke(DefaultMethodInvokingMethodInterceptor.java:69) ~[spring-data-commons-3.5.3.jar:3.5.3]
	at org.springframework.aop.framework.ReflectiveMethodInvocation.proceed(ReflectiveMethodInvocation.java:184) ~[spring-aop-6.2.10.jar:6.2.10]
	at org.springframework.transaction.interceptor.TransactionAspectSupport.invokeWithinTransaction(TransactionAspectSupport.java:380) ~[spring-tx-6.2.10.jar:6.2.10]
	at org.springframework.transaction.interceptor.TransactionInterceptor.invoke(TransactionInterceptor.java:119) ~[spring-tx-6.2.10.jar:6.2.10]
	at org.springframework.aop.framework.ReflectiveMethodInvocation.proceed(ReflectiveMethodInvocation.java:184) ~[spring-aop-6.2.10.jar:6.2.10]
	at org.springframework.dao.support.PersistenceExceptionTranslationInterceptor.invoke(PersistenceExceptionTranslationInterceptor.java:138) ~[spring-tx-6.2.10.jar:6.2.10]
	... 38 common frames omitted

2025-09-12T19:28:00.037+05:30  INFO 12715 --- [SpringBootWebDemo] [restartedMain] c.w.S.SpringBootWebDemoApplication       : Starting SpringBootWebDemoApplication using Java 17.0.8 with PID 12715 (/Users/Shalini/Desktop/InfosysWS/SpringBoot/SpringBootWebDemo/target/classes started by Shalini in /Users/Shalini/Desktop/InfosysWS/SpringBoot/SpringBootWebDemo)
2025-09-12T19:28:00.037+05:30  INFO 12715 --- [SpringBootWebDemo] [restartedMain] c.w.S.SpringBootWebDemoApplication       : No active profile set, falling back to 1 default profile: "default"
2025-09-12T19:28:00.146+05:30  INFO 12715 --- [SpringBootWebDemo] [restartedMain] .s.d.r.c.RepositoryConfigurationDelegate : Bootstrapping Spring Data JPA repositories in DEFAULT mode.
2025-09-12T19:28:00.149+05:30  INFO 12715 --- [SpringBootWebDemo] [restartedMain] .s.d.r.c.RepositoryConfigurationDelegate : Finished Spring Data repository scanning in 2 ms. Found 1 JPA repository interface.
2025-09-12T19:28:00.193+05:30  INFO 12715 --- [SpringBootWebDemo] [restartedMain] o.s.b.w.embedded.tomcat.TomcatWebServer  : Tomcat initialized with port 8081 (http)
2025-09-12T19:28:00.193+05:30  INFO 12715 --- [SpringBootWebDemo] [restartedMain] o.apache.catalina.core.StandardService   : Starting service [Tomcat]
2025-09-12T19:28:00.194+05:30  INFO 12715 --- [SpringBootWebDemo] [restartedMain] o.apache.catalina.core.StandardEngine    : Starting Servlet engine: [Apache Tomcat/10.1.44]
2025-09-12T19:28:00.200+05:30  INFO 12715 --- [SpringBootWebDemo] [restartedMain] o.a.c.c.C.[Tomcat-2].[localhost].[/]     : Initializing Spring embedded WebApplicationContext
2025-09-12T19:28:00.200+05:30  INFO 12715 --- [SpringBootWebDemo] [restartedMain] w.s.c.ServletWebServerApplicationContext : Root WebApplicationContext: initialization completed in 162 ms
2025-09-12T19:28:00.220+05:30  INFO 12715 --- [SpringBootWebDemo] [restartedMain] o.hibernate.jpa.internal.util.LogHelper  : HHH000204: Processing PersistenceUnitInfo [name: default]
2025-09-12T19:28:00.221+05:30  INFO 12715 --- [SpringBootWebDemo] [restartedMain] o.h.c.internal.RegionFactoryInitiator    : HHH000026: Second-level cache disabled
2025-09-12T19:28:00.225+05:30  INFO 12715 --- [SpringBootWebDemo] [restartedMain] o.s.o.j.p.SpringPersistenceUnitInfo      : No LoadTimeWeaver setup: ignoring JPA class transformer
2025-09-12T19:28:00.225+05:30  INFO 12715 --- [SpringBootWebDemo] [restartedMain] com.zaxxer.hikari.HikariDataSource       : HikariPool-34 - Starting...
2025-09-12T19:28:00.236+05:30  INFO 12715 --- [SpringBootWebDemo] [restartedMain] com.zaxxer.hikari.pool.HikariPool        : HikariPool-34 - Added connection com.mysql.cj.jdbc.ConnectionImpl@41ed39df
2025-09-12T19:28:00.236+05:30  INFO 12715 --- [SpringBootWebDemo] [restartedMain] com.zaxxer.hikari.HikariDataSource       : HikariPool-34 - Start completed.
2025-09-12T19:28:00.236+05:30  WARN 12715 --- [SpringBootWebDemo] [restartedMain] org.hibernate.dialect.Dialect            : HHH000511: The 5.7.34 version for [org.hibernate.dialect.MySQLDialect] is no longer supported, hence certain features may not work properly. The minimum supported version is 8.0.0. Check the community dialects project for available legacy versions.
2025-09-12T19:28:00.237+05:30  INFO 12715 --- [SpringBootWebDemo] [restartedMain] org.hibernate.orm.connections.pooling    : HHH10001005: Database info:
	Database JDBC URL [Connecting through datasource 'HikariDataSource (HikariPool-34)']
	Database driver: undefined/unknown
	Database version: 5.7.34
	Autocommit mode: undefined/unknown
	Isolation level: undefined/unknown
	Minimum pool size: undefined/unknown
	Maximum pool size: undefined/unknown
2025-09-12T19:28:00.252+05:30  INFO 12715 --- [SpringBootWebDemo] [restartedMain] o.h.e.t.j.p.i.JtaPlatformInitiator       : HHH000489: No JTA platform available (set 'hibernate.transaction.jta.platform' to enable JTA platform integration)
2025-09-12T19:28:00.257+05:30  INFO 12715 --- [SpringBootWebDemo] [restartedMain] j.LocalContainerEntityManagerFactoryBean : Initialized JPA EntityManagerFactory for persistence unit 'default'
2025-09-12T19:28:00.276+05:30  WARN 12715 --- [SpringBootWebDemo] [restartedMain] ConfigServletWebServerApplicationContext : Exception encountered during context initialization - cancelling refresh attempt: org.springframework.beans.factory.BeanCreationException: Error creating bean with name 'springBootWebDemoApplication': Invocation of init method failed
2025-09-12T19:28:00.276+05:30  INFO 12715 --- [SpringBootWebDemo] [restartedMain] j.LocalContainerEntityManagerFactoryBean : Closing JPA EntityManagerFactory for persistence unit 'default'
2025-09-12T19:28:00.276+05:30  INFO 12715 --- [SpringBootWebDemo] [restartedMain] com.zaxxer.hikari.HikariDataSource       : HikariPool-34 - Shutdown initiated...
2025-09-12T19:28:00.276+05:30  INFO 12715 --- [SpringBootWebDemo] [restartedMain] com.zaxxer.hikari.HikariDataSource       : HikariPool-34 - Shutdown completed.
2025-09-12T19:28:00.276+05:30  INFO 12715 --- [SpringBootWebDemo] [restartedMain] o.apache.catalina.core.StandardService   : Stopping service [Tomcat]
2025-09-12T19:28:00.281+05:30  INFO 12715 --- [SpringBootWebDemo] [restartedMain] .s.b.a.l.ConditionEvaluationReportLogger : 

Error starting ApplicationContext. To display the condition evaluation report re-run your application with 'debug' enabled.
2025-09-12T19:28:00.283+05:30 ERROR 12715 --- [SpringBootWebDemo] [restartedMain] o.s.boot.SpringApplication               : Application run failed

org.springframework.beans.factory.BeanCreationException: Error creating bean with name 'springBootWebDemoApplication': Invocation of init method failed
	at org.springframework.beans.factory.annotation.InitDestroyAnnotationBeanPostProcessor.postProcessBeforeInitialization(InitDestroyAnnotationBeanPostProcessor.java:222) ~[spring-beans-6.2.10.jar:6.2.10]
	at org.springframework.beans.factory.support.AbstractAutowireCapableBeanFactory.applyBeanPostProcessorsBeforeInitialization(AbstractAutowireCapableBeanFactory.java:429) ~[spring-beans-6.2.10.jar:6.2.10]
	at org.springframework.beans.factory.support.AbstractAutowireCapableBeanFactory.initializeBean(AbstractAutowireCapableBeanFactory.java:1818) ~[spring-beans-6.2.10.jar:6.2.10]
	at org.springframework.beans.factory.support.AbstractAutowireCapableBeanFactory.doCreateBean(AbstractAutowireCapableBeanFactory.java:607) ~[spring-beans-6.2.10.jar:6.2.10]
	at org.springframework.beans.factory.support.AbstractAutowireCapableBeanFactory.createBean(AbstractAutowireCapableBeanFactory.java:529) ~[spring-beans-6.2.10.jar:6.2.10]
	at org.springframework.beans.factory.support.AbstractBeanFactory.lambda$doGetBean$0(AbstractBeanFactory.java:339) ~[spring-beans-6.2.10.jar:6.2.10]
	at org.springframework.beans.factory.support.DefaultSingletonBeanRegistry.getSingleton(DefaultSingletonBeanRegistry.java:373) ~[spring-beans-6.2.10.jar:6.2.10]
	at org.springframework.beans.factory.support.AbstractBeanFactory.doGetBean(AbstractBeanFactory.java:337) ~[spring-beans-6.2.10.jar:6.2.10]
	at org.springframework.beans.factory.support.AbstractBeanFactory.getBean(AbstractBeanFactory.java:202) ~[spring-beans-6.2.10.jar:6.2.10]
	at org.springframework.beans.factory.support.DefaultListableBeanFactory.instantiateSingleton(DefaultListableBeanFactory.java:1222) ~[spring-beans-6.2.10.jar:6.2.10]
	at org.springframework.beans.factory.support.DefaultListableBeanFactory.preInstantiateSingleton(DefaultListableBeanFactory.java:1188) ~[spring-beans-6.2.10.jar:6.2.10]
	at org.springframework.beans.factory.support.DefaultListableBeanFactory.preInstantiateSingletons(DefaultListableBeanFactory.java:1123) ~[spring-beans-6.2.10.jar:6.2.10]
	at org.springframework.context.support.AbstractApplicationContext.finishBeanFactoryInitialization(AbstractApplicationContext.java:987) ~[spring-context-6.2.10.jar:6.2.10]
	at org.springframework.context.support.AbstractApplicationContext.refresh(AbstractApplicationContext.java:627) ~[spring-context-6.2.10.jar:6.2.10]
	at org.springframework.boot.web.servlet.context.ServletWebServerApplicationContext.refresh(ServletWebServerApplicationContext.java:146) ~[spring-boot-3.5.5.jar:3.5.5]
	at org.springframework.boot.SpringApplication.refresh(SpringApplication.java:752) ~[spring-boot-3.5.5.jar:3.5.5]
	at org.springframework.boot.SpringApplication.refreshContext(SpringApplication.java:439) ~[spring-boot-3.5.5.jar:3.5.5]
	at org.springframework.boot.SpringApplication.run(SpringApplication.java:318) ~[spring-boot-3.5.5.jar:3.5.5]
	at org.springframework.boot.SpringApplication.run(SpringApplication.java:1361) ~[spring-boot-3.5.5.jar:3.5.5]
	at org.springframework.boot.SpringApplication.run(SpringApplication.java:1350) ~[spring-boot-3.5.5.jar:3.5.5]
	at com.web.SpringBootWebDemo.SpringBootWebDemoApplication.main(SpringBootWebDemoApplication.java:22) ~[classes/:na]
	at java.base/jdk.internal.reflect.NativeMethodAccessorImpl.invoke0(Native Method) ~[na:na]
	at java.base/jdk.internal.reflect.NativeMethodAccessorImpl.invoke(NativeMethodAccessorImpl.java:77) ~[na:na]
	at java.base/jdk.internal.reflect.DelegatingMethodAccessorImpl.invoke(DelegatingMethodAccessorImpl.java:43) ~[na:na]
	at java.base/java.lang.reflect.Method.invoke(Method.java:568) ~[na:na]
	at org.springframework.boot.devtools.restart.RestartLauncher.run(RestartLauncher.java:50) ~[spring-boot-devtools-3.5.5.jar:3.5.5]
Caused by: org.springframework.orm.ObjectOptimisticLockingFailureException: Row was updated or deleted by another transaction (or unsaved-value mapping was incorrect): [com.web.SpringBootWebDemo.entity.Book#1]
	at org.springframework.orm.jpa.vendor.HibernateJpaDialect.convertHibernateAccessException(HibernateJpaDialect.java:329) ~[spring-orm-6.2.10.jar:6.2.10]
	at org.springframework.orm.jpa.vendor.HibernateJpaDialect.convertHibernateAccessException(HibernateJpaDialect.java:256) ~[spring-orm-6.2.10.jar:6.2.10]
	at org.springframework.orm.jpa.vendor.HibernateJpaDialect.translateExceptionIfPossible(HibernateJpaDialect.java:244) ~[spring-orm-6.2.10.jar:6.2.10]
	at org.springframework.orm.jpa.AbstractEntityManagerFactoryBean.translateExceptionIfPossible(AbstractEntityManagerFactoryBean.java:560) ~[spring-orm-6.2.10.jar:6.2.10]
	at org.springframework.dao.support.ChainedPersistenceExceptionTranslator.translateExceptionIfPossible(ChainedPersistenceExceptionTranslator.java:61) ~[spring-tx-6.2.10.jar:6.2.10]
	at org.springframework.dao.support.DataAccessUtils.translateIfNecessary(DataAccessUtils.java:343) ~[spring-tx-6.2.10.jar:6.2.10]
	at org.springframework.dao.support.PersistenceExceptionTranslationInterceptor.invoke(PersistenceExceptionTranslationInterceptor.java:160) ~[spring-tx-6.2.10.jar:6.2.10]
	at org.springframework.aop.framework.ReflectiveMethodInvocation.proceed(ReflectiveMethodInvocation.java:184) ~[spring-aop-6.2.10.jar:6.2.10]
	at org.springframework.data.jpa.repository.support.CrudMethodMetadataPostProcessor$CrudMethodMetadataPopulatingMethodInterceptor.invoke(CrudMethodMetadataPostProcessor.java:165) ~[spring-data-jpa-3.5.3.jar:3.5.3]
	at org.springframework.aop.framework.ReflectiveMethodInvocation.proceed(ReflectiveMethodInvocation.java:184) ~[spring-aop-6.2.10.jar:6.2.10]
	at org.springframework.aop.framework.JdkDynamicAopProxy.invoke(JdkDynamicAopProxy.java:223) ~[spring-aop-6.2.10.jar:6.2.10]
	at jdk.proxy37/jdk.proxy37.$Proxy283.saveAll(Unknown Source) ~[na:na]
	at com.web.SpringBootWebDemo.SpringBootWebDemoApplication.addBook(SpringBootWebDemoApplication.java:37) ~[classes/:na]
	at java.base/jdk.internal.reflect.NativeMethodAccessorImpl.invoke0(Native Method) ~[na:na]
	at java.base/jdk.internal.reflect.NativeMethodAccessorImpl.invoke(NativeMethodAccessorImpl.java:77) ~[na:na]
	at java.base/jdk.internal.reflect.DelegatingMethodAccessorImpl.invoke(DelegatingMethodAccessorImpl.java:43) ~[na:na]
	at java.base/java.lang.reflect.Method.invoke(Method.java:568) ~[na:na]
	at org.springframework.beans.factory.annotation.InitDestroyAnnotationBeanPostProcessor$LifecycleMethod.invoke(InitDestroyAnnotationBeanPostProcessor.java:457) ~[spring-beans-6.2.10.jar:6.2.10]
	at org.springframework.beans.factory.annotation.InitDestroyAnnotationBeanPostProcessor$LifecycleMetadata.invokeInitMethods(InitDestroyAnnotationBeanPostProcessor.java:401) ~[spring-beans-6.2.10.jar:6.2.10]
	at org.springframework.beans.factory.annotation.InitDestroyAnnotationBeanPostProcessor.postProcessBeforeInitialization(InitDestroyAnnotationBeanPostProcessor.java:219) ~[spring-beans-6.2.10.jar:6.2.10]
	... 25 common frames omitted
Caused by: org.hibernate.StaleObjectStateException: Row was updated or deleted by another transaction (or unsaved-value mapping was incorrect): [com.web.SpringBootWebDemo.entity.Book#1]
	at org.hibernate.event.internal.DefaultMergeEventListener.entityIsDetached(DefaultMergeEventListener.java:426) ~[hibernate-core-6.6.26.Final.jar:6.6.26.Final]
	at org.hibernate.event.internal.DefaultMergeEventListener.merge(DefaultMergeEventListener.java:214) ~[hibernate-core-6.6.26.Final.jar:6.6.26.Final]
	at org.hibernate.event.internal.DefaultMergeEventListener.doMerge(DefaultMergeEventListener.java:152) ~[hibernate-core-6.6.26.Final.jar:6.6.26.Final]
	at org.hibernate.event.internal.DefaultMergeEventListener.onMerge(DefaultMergeEventListener.java:136) ~[hibernate-core-6.6.26.Final.jar:6.6.26.Final]
	at org.hibernate.event.internal.DefaultMergeEventListener.onMerge(DefaultMergeEventListener.java:89) ~[hibernate-core-6.6.26.Final.jar:6.6.26.Final]
	at org.hibernate.event.service.internal.EventListenerGroupImpl.fireEventOnEachListener(EventListenerGroupImpl.java:127) ~[hibernate-core-6.6.26.Final.jar:6.6.26.Final]
	at org.hibernate.internal.SessionImpl.fireMerge(SessionImpl.java:854) ~[hibernate-core-6.6.26.Final.jar:6.6.26.Final]
	at org.hibernate.internal.SessionImpl.merge(SessionImpl.java:840) ~[hibernate-core-6.6.26.Final.jar:6.6.26.Final]
	at java.base/jdk.internal.reflect.NativeMethodAccessorImpl.invoke0(Native Method) ~[na:na]
	at java.base/jdk.internal.reflect.NativeMethodAccessorImpl.invoke(NativeMethodAccessorImpl.java:77) ~[na:na]
	at java.base/jdk.internal.reflect.DelegatingMethodAccessorImpl.invoke(DelegatingMethodAccessorImpl.java:43) ~[na:na]
	at java.base/java.lang.reflect.Method.invoke(Method.java:568) ~[na:na]
	at org.springframework.orm.jpa.SharedEntityManagerCreator$SharedEntityManagerInvocationHandler.invoke(SharedEntityManagerCreator.java:320) ~[spring-orm-6.2.10.jar:6.2.10]
	at jdk.proxy37/jdk.proxy37.$Proxy281.merge(Unknown Source) ~[na:na]
	at org.springframework.data.jpa.repository.support.SimpleJpaRepository.save(SimpleJpaRepository.java:657) ~[spring-data-jpa-3.5.3.jar:3.5.3]
	at org.springframework.data.jpa.repository.support.SimpleJpaRepository.saveAll(SimpleJpaRepository.java:680) ~[spring-data-jpa-3.5.3.jar:3.5.3]
	at java.base/jdk.internal.reflect.NativeMethodAccessorImpl.invoke0(Native Method) ~[na:na]
	at java.base/jdk.internal.reflect.NativeMethodAccessorImpl.invoke(NativeMethodAccessorImpl.java:77) ~[na:na]
	at java.base/jdk.internal.reflect.DelegatingMethodAccessorImpl.invoke(DelegatingMethodAccessorImpl.java:43) ~[na:na]
	at java.base/java.lang.reflect.Method.invoke(Method.java:568) ~[na:na]
	at org.springframework.aop.support.AopUtils.invokeJoinpointUsingReflection(AopUtils.java:360) ~[spring-aop-6.2.10.jar:6.2.10]
	at org.springframework.data.repository.core.support.RepositoryMethodInvoker$RepositoryFragmentMethodInvoker.lambda$new$0(RepositoryMethodInvoker.java:277) ~[spring-data-commons-3.5.3.jar:3.5.3]
	at org.springframework.data.repository.core.support.RepositoryMethodInvoker.doInvoke(RepositoryMethodInvoker.java:170) ~[spring-data-commons-3.5.3.jar:3.5.3]
	at org.springframework.data.repository.core.support.RepositoryMethodInvoker.invoke(RepositoryMethodInvoker.java:158) ~[spring-data-commons-3.5.3.jar:3.5.3]
	at org.springframework.data.repository.core.support.RepositoryComposition$RepositoryFragments.invoke(RepositoryComposition.java:515) ~[spring-data-commons-3.5.3.jar:3.5.3]
	at org.springframework.data.repository.core.support.RepositoryComposition.invoke(RepositoryComposition.java:284) ~[spring-data-commons-3.5.3.jar:3.5.3]
	at org.springframework.data.repository.core.support.RepositoryFactorySupport$ImplementationMethodExecutionInterceptor.invoke(RepositoryFactorySupport.java:734) ~[spring-data-commons-3.5.3.jar:3.5.3]
	at org.springframework.aop.framework.ReflectiveMethodInvocation.proceed(ReflectiveMethodInvocation.java:184) ~[spring-aop-6.2.10.jar:6.2.10]
	at org.springframework.data.repository.core.support.QueryExecutorMethodInterceptor.doInvoke(QueryExecutorMethodInterceptor.java:174) ~[spring-data-commons-3.5.3.jar:3.5.3]
	at org.springframework.data.repository.core.support.QueryExecutorMethodInterceptor.invoke(QueryExecutorMethodInterceptor.java:149) ~[spring-data-commons-3.5.3.jar:3.5.3]
	at org.springframework.aop.framework.ReflectiveMethodInvocation.proceed(ReflectiveMethodInvocation.java:184) ~[spring-aop-6.2.10.jar:6.2.10]
	at org.springframework.data.projection.DefaultMethodInvokingMethodInterceptor.invoke(DefaultMethodInvokingMethodInterceptor.java:69) ~[spring-data-commons-3.5.3.jar:3.5.3]
	at org.springframework.aop.framework.ReflectiveMethodInvocation.proceed(ReflectiveMethodInvocation.java:184) ~[spring-aop-6.2.10.jar:6.2.10]
	at org.springframework.transaction.interceptor.TransactionAspectSupport.invokeWithinTransaction(TransactionAspectSupport.java:380) ~[spring-tx-6.2.10.jar:6.2.10]
	at org.springframework.transaction.interceptor.TransactionInterceptor.invoke(TransactionInterceptor.java:119) ~[spring-tx-6.2.10.jar:6.2.10]
	at org.springframework.aop.framework.ReflectiveMethodInvocation.proceed(ReflectiveMethodInvocation.java:184) ~[spring-aop-6.2.10.jar:6.2.10]
	at org.springframework.dao.support.PersistenceExceptionTranslationInterceptor.invoke(PersistenceExceptionTranslationInterceptor.java:138) ~[spring-tx-6.2.10.jar:6.2.10]
	... 38 common frames omitted

2025-09-12T19:28:13.863+05:30  INFO 12715 --- [SpringBootWebDemo] [restartedMain] c.w.S.SpringBootWebDemoApplication       : Starting SpringBootWebDemoApplication using Java 17.0.8 with PID 12715 (/Users/Shalini/Desktop/InfosysWS/SpringBoot/SpringBootWebDemo/target/classes started by Shalini in /Users/Shalini/Desktop/InfosysWS/SpringBoot/SpringBootWebDemo)
2025-09-12T19:28:13.864+05:30  INFO 12715 --- [SpringBootWebDemo] [restartedMain] c.w.S.SpringBootWebDemoApplication       : No active profile set, falling back to 1 default profile: "default"
2025-09-12T19:28:13.974+05:30  INFO 12715 --- [SpringBootWebDemo] [restartedMain] .s.d.r.c.RepositoryConfigurationDelegate : Bootstrapping Spring Data JPA repositories in DEFAULT mode.
2025-09-12T19:28:13.977+05:30  INFO 12715 --- [SpringBootWebDemo] [restartedMain] .s.d.r.c.RepositoryConfigurationDelegate : Finished Spring Data repository scanning in 2 ms. Found 1 JPA repository interface.
2025-09-12T19:28:14.003+05:30  INFO 12715 --- [SpringBootWebDemo] [restartedMain] o.s.b.w.embedded.tomcat.TomcatWebServer  : Tomcat initialized with port 8081 (http)
2025-09-12T19:28:14.004+05:30  INFO 12715 --- [SpringBootWebDemo] [restartedMain] o.apache.catalina.core.StandardService   : Starting service [Tomcat]
2025-09-12T19:28:14.004+05:30  INFO 12715 --- [SpringBootWebDemo] [restartedMain] o.apache.catalina.core.StandardEngine    : Starting Servlet engine: [Apache Tomcat/10.1.44]
2025-09-12T19:28:14.010+05:30  INFO 12715 --- [SpringBootWebDemo] [restartedMain] o.a.c.c.C.[Tomcat-3].[localhost].[/]     : Initializing Spring embedded WebApplicationContext
2025-09-12T19:28:14.010+05:30  INFO 12715 --- [SpringBootWebDemo] [restartedMain] w.s.c.ServletWebServerApplicationContext : Root WebApplicationContext: initialization completed in 145 ms
2025-09-12T19:28:14.026+05:30  INFO 12715 --- [SpringBootWebDemo] [restartedMain] o.hibernate.jpa.internal.util.LogHelper  : HHH000204: Processing PersistenceUnitInfo [name: default]
2025-09-12T19:28:14.026+05:30  INFO 12715 --- [SpringBootWebDemo] [restartedMain] o.h.c.internal.RegionFactoryInitiator    : HHH000026: Second-level cache disabled
2025-09-12T19:28:14.029+05:30  INFO 12715 --- [SpringBootWebDemo] [restartedMain] o.s.o.j.p.SpringPersistenceUnitInfo      : No LoadTimeWeaver setup: ignoring JPA class transformer
2025-09-12T19:28:14.030+05:30  INFO 12715 --- [SpringBootWebDemo] [restartedMain] com.zaxxer.hikari.HikariDataSource       : HikariPool-35 - Starting...
2025-09-12T19:28:14.039+05:30  INFO 12715 --- [SpringBootWebDemo] [restartedMain] com.zaxxer.hikari.pool.HikariPool        : HikariPool-35 - Added connection com.mysql.cj.jdbc.ConnectionImpl@1c2a17a4
2025-09-12T19:28:14.039+05:30  INFO 12715 --- [SpringBootWebDemo] [restartedMain] com.zaxxer.hikari.HikariDataSource       : HikariPool-35 - Start completed.
2025-09-12T19:28:14.039+05:30  WARN 12715 --- [SpringBootWebDemo] [restartedMain] org.hibernate.dialect.Dialect            : HHH000511: The 5.7.34 version for [org.hibernate.dialect.MySQLDialect] is no longer supported, hence certain features may not work properly. The minimum supported version is 8.0.0. Check the community dialects project for available legacy versions.
2025-09-12T19:28:14.040+05:30  INFO 12715 --- [SpringBootWebDemo] [restartedMain] org.hibernate.orm.connections.pooling    : HHH10001005: Database info:
	Database JDBC URL [Connecting through datasource 'HikariDataSource (HikariPool-35)']
	Database driver: undefined/unknown
	Database version: 5.7.34
	Autocommit mode: undefined/unknown
	Isolation level: undefined/unknown
	Minimum pool size: undefined/unknown
	Maximum pool size: undefined/unknown
2025-09-12T19:28:14.053+05:30  INFO 12715 --- [SpringBootWebDemo] [restartedMain] o.h.e.t.j.p.i.JtaPlatformInitiator       : HHH000489: No JTA platform available (set 'hibernate.transaction.jta.platform' to enable JTA platform integration)
2025-09-12T19:28:14.058+05:30  INFO 12715 --- [SpringBootWebDemo] [restartedMain] j.LocalContainerEntityManagerFactoryBean : Initialized JPA EntityManagerFactory for persistence unit 'default'
2025-09-12T19:28:14.109+05:30  WARN 12715 --- [SpringBootWebDemo] [restartedMain] JpaBaseConfiguration$JpaWebConfiguration : spring.jpa.open-in-view is enabled by default. Therefore, database queries may be performed during view rendering. Explicitly configure spring.jpa.open-in-view to disable this warning
2025-09-12T19:28:14.214+05:30  INFO 12715 --- [SpringBootWebDemo] [restartedMain] o.s.b.d.a.OptionalLiveReloadServer       : LiveReload server is running on port 35729
2025-09-12T19:28:14.214+05:30  INFO 12715 --- [SpringBootWebDemo] [restartedMain] o.s.b.a.e.web.EndpointLinksResolver      : Exposing 15 endpoints beneath base path '/manage'
2025-09-12T19:28:14.221+05:30  INFO 12715 --- [SpringBootWebDemo] [restartedMain] o.s.b.w.embedded.tomcat.TomcatWebServer  : Tomcat started on port 8081 (http) with context path '/'
2025-09-12T19:28:14.224+05:30  INFO 12715 --- [SpringBootWebDemo] [restartedMain] c.w.S.SpringBootWebDemoApplication       : Started SpringBootWebDemoApplication in 0.375 seconds (process running for 2458.769)
2025-09-12T19:28:14.225+05:30  INFO 12715 --- [SpringBootWebDemo] [restartedMain] .ConditionEvaluationDeltaLoggingListener : Condition evaluation unchanged
2025-09-12T19:28:27.772+05:30  INFO 12715 --- [SpringBootWebDemo] [File Watcher] rtingClassPathChangeChangedEventListener : Restarting due to 1 class path change (0 additions, 0 deletions, 1 modification)
2025-09-12T19:28:27.773+05:30  INFO 12715 --- [SpringBootWebDemo] [Thread-130] o.s.b.w.e.tomcat.GracefulShutdown        : Commencing graceful shutdown. Waiting for active requests to complete
2025-09-12T19:28:27.776+05:30  INFO 12715 --- [SpringBootWebDemo] [tomcat-shutdown] o.s.b.w.e.tomcat.GracefulShutdown        : Graceful shutdown complete
2025-09-12T19:28:27.778+05:30  INFO 12715 --- [SpringBootWebDemo] [Thread-130] j.LocalContainerEntityManagerFactoryBean : Closing JPA EntityManagerFactory for persistence unit 'default'
2025-09-12T19:28:27.778+05:30  INFO 12715 --- [SpringBootWebDemo] [Thread-130] com.zaxxer.hikari.HikariDataSource       : HikariPool-35 - Shutdown initiated...
2025-09-12T19:28:27.780+05:30  INFO 12715 --- [SpringBootWebDemo] [Thread-130] com.zaxxer.hikari.HikariDataSource       : HikariPool-35 - Shutdown completed.
2025-09-12T19:28:27.895+05:30  INFO 12715 --- [SpringBootWebDemo] [restartedMain] c.w.S.SpringBootWebDemoApplication       : Starting SpringBootWebDemoApplication using Java 17.0.8 with PID 12715 (/Users/Shalini/Desktop/InfosysWS/SpringBoot/SpringBootWebDemo/target/classes started by Shalini in /Users/Shalini/Desktop/InfosysWS/SpringBoot/SpringBootWebDemo)
2025-09-12T19:28:27.895+05:30  INFO 12715 --- [SpringBootWebDemo] [restartedMain] c.w.S.SpringBootWebDemoApplication       : No active profile set, falling back to 1 default profile: "default"
2025-09-12T19:28:27.979+05:30  INFO 12715 --- [SpringBootWebDemo] [restartedMain] .s.d.r.c.RepositoryConfigurationDelegate : Bootstrapping Spring Data JPA repositories in DEFAULT mode.
2025-09-12T19:28:27.982+05:30  INFO 12715 --- [SpringBootWebDemo] [restartedMain] .s.d.r.c.RepositoryConfigurationDelegate : Finished Spring Data repository scanning in 2 ms. Found 1 JPA repository interface.
2025-09-12T19:28:28.005+05:30  INFO 12715 --- [SpringBootWebDemo] [restartedMain] o.s.b.w.embedded.tomcat.TomcatWebServer  : Tomcat initialized with port 8081 (http)
2025-09-12T19:28:28.005+05:30  INFO 12715 --- [SpringBootWebDemo] [restartedMain] o.apache.catalina.core.StandardService   : Starting service [Tomcat]
2025-09-12T19:28:28.005+05:30  INFO 12715 --- [SpringBootWebDemo] [restartedMain] o.apache.catalina.core.StandardEngine    : Starting Servlet engine: [Apache Tomcat/10.1.44]
2025-09-12T19:28:28.011+05:30  INFO 12715 --- [SpringBootWebDemo] [restartedMain] o.a.c.c.C.[Tomcat-3].[localhost].[/]     : Initializing Spring embedded WebApplicationContext
2025-09-12T19:28:28.011+05:30  INFO 12715 --- [SpringBootWebDemo] [restartedMain] w.s.c.ServletWebServerApplicationContext : Root WebApplicationContext: initialization completed in 116 ms
2025-09-12T19:28:28.030+05:30  INFO 12715 --- [SpringBootWebDemo] [restartedMain] o.hibernate.jpa.internal.util.LogHelper  : HHH000204: Processing PersistenceUnitInfo [name: default]
2025-09-12T19:28:28.031+05:30  INFO 12715 --- [SpringBootWebDemo] [restartedMain] o.h.c.internal.RegionFactoryInitiator    : HHH000026: Second-level cache disabled
2025-09-12T19:28:28.034+05:30  INFO 12715 --- [SpringBootWebDemo] [restartedMain] o.s.o.j.p.SpringPersistenceUnitInfo      : No LoadTimeWeaver setup: ignoring JPA class transformer
2025-09-12T19:28:28.035+05:30  INFO 12715 --- [SpringBootWebDemo] [restartedMain] com.zaxxer.hikari.HikariDataSource       : HikariPool-36 - Starting...
2025-09-12T19:28:28.043+05:30  INFO 12715 --- [SpringBootWebDemo] [restartedMain] com.zaxxer.hikari.pool.HikariPool        : HikariPool-36 - Added connection com.mysql.cj.jdbc.ConnectionImpl@86d58a3
2025-09-12T19:28:28.044+05:30  INFO 12715 --- [SpringBootWebDemo] [restartedMain] com.zaxxer.hikari.HikariDataSource       : HikariPool-36 - Start completed.
2025-09-12T19:28:28.044+05:30  WARN 12715 --- [SpringBootWebDemo] [restartedMain] org.hibernate.dialect.Dialect            : HHH000511: The 5.7.34 version for [org.hibernate.dialect.MySQLDialect] is no longer supported, hence certain features may not work properly. The minimum supported version is 8.0.0. Check the community dialects project for available legacy versions.
2025-09-12T19:28:28.044+05:30  INFO 12715 --- [SpringBootWebDemo] [restartedMain] org.hibernate.orm.connections.pooling    : HHH10001005: Database info:
	Database JDBC URL [Connecting through datasource 'HikariDataSource (HikariPool-36)']
	Database driver: undefined/unknown
	Database version: 5.7.34
	Autocommit mode: undefined/unknown
	Isolation level: undefined/unknown
	Minimum pool size: undefined/unknown
	Maximum pool size: undefined/unknown
2025-09-12T19:28:28.057+05:30  INFO 12715 --- [SpringBootWebDemo] [restartedMain] o.h.e.t.j.p.i.JtaPlatformInitiator       : HHH000489: No JTA platform available (set 'hibernate.transaction.jta.platform' to enable JTA platform integration)
2025-09-12T19:28:28.062+05:30  INFO 12715 --- [SpringBootWebDemo] [restartedMain] j.LocalContainerEntityManagerFactoryBean : Initialized JPA EntityManagerFactory for persistence unit 'default'
2025-09-12T19:28:28.087+05:30  WARN 12715 --- [SpringBootWebDemo] [restartedMain] JpaBaseConfiguration$JpaWebConfiguration : spring.jpa.open-in-view is enabled by default. Therefore, database queries may be performed during view rendering. Explicitly configure spring.jpa.open-in-view to disable this warning
2025-09-12T19:28:28.185+05:30  INFO 12715 --- [SpringBootWebDemo] [restartedMain] o.s.b.d.a.OptionalLiveReloadServer       : LiveReload server is running on port 35729
2025-09-12T19:28:28.186+05:30  INFO 12715 --- [SpringBootWebDemo] [restartedMain] o.s.b.a.e.web.EndpointLinksResolver      : Exposing 15 endpoints beneath base path '/manage'
2025-09-12T19:28:28.191+05:30  INFO 12715 --- [SpringBootWebDemo] [restartedMain] o.s.b.w.embedded.tomcat.TomcatWebServer  : Tomcat started on port 8081 (http) with context path '/'
2025-09-12T19:28:28.195+05:30  INFO 12715 --- [SpringBootWebDemo] [restartedMain] c.w.S.SpringBootWebDemoApplication       : Started SpringBootWebDemoApplication in 0.309 seconds (process running for 2472.739)
2025-09-12T19:28:28.195+05:30  INFO 12715 --- [SpringBootWebDemo] [restartedMain] .ConditionEvaluationDeltaLoggingListener : Condition evaluation unchanged
2025-09-12T19:28:46.117+05:30  INFO 12715 --- [SpringBootWebDemo] [http-nio-8081-exec-1] o.a.c.c.C.[Tomcat-3].[localhost].[/]     : Initializing Spring DispatcherServlet 'dispatcherServlet'
2025-09-12T19:28:46.119+05:30  INFO 12715 --- [SpringBootWebDemo] [http-nio-8081-exec-1] o.s.web.servlet.DispatcherServlet        : Initializing Servlet 'dispatcherServlet'
2025-09-12T19:28:46.129+05:30  INFO 12715 --- [SpringBootWebDemo] [http-nio-8081-exec-1] o.s.web.servlet.DispatcherServlet        : Completed initialization in 10 ms
2025-09-12T19:28:46.141+05:30  INFO 12715 --- [SpringBootWebDemo] [http-nio-8081-exec-1] w.S.r.BookRestControllerExceptionHandler : Fetching Books 
2025-09-12T19:28:46.236+05:30  WARN 12715 --- [SpringBootWebDemo] [http-nio-8081-exec-2] .m.m.a.ExceptionHandlerExceptionResolver : Resolved [org.springframework.web.servlet.resource.NoResourceFoundException: No static resource favicon.ico.]
2025-09-12T19:28:52.135+05:30  INFO 12715 --- [SpringBootWebDemo] [http-nio-8081-exec-3] w.S.r.BookRestControllerExceptionHandler : Fetching Books 
2025-09-12T19:28:52.205+05:30  WARN 12715 --- [SpringBootWebDemo] [http-nio-8081-exec-4] .m.m.a.ExceptionHandlerExceptionResolver : Resolved [org.springframework.web.servlet.resource.NoResourceFoundException: No static resource favicon.ico.]
2025-09-12T19:28:59.166+05:30  INFO 12715 --- [SpringBootWebDemo] [http-nio-8081-exec-5] w.S.r.BookRestControllerExceptionHandler : Fetching Books 
2025-09-12T19:28:59.210+05:30  WARN 12715 --- [SpringBootWebDemo] [http-nio-8081-exec-6] .m.m.a.ExceptionHandlerExceptionResolver : Resolved [org.springframework.web.servlet.resource.NoResourceFoundException: No static resource favicon.ico.]
2025-09-12T19:29:37.375+05:30  INFO 12715 --- [SpringBootWebDemo] [File Watcher] rtingClassPathChangeChangedEventListener : Restarting due to 1 class path change (0 additions, 0 deletions, 1 modification)
2025-09-12T19:29:37.385+05:30  INFO 12715 --- [SpringBootWebDemo] [Thread-140] o.s.b.w.e.tomcat.GracefulShutdown        : Commencing graceful shutdown. Waiting for active requests to complete
2025-09-12T19:29:37.390+05:30  INFO 12715 --- [SpringBootWebDemo] [tomcat-shutdown] o.s.b.w.e.tomcat.GracefulShutdown        : Graceful shutdown complete
2025-09-12T19:29:37.394+05:30  INFO 12715 --- [SpringBootWebDemo] [Thread-140] j.LocalContainerEntityManagerFactoryBean : Closing JPA EntityManagerFactory for persistence unit 'default'
2025-09-12T19:29:37.396+05:30  INFO 12715 --- [SpringBootWebDemo] [Thread-140] com.zaxxer.hikari.HikariDataSource       : HikariPool-36 - Shutdown initiated...
2025-09-12T19:29:37.408+05:30  INFO 12715 --- [SpringBootWebDemo] [Thread-140] com.zaxxer.hikari.HikariDataSource       : HikariPool-36 - Shutdown completed.
2025-09-12T19:29:37.567+05:30  INFO 12715 --- [SpringBootWebDemo] [restartedMain] c.w.S.SpringBootWebDemoApplication       : Starting SpringBootWebDemoApplication using Java 17.0.8 with PID 12715 (/Users/Shalini/Desktop/InfosysWS/SpringBoot/SpringBootWebDemo/target/classes started by Shalini in /Users/Shalini/Desktop/InfosysWS/SpringBoot/SpringBootWebDemo)
2025-09-12T19:29:37.567+05:30  INFO 12715 --- [SpringBootWebDemo] [restartedMain] c.w.S.SpringBootWebDemoApplication       : No active profile set, falling back to 1 default profile: "default"
2025-09-12T19:29:37.666+05:30  INFO 12715 --- [SpringBootWebDemo] [restartedMain] .s.d.r.c.RepositoryConfigurationDelegate : Bootstrapping Spring Data JPA repositories in DEFAULT mode.
2025-09-12T19:29:37.669+05:30  INFO 12715 --- [SpringBootWebDemo] [restartedMain] .s.d.r.c.RepositoryConfigurationDelegate : Finished Spring Data repository scanning in 2 ms. Found 1 JPA repository interface.
2025-09-12T19:29:37.695+05:30  INFO 12715 --- [SpringBootWebDemo] [restartedMain] o.s.b.w.embedded.tomcat.TomcatWebServer  : Tomcat initialized with port 8081 (http)
2025-09-12T19:29:37.696+05:30  INFO 12715 --- [SpringBootWebDemo] [restartedMain] o.apache.catalina.core.StandardService   : Starting service [Tomcat]
2025-09-12T19:29:37.696+05:30  INFO 12715 --- [SpringBootWebDemo] [restartedMain] o.apache.catalina.core.StandardEngine    : Starting Servlet engine: [Apache Tomcat/10.1.44]
2025-09-12T19:29:37.703+05:30  INFO 12715 --- [SpringBootWebDemo] [restartedMain] o.a.c.c.C.[Tomcat-3].[localhost].[/]     : Initializing Spring embedded WebApplicationContext
2025-09-12T19:29:37.703+05:30  INFO 12715 --- [SpringBootWebDemo] [restartedMain] w.s.c.ServletWebServerApplicationContext : Root WebApplicationContext: initialization completed in 136 ms
2025-09-12T19:29:37.719+05:30  INFO 12715 --- [SpringBootWebDemo] [restartedMain] o.hibernate.jpa.internal.util.LogHelper  : HHH000204: Processing PersistenceUnitInfo [name: default]
2025-09-12T19:29:37.720+05:30  INFO 12715 --- [SpringBootWebDemo] [restartedMain] o.h.c.internal.RegionFactoryInitiator    : HHH000026: Second-level cache disabled
2025-09-12T19:29:37.723+05:30  INFO 12715 --- [SpringBootWebDemo] [restartedMain] o.s.o.j.p.SpringPersistenceUnitInfo      : No LoadTimeWeaver setup: ignoring JPA class transformer
2025-09-12T19:29:37.723+05:30  INFO 12715 --- [SpringBootWebDemo] [restartedMain] com.zaxxer.hikari.HikariDataSource       : HikariPool-37 - Starting...
2025-09-12T19:29:37.734+05:30  INFO 12715 --- [SpringBootWebDemo] [restartedMain] com.zaxxer.hikari.pool.HikariPool        : HikariPool-37 - Added connection com.mysql.cj.jdbc.ConnectionImpl@4cc39bb2
2025-09-12T19:29:37.734+05:30  INFO 12715 --- [SpringBootWebDemo] [restartedMain] com.zaxxer.hikari.HikariDataSource       : HikariPool-37 - Start completed.
2025-09-12T19:29:37.735+05:30  WARN 12715 --- [SpringBootWebDemo] [restartedMain] org.hibernate.dialect.Dialect            : HHH000511: The 5.7.34 version for [org.hibernate.dialect.MySQLDialect] is no longer supported, hence certain features may not work properly. The minimum supported version is 8.0.0. Check the community dialects project for available legacy versions.
2025-09-12T19:29:37.735+05:30  INFO 12715 --- [SpringBootWebDemo] [restartedMain] org.hibernate.orm.connections.pooling    : HHH10001005: Database info:
	Database JDBC URL [Connecting through datasource 'HikariDataSource (HikariPool-37)']
	Database driver: undefined/unknown
	Database version: 5.7.34
	Autocommit mode: undefined/unknown
	Isolation level: undefined/unknown
	Minimum pool size: undefined/unknown
	Maximum pool size: undefined/unknown
2025-09-12T19:29:37.748+05:30  INFO 12715 --- [SpringBootWebDemo] [restartedMain] o.h.e.t.j.p.i.JtaPlatformInitiator       : HHH000489: No JTA platform available (set 'hibernate.transaction.jta.platform' to enable JTA platform integration)
2025-09-12T19:29:37.753+05:30  INFO 12715 --- [SpringBootWebDemo] [restartedMain] j.LocalContainerEntityManagerFactoryBean : Initialized JPA EntityManagerFactory for persistence unit 'default'
2025-09-12T19:29:37.778+05:30  WARN 12715 --- [SpringBootWebDemo] [restartedMain] JpaBaseConfiguration$JpaWebConfiguration : spring.jpa.open-in-view is enabled by default. Therefore, database queries may be performed during view rendering. Explicitly configure spring.jpa.open-in-view to disable this warning
2025-09-12T19:29:37.900+05:30  INFO 12715 --- [SpringBootWebDemo] [restartedMain] o.s.b.d.a.OptionalLiveReloadServer       : LiveReload server is running on port 35729
2025-09-12T19:29:37.901+05:30  INFO 12715 --- [SpringBootWebDemo] [restartedMain] o.s.b.a.e.web.EndpointLinksResolver      : Exposing 15 endpoints beneath base path '/manage'
2025-09-12T19:29:37.906+05:30  INFO 12715 --- [SpringBootWebDemo] [restartedMain] o.s.b.w.embedded.tomcat.TomcatWebServer  : Tomcat started on port 8081 (http) with context path '/'
2025-09-12T19:29:37.910+05:30  INFO 12715 --- [SpringBootWebDemo] [restartedMain] c.w.S.SpringBootWebDemoApplication       : Started SpringBootWebDemoApplication in 0.352 seconds (process running for 2542.455)
2025-09-12T19:29:37.911+05:30  INFO 12715 --- [SpringBootWebDemo] [restartedMain] .ConditionEvaluationDeltaLoggingListener : Condition evaluation unchanged
2025-09-12T19:31:25.529+05:30  INFO 12715 --- [SpringBootWebDemo] [File Watcher] rtingClassPathChangeChangedEventListener : Restarting due to 1 class path change (0 additions, 0 deletions, 1 modification)
2025-09-12T19:31:25.539+05:30  INFO 12715 --- [SpringBootWebDemo] [Thread-144] o.s.b.w.e.tomcat.GracefulShutdown        : Commencing graceful shutdown. Waiting for active requests to complete
2025-09-12T19:31:25.543+05:30  INFO 12715 --- [SpringBootWebDemo] [tomcat-shutdown] o.s.b.w.e.tomcat.GracefulShutdown        : Graceful shutdown complete
2025-09-12T19:31:25.548+05:30  INFO 12715 --- [SpringBootWebDemo] [Thread-144] j.LocalContainerEntityManagerFactoryBean : Closing JPA EntityManagerFactory for persistence unit 'default'
2025-09-12T19:31:25.550+05:30  INFO 12715 --- [SpringBootWebDemo] [Thread-144] com.zaxxer.hikari.HikariDataSource       : HikariPool-37 - Shutdown initiated...
2025-09-12T19:31:25.554+05:30  INFO 12715 --- [SpringBootWebDemo] [Thread-144] com.zaxxer.hikari.HikariDataSource       : HikariPool-37 - Shutdown completed.
2025-09-12T19:31:25.691+05:30  INFO 12715 --- [SpringBootWebDemo] [restartedMain] c.w.S.SpringBootWebDemoApplication       : Starting SpringBootWebDemoApplication using Java 17.0.8 with PID 12715 (/Users/Shalini/Desktop/InfosysWS/SpringBoot/SpringBootWebDemo/target/classes started by Shalini in /Users/Shalini/Desktop/InfosysWS/SpringBoot/SpringBootWebDemo)
2025-09-12T19:31:25.691+05:30  INFO 12715 --- [SpringBootWebDemo] [restartedMain] c.w.S.SpringBootWebDemoApplication       : No active profile set, falling back to 1 default profile: "default"
2025-09-12T19:31:25.786+05:30  INFO 12715 --- [SpringBootWebDemo] [restartedMain] .s.d.r.c.RepositoryConfigurationDelegate : Bootstrapping Spring Data JPA repositories in DEFAULT mode.
2025-09-12T19:31:25.788+05:30  INFO 12715 --- [SpringBootWebDemo] [restartedMain] .s.d.r.c.RepositoryConfigurationDelegate : Finished Spring Data repository scanning in 2 ms. Found 1 JPA repository interface.
2025-09-12T19:31:25.819+05:30  INFO 12715 --- [SpringBootWebDemo] [restartedMain] o.s.b.w.embedded.tomcat.TomcatWebServer  : Tomcat initialized with port 8081 (http)
2025-09-12T19:31:25.819+05:30  INFO 12715 --- [SpringBootWebDemo] [restartedMain] o.apache.catalina.core.StandardService   : Starting service [Tomcat]
2025-09-12T19:31:25.819+05:30  INFO 12715 --- [SpringBootWebDemo] [restartedMain] o.apache.catalina.core.StandardEngine    : Starting Servlet engine: [Apache Tomcat/10.1.44]
2025-09-12T19:31:25.827+05:30  INFO 12715 --- [SpringBootWebDemo] [restartedMain] o.a.c.c.C.[Tomcat-3].[localhost].[/]     : Initializing Spring embedded WebApplicationContext
2025-09-12T19:31:25.827+05:30  INFO 12715 --- [SpringBootWebDemo] [restartedMain] w.s.c.ServletWebServerApplicationContext : Root WebApplicationContext: initialization completed in 135 ms
2025-09-12T19:31:25.843+05:30  INFO 12715 --- [SpringBootWebDemo] [restartedMain] o.hibernate.jpa.internal.util.LogHelper  : HHH000204: Processing PersistenceUnitInfo [name: default]
2025-09-12T19:31:25.843+05:30  INFO 12715 --- [SpringBootWebDemo] [restartedMain] o.h.c.internal.RegionFactoryInitiator    : HHH000026: Second-level cache disabled
2025-09-12T19:31:25.846+05:30  INFO 12715 --- [SpringBootWebDemo] [restartedMain] o.s.o.j.p.SpringPersistenceUnitInfo      : No LoadTimeWeaver setup: ignoring JPA class transformer
2025-09-12T19:31:25.847+05:30  INFO 12715 --- [SpringBootWebDemo] [restartedMain] com.zaxxer.hikari.HikariDataSource       : HikariPool-38 - Starting...
2025-09-12T19:31:25.860+05:30  INFO 12715 --- [SpringBootWebDemo] [restartedMain] com.zaxxer.hikari.pool.HikariPool        : HikariPool-38 - Added connection com.mysql.cj.jdbc.ConnectionImpl@65cacadb
2025-09-12T19:31:25.861+05:30  INFO 12715 --- [SpringBootWebDemo] [restartedMain] com.zaxxer.hikari.HikariDataSource       : HikariPool-38 - Start completed.
2025-09-12T19:31:25.861+05:30  WARN 12715 --- [SpringBootWebDemo] [restartedMain] org.hibernate.dialect.Dialect            : HHH000511: The 5.7.34 version for [org.hibernate.dialect.MySQLDialect] is no longer supported, hence certain features may not work properly. The minimum supported version is 8.0.0. Check the community dialects project for available legacy versions.
2025-09-12T19:31:25.862+05:30  INFO 12715 --- [SpringBootWebDemo] [restartedMain] org.hibernate.orm.connections.pooling    : HHH10001005: Database info:
	Database JDBC URL [Connecting through datasource 'HikariDataSource (HikariPool-38)']
	Database driver: undefined/unknown
	Database version: 5.7.34
	Autocommit mode: undefined/unknown
	Isolation level: undefined/unknown
	Minimum pool size: undefined/unknown
	Maximum pool size: undefined/unknown
2025-09-12T19:31:25.875+05:30  INFO 12715 --- [SpringBootWebDemo] [restartedMain] o.h.e.t.j.p.i.JtaPlatformInitiator       : HHH000489: No JTA platform available (set 'hibernate.transaction.jta.platform' to enable JTA platform integration)
2025-09-12T19:31:25.882+05:30  INFO 12715 --- [SpringBootWebDemo] [restartedMain] j.LocalContainerEntityManagerFactoryBean : Initialized JPA EntityManagerFactory for persistence unit 'default'
2025-09-12T19:31:25.906+05:30  WARN 12715 --- [SpringBootWebDemo] [restartedMain] JpaBaseConfiguration$JpaWebConfiguration : spring.jpa.open-in-view is enabled by default. Therefore, database queries may be performed during view rendering. Explicitly configure spring.jpa.open-in-view to disable this warning
2025-09-12T19:31:26.039+05:30  INFO 12715 --- [SpringBootWebDemo] [restartedMain] o.s.b.d.a.OptionalLiveReloadServer       : LiveReload server is running on port 35729
2025-09-12T19:31:26.039+05:30  INFO 12715 --- [SpringBootWebDemo] [restartedMain] o.s.b.a.e.web.EndpointLinksResolver      : Exposing 15 endpoints beneath base path '/manage'
2025-09-12T19:31:26.045+05:30  INFO 12715 --- [SpringBootWebDemo] [restartedMain] o.s.b.w.embedded.tomcat.TomcatWebServer  : Tomcat started on port 8081 (http) with context path '/'
2025-09-12T19:31:26.048+05:30  INFO 12715 --- [SpringBootWebDemo] [restartedMain] c.w.S.SpringBootWebDemoApplication       : Started SpringBootWebDemoApplication in 0.367 seconds (process running for 2650.593)
2025-09-12T19:31:26.049+05:30  INFO 12715 --- [SpringBootWebDemo] [restartedMain] .ConditionEvaluationDeltaLoggingListener : Condition evaluation unchanged
2025-09-12T19:32:02.856+05:30  INFO 12715 --- [SpringBootWebDemo] [File Watcher] rtingClassPathChangeChangedEventListener : Restarting due to 1 class path change (0 additions, 0 deletions, 1 modification)
2025-09-12T19:32:02.866+05:30  INFO 12715 --- [SpringBootWebDemo] [Thread-148] o.s.b.w.e.tomcat.GracefulShutdown        : Commencing graceful shutdown. Waiting for active requests to complete
2025-09-12T19:32:02.870+05:30  INFO 12715 --- [SpringBootWebDemo] [tomcat-shutdown] o.s.b.w.e.tomcat.GracefulShutdown        : Graceful shutdown complete
2025-09-12T19:32:02.875+05:30  INFO 12715 --- [SpringBootWebDemo] [Thread-148] j.LocalContainerEntityManagerFactoryBean : Closing JPA EntityManagerFactory for persistence unit 'default'
2025-09-12T19:32:02.877+05:30  INFO 12715 --- [SpringBootWebDemo] [Thread-148] com.zaxxer.hikari.HikariDataSource       : HikariPool-38 - Shutdown initiated...
2025-09-12T19:32:02.881+05:30  INFO 12715 --- [SpringBootWebDemo] [Thread-148] com.zaxxer.hikari.HikariDataSource       : HikariPool-38 - Shutdown completed.
2025-09-12T19:32:03.037+05:30  INFO 12715 --- [SpringBootWebDemo] [restartedMain] c.w.S.SpringBootWebDemoApplication       : Starting SpringBootWebDemoApplication using Java 17.0.8 with PID 12715 (/Users/Shalini/Desktop/InfosysWS/SpringBoot/SpringBootWebDemo/target/classes started by Shalini in /Users/Shalini/Desktop/InfosysWS/SpringBoot/SpringBootWebDemo)
2025-09-12T19:32:03.037+05:30  INFO 12715 --- [SpringBootWebDemo] [restartedMain] c.w.S.SpringBootWebDemoApplication       : No active profile set, falling back to 1 default profile: "default"
2025-09-12T19:32:03.125+05:30  INFO 12715 --- [SpringBootWebDemo] [restartedMain] .s.d.r.c.RepositoryConfigurationDelegate : Bootstrapping Spring Data JPA repositories in DEFAULT mode.
2025-09-12T19:32:03.128+05:30  INFO 12715 --- [SpringBootWebDemo] [restartedMain] .s.d.r.c.RepositoryConfigurationDelegate : Finished Spring Data repository scanning in 2 ms. Found 1 JPA repository interface.
2025-09-12T19:32:03.153+05:30  INFO 12715 --- [SpringBootWebDemo] [restartedMain] o.s.b.w.embedded.tomcat.TomcatWebServer  : Tomcat initialized with port 8081 (http)
2025-09-12T19:32:03.153+05:30  INFO 12715 --- [SpringBootWebDemo] [restartedMain] o.apache.catalina.core.StandardService   : Starting service [Tomcat]
2025-09-12T19:32:03.153+05:30  INFO 12715 --- [SpringBootWebDemo] [restartedMain] o.apache.catalina.core.StandardEngine    : Starting Servlet engine: [Apache Tomcat/10.1.44]
2025-09-12T19:32:03.159+05:30  INFO 12715 --- [SpringBootWebDemo] [restartedMain] o.a.c.c.C.[Tomcat-3].[localhost].[/]     : Initializing Spring embedded WebApplicationContext
2025-09-12T19:32:03.159+05:30  INFO 12715 --- [SpringBootWebDemo] [restartedMain] w.s.c.ServletWebServerApplicationContext : Root WebApplicationContext: initialization completed in 122 ms
2025-09-12T19:32:03.181+05:30  INFO 12715 --- [SpringBootWebDemo] [restartedMain] o.hibernate.jpa.internal.util.LogHelper  : HHH000204: Processing PersistenceUnitInfo [name: default]
2025-09-12T19:32:03.182+05:30  INFO 12715 --- [SpringBootWebDemo] [restartedMain] o.h.c.internal.RegionFactoryInitiator    : HHH000026: Second-level cache disabled
2025-09-12T19:32:03.184+05:30  INFO 12715 --- [SpringBootWebDemo] [restartedMain] o.s.o.j.p.SpringPersistenceUnitInfo      : No LoadTimeWeaver setup: ignoring JPA class transformer
2025-09-12T19:32:03.185+05:30  INFO 12715 --- [SpringBootWebDemo] [restartedMain] com.zaxxer.hikari.HikariDataSource       : HikariPool-39 - Starting...
2025-09-12T19:32:03.195+05:30  INFO 12715 --- [SpringBootWebDemo] [restartedMain] com.zaxxer.hikari.pool.HikariPool        : HikariPool-39 - Added connection com.mysql.cj.jdbc.ConnectionImpl@7211aa84
2025-09-12T19:32:03.195+05:30  INFO 12715 --- [SpringBootWebDemo] [restartedMain] com.zaxxer.hikari.HikariDataSource       : HikariPool-39 - Start completed.
2025-09-12T19:32:03.198+05:30  WARN 12715 --- [SpringBootWebDemo] [restartedMain] org.hibernate.dialect.Dialect            : HHH000511: The 5.7.34 version for [org.hibernate.dialect.MySQLDialect] is no longer supported, hence certain features may not work properly. The minimum supported version is 8.0.0. Check the community dialects project for available legacy versions.
2025-09-12T19:32:03.198+05:30  INFO 12715 --- [SpringBootWebDemo] [restartedMain] org.hibernate.orm.connections.pooling    : HHH10001005: Database info:
	Database JDBC URL [Connecting through datasource 'HikariDataSource (HikariPool-39)']
	Database driver: undefined/unknown
	Database version: 5.7.34
	Autocommit mode: undefined/unknown
	Isolation level: undefined/unknown
	Minimum pool size: undefined/unknown
	Maximum pool size: undefined/unknown
2025-09-12T19:32:03.211+05:30  INFO 12715 --- [SpringBootWebDemo] [restartedMain] o.h.e.t.j.p.i.JtaPlatformInitiator       : HHH000489: No JTA platform available (set 'hibernate.transaction.jta.platform' to enable JTA platform integration)
2025-09-12T19:32:03.217+05:30  INFO 12715 --- [SpringBootWebDemo] [restartedMain] j.LocalContainerEntityManagerFactoryBean : Initialized JPA EntityManagerFactory for persistence unit 'default'
2025-09-12T19:32:03.241+05:30  WARN 12715 --- [SpringBootWebDemo] [restartedMain] JpaBaseConfiguration$JpaWebConfiguration : spring.jpa.open-in-view is enabled by default. Therefore, database queries may be performed during view rendering. Explicitly configure spring.jpa.open-in-view to disable this warning
2025-09-12T19:32:03.362+05:30  INFO 12715 --- [SpringBootWebDemo] [restartedMain] o.s.b.d.a.OptionalLiveReloadServer       : LiveReload server is running on port 35729
2025-09-12T19:32:03.363+05:30  INFO 12715 --- [SpringBootWebDemo] [restartedMain] o.s.b.a.e.web.EndpointLinksResolver      : Exposing 15 endpoints beneath base path '/manage'
2025-09-12T19:32:03.369+05:30  INFO 12715 --- [SpringBootWebDemo] [restartedMain] o.s.b.w.embedded.tomcat.TomcatWebServer  : Tomcat started on port 8081 (http) with context path '/'
2025-09-12T19:32:03.374+05:30  INFO 12715 --- [SpringBootWebDemo] [restartedMain] c.w.S.SpringBootWebDemoApplication       : Started SpringBootWebDemoApplication in 0.347 seconds (process running for 2687.919)
2025-09-12T19:32:03.375+05:30  INFO 12715 --- [SpringBootWebDemo] [restartedMain] .ConditionEvaluationDeltaLoggingListener : Condition evaluation unchanged
2025-09-12T19:32:51.316+05:30  INFO 12715 --- [SpringBootWebDemo] [File Watcher] rtingClassPathChangeChangedEventListener : Restarting due to 1 class path change (0 additions, 0 deletions, 1 modification)
2025-09-12T19:32:51.326+05:30  INFO 12715 --- [SpringBootWebDemo] [Thread-152] o.s.b.w.e.tomcat.GracefulShutdown        : Commencing graceful shutdown. Waiting for active requests to complete
2025-09-12T19:32:51.330+05:30  INFO 12715 --- [SpringBootWebDemo] [tomcat-shutdown] o.s.b.w.e.tomcat.GracefulShutdown        : Graceful shutdown complete
2025-09-12T19:32:51.334+05:30  INFO 12715 --- [SpringBootWebDemo] [Thread-152] j.LocalContainerEntityManagerFactoryBean : Closing JPA EntityManagerFactory for persistence unit 'default'
2025-09-12T19:32:51.336+05:30  INFO 12715 --- [SpringBootWebDemo] [Thread-152] com.zaxxer.hikari.HikariDataSource       : HikariPool-39 - Shutdown initiated...
2025-09-12T19:32:51.341+05:30  INFO 12715 --- [SpringBootWebDemo] [Thread-152] com.zaxxer.hikari.HikariDataSource       : HikariPool-39 - Shutdown completed.
2025-09-12T19:32:51.501+05:30  INFO 12715 --- [SpringBootWebDemo] [restartedMain] c.w.S.SpringBootWebDemoApplication       : Starting SpringBootWebDemoApplication using Java 17.0.8 with PID 12715 (/Users/Shalini/Desktop/InfosysWS/SpringBoot/SpringBootWebDemo/target/classes started by Shalini in /Users/Shalini/Desktop/InfosysWS/SpringBoot/SpringBootWebDemo)
2025-09-12T19:32:51.501+05:30  INFO 12715 --- [SpringBootWebDemo] [restartedMain] c.w.S.SpringBootWebDemoApplication       : No active profile set, falling back to 1 default profile: "default"
2025-09-12T19:32:51.587+05:30  INFO 12715 --- [SpringBootWebDemo] [restartedMain] .s.d.r.c.RepositoryConfigurationDelegate : Bootstrapping Spring Data JPA repositories in DEFAULT mode.
2025-09-12T19:32:51.590+05:30  INFO 12715 --- [SpringBootWebDemo] [restartedMain] .s.d.r.c.RepositoryConfigurationDelegate : Finished Spring Data repository scanning in 2 ms. Found 1 JPA repository interface.
2025-09-12T19:32:51.615+05:30  INFO 12715 --- [SpringBootWebDemo] [restartedMain] o.s.b.w.embedded.tomcat.TomcatWebServer  : Tomcat initialized with port 8081 (http)
2025-09-12T19:32:51.616+05:30  INFO 12715 --- [SpringBootWebDemo] [restartedMain] o.apache.catalina.core.StandardService   : Starting service [Tomcat]
2025-09-12T19:32:51.616+05:30  INFO 12715 --- [SpringBootWebDemo] [restartedMain] o.apache.catalina.core.StandardEngine    : Starting Servlet engine: [Apache Tomcat/10.1.44]
2025-09-12T19:32:51.622+05:30  INFO 12715 --- [SpringBootWebDemo] [restartedMain] o.a.c.c.C.[Tomcat-3].[localhost].[/]     : Initializing Spring embedded WebApplicationContext
2025-09-12T19:32:51.622+05:30  INFO 12715 --- [SpringBootWebDemo] [restartedMain] w.s.c.ServletWebServerApplicationContext : Root WebApplicationContext: initialization completed in 121 ms
2025-09-12T19:32:51.646+05:30  INFO 12715 --- [SpringBootWebDemo] [restartedMain] o.hibernate.jpa.internal.util.LogHelper  : HHH000204: Processing PersistenceUnitInfo [name: default]
2025-09-12T19:32:51.651+05:30  INFO 12715 --- [SpringBootWebDemo] [restartedMain] o.h.c.internal.RegionFactoryInitiator    : HHH000026: Second-level cache disabled
2025-09-12T19:32:51.654+05:30  INFO 12715 --- [SpringBootWebDemo] [restartedMain] o.s.o.j.p.SpringPersistenceUnitInfo      : No LoadTimeWeaver setup: ignoring JPA class transformer
2025-09-12T19:32:51.655+05:30  INFO 12715 --- [SpringBootWebDemo] [restartedMain] com.zaxxer.hikari.HikariDataSource       : HikariPool-40 - Starting...
2025-09-12T19:32:51.666+05:30  INFO 12715 --- [SpringBootWebDemo] [restartedMain] com.zaxxer.hikari.pool.HikariPool        : HikariPool-40 - Added connection com.mysql.cj.jdbc.ConnectionImpl@3e543fe9
2025-09-12T19:32:51.666+05:30  INFO 12715 --- [SpringBootWebDemo] [restartedMain] com.zaxxer.hikari.HikariDataSource       : HikariPool-40 - Start completed.
2025-09-12T19:32:51.667+05:30  WARN 12715 --- [SpringBootWebDemo] [restartedMain] org.hibernate.dialect.Dialect            : HHH000511: The 5.7.34 version for [org.hibernate.dialect.MySQLDialect] is no longer supported, hence certain features may not work properly. The minimum supported version is 8.0.0. Check the community dialects project for available legacy versions.
2025-09-12T19:32:51.667+05:30  INFO 12715 --- [SpringBootWebDemo] [restartedMain] org.hibernate.orm.connections.pooling    : HHH10001005: Database info:
	Database JDBC URL [Connecting through datasource 'HikariDataSource (HikariPool-40)']
	Database driver: undefined/unknown
	Database version: 5.7.34
	Autocommit mode: undefined/unknown
	Isolation level: undefined/unknown
	Minimum pool size: undefined/unknown
	Maximum pool size: undefined/unknown
2025-09-12T19:32:51.679+05:30  INFO 12715 --- [SpringBootWebDemo] [restartedMain] o.h.e.t.j.p.i.JtaPlatformInitiator       : HHH000489: No JTA platform available (set 'hibernate.transaction.jta.platform' to enable JTA platform integration)
2025-09-12T19:32:51.685+05:30  INFO 12715 --- [SpringBootWebDemo] [restartedMain] j.LocalContainerEntityManagerFactoryBean : Initialized JPA EntityManagerFactory for persistence unit 'default'
2025-09-12T19:32:51.712+05:30  WARN 12715 --- [SpringBootWebDemo] [restartedMain] JpaBaseConfiguration$JpaWebConfiguration : spring.jpa.open-in-view is enabled by default. Therefore, database queries may be performed during view rendering. Explicitly configure spring.jpa.open-in-view to disable this warning
2025-09-12T19:32:51.828+05:30  INFO 12715 --- [SpringBootWebDemo] [restartedMain] o.s.b.d.a.OptionalLiveReloadServer       : LiveReload server is running on port 35729
2025-09-12T19:32:51.829+05:30  INFO 12715 --- [SpringBootWebDemo] [restartedMain] o.s.b.a.e.web.EndpointLinksResolver      : Exposing 15 endpoints beneath base path '/manage'
2025-09-12T19:32:51.836+05:30  INFO 12715 --- [SpringBootWebDemo] [restartedMain] o.s.b.w.embedded.tomcat.TomcatWebServer  : Tomcat started on port 8081 (http) with context path '/'
2025-09-12T19:32:51.840+05:30  INFO 12715 --- [SpringBootWebDemo] [restartedMain] c.w.S.SpringBootWebDemoApplication       : Started SpringBootWebDemoApplication in 0.348 seconds (process running for 2736.385)
2025-09-12T19:32:51.840+05:30  INFO 12715 --- [SpringBootWebDemo] [restartedMain] .ConditionEvaluationDeltaLoggingListener : Condition evaluation unchanged
2025-09-12T19:33:10.170+05:30  INFO 12715 --- [SpringBootWebDemo] [http-nio-8081-exec-1] o.a.c.c.C.[Tomcat-3].[localhost].[/]     : Initializing Spring DispatcherServlet 'dispatcherServlet'
2025-09-12T19:33:10.172+05:30  INFO 12715 --- [SpringBootWebDemo] [http-nio-8081-exec-1] o.s.web.servlet.DispatcherServlet        : Initializing Servlet 'dispatcherServlet'
2025-09-12T19:33:10.181+05:30  INFO 12715 --- [SpringBootWebDemo] [http-nio-8081-exec-1] o.s.web.servlet.DispatcherServlet        : Completed initialization in 9 ms
2025-09-12T19:33:10.195+05:30  INFO 12715 --- [SpringBootWebDemo] [http-nio-8081-exec-1] w.S.r.BookRestControllerExceptionHandler : Fetching Books 
2025-09-12T19:33:10.280+05:30  WARN 12715 --- [SpringBootWebDemo] [http-nio-8081-exec-3] .m.m.a.ExceptionHandlerExceptionResolver : Resolved [org.springframework.web.servlet.resource.NoResourceFoundException: No static resource favicon.ico.]
2025-09-12T19:33:19.466+05:30  INFO 12715 --- [SpringBootWebDemo] [http-nio-8081-exec-2] w.S.r.BookRestControllerExceptionHandler : Fetching Books 
2025-09-12T19:33:19.519+05:30  WARN 12715 --- [SpringBootWebDemo] [http-nio-8081-exec-4] .m.m.a.ExceptionHandlerExceptionResolver : Resolved [org.springframework.web.servlet.resource.NoResourceFoundException: No static resource favicon.ico.]
2025-09-12T19:33:43.824+05:30  INFO 12715 --- [SpringBootWebDemo] [File Watcher] rtingClassPathChangeChangedEventListener : Restarting due to 1 class path change (0 additions, 0 deletions, 1 modification)
2025-09-12T19:33:43.827+05:30  INFO 12715 --- [SpringBootWebDemo] [Thread-156] o.s.b.w.e.tomcat.GracefulShutdown        : Commencing graceful shutdown. Waiting for active requests to complete
2025-09-12T19:33:43.831+05:30  INFO 12715 --- [SpringBootWebDemo] [tomcat-shutdown] o.s.b.w.e.tomcat.GracefulShutdown        : Graceful shutdown complete
2025-09-12T19:33:43.834+05:30  INFO 12715 --- [SpringBootWebDemo] [Thread-156] j.LocalContainerEntityManagerFactoryBean : Closing JPA EntityManagerFactory for persistence unit 'default'
2025-09-12T19:33:43.835+05:30  INFO 12715 --- [SpringBootWebDemo] [Thread-156] com.zaxxer.hikari.HikariDataSource       : HikariPool-40 - Shutdown initiated...
2025-09-12T19:33:43.839+05:30  INFO 12715 --- [SpringBootWebDemo] [Thread-156] com.zaxxer.hikari.HikariDataSource       : HikariPool-40 - Shutdown completed.
2025-09-12T19:33:43.974+05:30  INFO 12715 --- [SpringBootWebDemo] [restartedMain] c.w.S.SpringBootWebDemoApplication       : Starting SpringBootWebDemoApplication using Java 17.0.8 with PID 12715 (/Users/Shalini/Desktop/InfosysWS/SpringBoot/SpringBootWebDemo/target/classes started by Shalini in /Users/Shalini/Desktop/InfosysWS/SpringBoot/SpringBootWebDemo)
2025-09-12T19:33:43.974+05:30  INFO 12715 --- [SpringBootWebDemo] [restartedMain] c.w.S.SpringBootWebDemoApplication       : No active profile set, falling back to 1 default profile: "default"
2025-09-12T19:33:44.063+05:30  INFO 12715 --- [SpringBootWebDemo] [restartedMain] .s.d.r.c.RepositoryConfigurationDelegate : Bootstrapping Spring Data JPA repositories in DEFAULT mode.
2025-09-12T19:33:44.067+05:30  INFO 12715 --- [SpringBootWebDemo] [restartedMain] .s.d.r.c.RepositoryConfigurationDelegate : Finished Spring Data repository scanning in 2 ms. Found 1 JPA repository interface.
2025-09-12T19:33:44.093+05:30  INFO 12715 --- [SpringBootWebDemo] [restartedMain] o.s.b.w.embedded.tomcat.TomcatWebServer  : Tomcat initialized with port 8081 (http)
2025-09-12T19:33:44.093+05:30  INFO 12715 --- [SpringBootWebDemo] [restartedMain] o.apache.catalina.core.StandardService   : Starting service [Tomcat]
2025-09-12T19:33:44.093+05:30  INFO 12715 --- [SpringBootWebDemo] [restartedMain] o.apache.catalina.core.StandardEngine    : Starting Servlet engine: [Apache Tomcat/10.1.44]
2025-09-12T19:33:44.099+05:30  INFO 12715 --- [SpringBootWebDemo] [restartedMain] o.a.c.c.C.[Tomcat-3].[localhost].[/]     : Initializing Spring embedded WebApplicationContext
2025-09-12T19:33:44.099+05:30  INFO 12715 --- [SpringBootWebDemo] [restartedMain] w.s.c.ServletWebServerApplicationContext : Root WebApplicationContext: initialization completed in 124 ms
2025-09-12T19:33:44.113+05:30  INFO 12715 --- [SpringBootWebDemo] [restartedMain] o.hibernate.jpa.internal.util.LogHelper  : HHH000204: Processing PersistenceUnitInfo [name: default]
2025-09-12T19:33:44.114+05:30  INFO 12715 --- [SpringBootWebDemo] [restartedMain] o.h.c.internal.RegionFactoryInitiator    : HHH000026: Second-level cache disabled
2025-09-12T19:33:44.117+05:30  INFO 12715 --- [SpringBootWebDemo] [restartedMain] o.s.o.j.p.SpringPersistenceUnitInfo      : No LoadTimeWeaver setup: ignoring JPA class transformer
2025-09-12T19:33:44.117+05:30  INFO 12715 --- [SpringBootWebDemo] [restartedMain] com.zaxxer.hikari.HikariDataSource       : HikariPool-41 - Starting...
2025-09-12T19:33:44.138+05:30  INFO 12715 --- [SpringBootWebDemo] [restartedMain] com.zaxxer.hikari.pool.HikariPool        : HikariPool-41 - Added connection com.mysql.cj.jdbc.ConnectionImpl@5ad465cf
2025-09-12T19:33:44.138+05:30  INFO 12715 --- [SpringBootWebDemo] [restartedMain] com.zaxxer.hikari.HikariDataSource       : HikariPool-41 - Start completed.
2025-09-12T19:33:44.138+05:30  WARN 12715 --- [SpringBootWebDemo] [restartedMain] org.hibernate.dialect.Dialect            : HHH000511: The 5.7.34 version for [org.hibernate.dialect.MySQLDialect] is no longer supported, hence certain features may not work properly. The minimum supported version is 8.0.0. Check the community dialects project for available legacy versions.
2025-09-12T19:33:44.139+05:30  INFO 12715 --- [SpringBootWebDemo] [restartedMain] org.hibernate.orm.connections.pooling    : HHH10001005: Database info:
	Database JDBC URL [Connecting through datasource 'HikariDataSource (HikariPool-41)']
	Database driver: undefined/unknown
	Database version: 5.7.34
	Autocommit mode: undefined/unknown
	Isolation level: undefined/unknown
	Minimum pool size: undefined/unknown
	Maximum pool size: undefined/unknown
2025-09-12T19:33:44.152+05:30  INFO 12715 --- [SpringBootWebDemo] [restartedMain] o.h.e.t.j.p.i.JtaPlatformInitiator       : HHH000489: No JTA platform available (set 'hibernate.transaction.jta.platform' to enable JTA platform integration)
2025-09-12T19:33:44.157+05:30  INFO 12715 --- [SpringBootWebDemo] [restartedMain] j.LocalContainerEntityManagerFactoryBean : Initialized JPA EntityManagerFactory for persistence unit 'default'
2025-09-12T19:33:44.180+05:30  WARN 12715 --- [SpringBootWebDemo] [restartedMain] JpaBaseConfiguration$JpaWebConfiguration : spring.jpa.open-in-view is enabled by default. Therefore, database queries may be performed during view rendering. Explicitly configure spring.jpa.open-in-view to disable this warning
2025-09-12T19:33:44.290+05:30  INFO 12715 --- [SpringBootWebDemo] [restartedMain] o.s.b.d.a.OptionalLiveReloadServer       : LiveReload server is running on port 35729
2025-09-12T19:33:44.290+05:30  INFO 12715 --- [SpringBootWebDemo] [restartedMain] o.s.b.a.e.web.EndpointLinksResolver      : Exposing 15 endpoints beneath base path '/manage'
2025-09-12T19:33:44.296+05:30  INFO 12715 --- [SpringBootWebDemo] [restartedMain] o.s.b.w.embedded.tomcat.TomcatWebServer  : Tomcat started on port 8081 (http) with context path '/'
2025-09-12T19:33:44.300+05:30  INFO 12715 --- [SpringBootWebDemo] [restartedMain] c.w.S.SpringBootWebDemoApplication       : Started SpringBootWebDemoApplication in 0.335 seconds (process running for 2788.845)
2025-09-12T19:33:44.300+05:30  INFO 12715 --- [SpringBootWebDemo] [restartedMain] .ConditionEvaluationDeltaLoggingListener : Condition evaluation unchanged
2025-09-12T19:33:51.958+05:30  INFO 12715 --- [SpringBootWebDemo] [http-nio-8081-exec-1] o.a.c.c.C.[Tomcat-3].[localhost].[/]     : Initializing Spring DispatcherServlet 'dispatcherServlet'
2025-09-12T19:33:51.958+05:30  INFO 12715 --- [SpringBootWebDemo] [http-nio-8081-exec-1] o.s.web.servlet.DispatcherServlet        : Initializing Servlet 'dispatcherServlet'
2025-09-12T19:33:51.959+05:30  INFO 12715 --- [SpringBootWebDemo] [http-nio-8081-exec-1] o.s.web.servlet.DispatcherServlet        : Completed initialization in 1 ms
2025-09-12T19:33:52.035+05:30  WARN 12715 --- [SpringBootWebDemo] [http-nio-8081-exec-2] .m.m.a.ExceptionHandlerExceptionResolver : Resolved [org.springframework.web.servlet.resource.NoResourceFoundException: No static resource favicon.ico.]
2025-09-12T19:34:21.097+05:30  INFO 12715 --- [SpringBootWebDemo] [File Watcher] rtingClassPathChangeChangedEventListener : Restarting due to 1 class path change (0 additions, 0 deletions, 1 modification)
2025-09-12T19:34:21.103+05:30  INFO 12715 --- [SpringBootWebDemo] [Thread-160] o.s.b.w.e.tomcat.GracefulShutdown        : Commencing graceful shutdown. Waiting for active requests to complete
2025-09-12T19:34:21.106+05:30  INFO 12715 --- [SpringBootWebDemo] [tomcat-shutdown] o.s.b.w.e.tomcat.GracefulShutdown        : Graceful shutdown complete
2025-09-12T19:34:21.109+05:30  INFO 12715 --- [SpringBootWebDemo] [Thread-160] j.LocalContainerEntityManagerFactoryBean : Closing JPA EntityManagerFactory for persistence unit 'default'
2025-09-12T19:34:21.110+05:30  INFO 12715 --- [SpringBootWebDemo] [Thread-160] com.zaxxer.hikari.HikariDataSource       : HikariPool-41 - Shutdown initiated...
2025-09-12T19:34:21.113+05:30  INFO 12715 --- [SpringBootWebDemo] [Thread-160] com.zaxxer.hikari.HikariDataSource       : HikariPool-41 - Shutdown completed.
2025-09-12T19:34:21.246+05:30  INFO 12715 --- [SpringBootWebDemo] [restartedMain] c.w.S.SpringBootWebDemoApplication       : Starting SpringBootWebDemoApplication using Java 17.0.8 with PID 12715 (/Users/Shalini/Desktop/InfosysWS/SpringBoot/SpringBootWebDemo/target/classes started by Shalini in /Users/Shalini/Desktop/InfosysWS/SpringBoot/SpringBootWebDemo)
2025-09-12T19:34:21.246+05:30  INFO 12715 --- [SpringBootWebDemo] [restartedMain] c.w.S.SpringBootWebDemoApplication       : No active profile set, falling back to 1 default profile: "default"
2025-09-12T19:34:21.337+05:30  INFO 12715 --- [SpringBootWebDemo] [restartedMain] .s.d.r.c.RepositoryConfigurationDelegate : Bootstrapping Spring Data JPA repositories in DEFAULT mode.
2025-09-12T19:34:21.340+05:30  INFO 12715 --- [SpringBootWebDemo] [restartedMain] .s.d.r.c.RepositoryConfigurationDelegate : Finished Spring Data repository scanning in 2 ms. Found 1 JPA repository interface.
2025-09-12T19:34:21.365+05:30  INFO 12715 --- [SpringBootWebDemo] [restartedMain] o.s.b.w.embedded.tomcat.TomcatWebServer  : Tomcat initialized with port 8081 (http)
2025-09-12T19:34:21.365+05:30  INFO 12715 --- [SpringBootWebDemo] [restartedMain] o.apache.catalina.core.StandardService   : Starting service [Tomcat]
2025-09-12T19:34:21.365+05:30  INFO 12715 --- [SpringBootWebDemo] [restartedMain] o.apache.catalina.core.StandardEngine    : Starting Servlet engine: [Apache Tomcat/10.1.44]
2025-09-12T19:34:21.371+05:30  INFO 12715 --- [SpringBootWebDemo] [restartedMain] o.a.c.c.C.[Tomcat-3].[localhost].[/]     : Initializing Spring embedded WebApplicationContext
2025-09-12T19:34:21.371+05:30  INFO 12715 --- [SpringBootWebDemo] [restartedMain] w.s.c.ServletWebServerApplicationContext : Root WebApplicationContext: initialization completed in 124 ms
2025-09-12T19:34:21.384+05:30  INFO 12715 --- [SpringBootWebDemo] [restartedMain] o.hibernate.jpa.internal.util.LogHelper  : HHH000204: Processing PersistenceUnitInfo [name: default]
2025-09-12T19:34:21.385+05:30  INFO 12715 --- [SpringBootWebDemo] [restartedMain] o.h.c.internal.RegionFactoryInitiator    : HHH000026: Second-level cache disabled
2025-09-12T19:34:21.387+05:30  INFO 12715 --- [SpringBootWebDemo] [restartedMain] o.s.o.j.p.SpringPersistenceUnitInfo      : No LoadTimeWeaver setup: ignoring JPA class transformer
2025-09-12T19:34:21.388+05:30  INFO 12715 --- [SpringBootWebDemo] [restartedMain] com.zaxxer.hikari.HikariDataSource       : HikariPool-42 - Starting...
2025-09-12T19:34:21.400+05:30  INFO 12715 --- [SpringBootWebDemo] [restartedMain] com.zaxxer.hikari.pool.HikariPool        : HikariPool-42 - Added connection com.mysql.cj.jdbc.ConnectionImpl@539b85e7
2025-09-12T19:34:21.400+05:30  INFO 12715 --- [SpringBootWebDemo] [restartedMain] com.zaxxer.hikari.HikariDataSource       : HikariPool-42 - Start completed.
2025-09-12T19:34:21.400+05:30  WARN 12715 --- [SpringBootWebDemo] [restartedMain] org.hibernate.dialect.Dialect            : HHH000511: The 5.7.34 version for [org.hibernate.dialect.MySQLDialect] is no longer supported, hence certain features may not work properly. The minimum supported version is 8.0.0. Check the community dialects project for available legacy versions.
2025-09-12T19:34:21.400+05:30  INFO 12715 --- [SpringBootWebDemo] [restartedMain] org.hibernate.orm.connections.pooling    : HHH10001005: Database info:
	Database JDBC URL [Connecting through datasource 'HikariDataSource (HikariPool-42)']
	Database driver: undefined/unknown
	Database version: 5.7.34
	Autocommit mode: undefined/unknown
	Isolation level: undefined/unknown
	Minimum pool size: undefined/unknown
	Maximum pool size: undefined/unknown
2025-09-12T19:34:21.424+05:30  INFO 12715 --- [SpringBootWebDemo] [restartedMain] o.h.e.t.j.p.i.JtaPlatformInitiator       : HHH000489: No JTA platform available (set 'hibernate.transaction.jta.platform' to enable JTA platform integration)
2025-09-12T19:34:21.429+05:30  INFO 12715 --- [SpringBootWebDemo] [restartedMain] j.LocalContainerEntityManagerFactoryBean : Initialized JPA EntityManagerFactory for persistence unit 'default'
2025-09-12T19:34:21.450+05:30  WARN 12715 --- [SpringBootWebDemo] [restartedMain] JpaBaseConfiguration$JpaWebConfiguration : spring.jpa.open-in-view is enabled by default. Therefore, database queries may be performed during view rendering. Explicitly configure spring.jpa.open-in-view to disable this warning
2025-09-12T19:34:21.552+05:30  INFO 12715 --- [SpringBootWebDemo] [restartedMain] o.s.b.d.a.OptionalLiveReloadServer       : LiveReload server is running on port 35729
2025-09-12T19:34:21.552+05:30  INFO 12715 --- [SpringBootWebDemo] [restartedMain] o.s.b.a.e.web.EndpointLinksResolver      : Exposing 15 endpoints beneath base path '/manage'
2025-09-12T19:34:21.558+05:30  INFO 12715 --- [SpringBootWebDemo] [restartedMain] o.s.b.w.embedded.tomcat.TomcatWebServer  : Tomcat started on port 8081 (http) with context path '/'
2025-09-12T19:34:21.561+05:30  INFO 12715 --- [SpringBootWebDemo] [restartedMain] c.w.S.SpringBootWebDemoApplication       : Started SpringBootWebDemoApplication in 0.323 seconds (process running for 2826.107)
2025-09-12T19:34:21.562+05:30  INFO 12715 --- [SpringBootWebDemo] [restartedMain] .ConditionEvaluationDeltaLoggingListener : Condition evaluation unchanged
2025-09-12T19:34:23.564+05:30  INFO 12715 --- [SpringBootWebDemo] [http-nio-8081-exec-1] o.a.c.c.C.[Tomcat-3].[localhost].[/]     : Initializing Spring DispatcherServlet 'dispatcherServlet'
2025-09-12T19:34:23.564+05:30  INFO 12715 --- [SpringBootWebDemo] [http-nio-8081-exec-1] o.s.web.servlet.DispatcherServlet        : Initializing Servlet 'dispatcherServlet'
2025-09-12T19:34:23.566+05:30  INFO 12715 --- [SpringBootWebDemo] [http-nio-8081-exec-1] o.s.web.servlet.DispatcherServlet        : Completed initialization in 2 ms
2025-09-12T19:34:23.633+05:30  WARN 12715 --- [SpringBootWebDemo] [http-nio-8081-exec-2] .m.m.a.ExceptionHandlerExceptionResolver : Resolved [org.springframework.web.servlet.resource.NoResourceFoundException: No static resource favicon.ico.]
2025-09-12T19:37:12.743+05:30  INFO 12715 --- [SpringBootWebDemo] [File Watcher] rtingClassPathChangeChangedEventListener : Restarting due to 1 class path change (1 addition, 0 deletions, 0 modifications)
2025-09-12T19:37:12.772+05:30  INFO 12715 --- [SpringBootWebDemo] [Thread-164] o.s.b.w.e.tomcat.GracefulShutdown        : Commencing graceful shutdown. Waiting for active requests to complete
2025-09-12T19:37:12.776+05:30  INFO 12715 --- [SpringBootWebDemo] [tomcat-shutdown] o.s.b.w.e.tomcat.GracefulShutdown        : Graceful shutdown complete
2025-09-12T19:37:12.781+05:30  INFO 12715 --- [SpringBootWebDemo] [Thread-164] j.LocalContainerEntityManagerFactoryBean : Closing JPA EntityManagerFactory for persistence unit 'default'
2025-09-12T19:37:12.784+05:30  INFO 12715 --- [SpringBootWebDemo] [Thread-164] com.zaxxer.hikari.HikariDataSource       : HikariPool-42 - Shutdown initiated...
2025-09-12T19:37:12.791+05:30  INFO 12715 --- [SpringBootWebDemo] [Thread-164] com.zaxxer.hikari.HikariDataSource       : HikariPool-42 - Shutdown completed.
2025-09-12T19:37:13.018+05:30  INFO 12715 --- [SpringBootWebDemo] [restartedMain] c.w.S.SpringBootWebDemoApplication       : Starting SpringBootWebDemoApplication using Java 17.0.8 with PID 12715 (/Users/Shalini/Desktop/InfosysWS/SpringBoot/SpringBootWebDemo/target/classes started by Shalini in /Users/Shalini/Desktop/InfosysWS/SpringBoot/SpringBootWebDemo)
2025-09-12T19:37:13.018+05:30  INFO 12715 --- [SpringBootWebDemo] [restartedMain] c.w.S.SpringBootWebDemoApplication       : No active profile set, falling back to 1 default profile: "default"
2025-09-12T19:37:13.183+05:30  INFO 12715 --- [SpringBootWebDemo] [restartedMain] .s.d.r.c.RepositoryConfigurationDelegate : Bootstrapping Spring Data JPA repositories in DEFAULT mode.
2025-09-12T19:37:13.189+05:30  INFO 12715 --- [SpringBootWebDemo] [restartedMain] .s.d.r.c.RepositoryConfigurationDelegate : Finished Spring Data repository scanning in 6 ms. Found 1 JPA repository interface.
2025-09-12T19:37:13.227+05:30  INFO 12715 --- [SpringBootWebDemo] [restartedMain] o.s.b.w.embedded.tomcat.TomcatWebServer  : Tomcat initialized with port 8081 (http)
2025-09-12T19:37:13.228+05:30  INFO 12715 --- [SpringBootWebDemo] [restartedMain] o.apache.catalina.core.StandardService   : Starting service [Tomcat]
2025-09-12T19:37:13.228+05:30  INFO 12715 --- [SpringBootWebDemo] [restartedMain] o.apache.catalina.core.StandardEngine    : Starting Servlet engine: [Apache Tomcat/10.1.44]
2025-09-12T19:37:13.238+05:30  INFO 12715 --- [SpringBootWebDemo] [restartedMain] o.a.c.c.C.[Tomcat-3].[localhost].[/]     : Initializing Spring embedded WebApplicationContext
2025-09-12T19:37:13.238+05:30  INFO 12715 --- [SpringBootWebDemo] [restartedMain] w.s.c.ServletWebServerApplicationContext : Root WebApplicationContext: initialization completed in 220 ms
2025-09-12T19:37:13.267+05:30  INFO 12715 --- [SpringBootWebDemo] [restartedMain] o.hibernate.jpa.internal.util.LogHelper  : HHH000204: Processing PersistenceUnitInfo [name: default]
2025-09-12T19:37:13.269+05:30  INFO 12715 --- [SpringBootWebDemo] [restartedMain] o.h.c.internal.RegionFactoryInitiator    : HHH000026: Second-level cache disabled
2025-09-12T19:37:13.274+05:30  INFO 12715 --- [SpringBootWebDemo] [restartedMain] o.s.o.j.p.SpringPersistenceUnitInfo      : No LoadTimeWeaver setup: ignoring JPA class transformer
2025-09-12T19:37:13.275+05:30  INFO 12715 --- [SpringBootWebDemo] [restartedMain] com.zaxxer.hikari.HikariDataSource       : HikariPool-43 - Starting...
2025-09-12T19:37:13.317+05:30  INFO 12715 --- [SpringBootWebDemo] [restartedMain] com.zaxxer.hikari.pool.HikariPool        : HikariPool-43 - Added connection com.mysql.cj.jdbc.ConnectionImpl@5a749e88
2025-09-12T19:37:13.318+05:30  INFO 12715 --- [SpringBootWebDemo] [restartedMain] com.zaxxer.hikari.HikariDataSource       : HikariPool-43 - Start completed.
2025-09-12T19:37:13.320+05:30  WARN 12715 --- [SpringBootWebDemo] [restartedMain] org.hibernate.dialect.Dialect            : HHH000511: The 5.7.34 version for [org.hibernate.dialect.MySQLDialect] is no longer supported, hence certain features may not work properly. The minimum supported version is 8.0.0. Check the community dialects project for available legacy versions.
2025-09-12T19:37:13.321+05:30  INFO 12715 --- [SpringBootWebDemo] [restartedMain] org.hibernate.orm.connections.pooling    : HHH10001005: Database info:
	Database JDBC URL [Connecting through datasource 'HikariDataSource (HikariPool-43)']
	Database driver: undefined/unknown
	Database version: 5.7.34
	Autocommit mode: undefined/unknown
	Isolation level: undefined/unknown
	Minimum pool size: undefined/unknown
	Maximum pool size: undefined/unknown
2025-09-12T19:37:13.340+05:30  INFO 12715 --- [SpringBootWebDemo] [restartedMain] o.h.e.t.j.p.i.JtaPlatformInitiator       : HHH000489: No JTA platform available (set 'hibernate.transaction.jta.platform' to enable JTA platform integration)
2025-09-12T19:37:13.356+05:30  INFO 12715 --- [SpringBootWebDemo] [restartedMain] j.LocalContainerEntityManagerFactoryBean : Initialized JPA EntityManagerFactory for persistence unit 'default'
2025-09-12T19:37:13.401+05:30  WARN 12715 --- [SpringBootWebDemo] [restartedMain] JpaBaseConfiguration$JpaWebConfiguration : spring.jpa.open-in-view is enabled by default. Therefore, database queries may be performed during view rendering. Explicitly configure spring.jpa.open-in-view to disable this warning
2025-09-12T19:37:13.642+05:30  INFO 12715 --- [SpringBootWebDemo] [restartedMain] o.s.b.d.a.OptionalLiveReloadServer       : LiveReload server is running on port 35729
2025-09-12T19:37:13.643+05:30  INFO 12715 --- [SpringBootWebDemo] [restartedMain] o.s.b.a.e.web.EndpointLinksResolver      : Exposing 15 endpoints beneath base path '/manage'
2025-09-12T19:37:13.654+05:30  INFO 12715 --- [SpringBootWebDemo] [restartedMain] o.s.b.w.embedded.tomcat.TomcatWebServer  : Tomcat started on port 8081 (http) with context path '/'
2025-09-12T19:37:13.659+05:30  INFO 12715 --- [SpringBootWebDemo] [restartedMain] c.w.S.SpringBootWebDemoApplication       : Started SpringBootWebDemoApplication in 0.655 seconds (process running for 2998.204)
2025-09-12T19:37:13.660+05:30  INFO 12715 --- [SpringBootWebDemo] [restartedMain] .ConditionEvaluationDeltaLoggingListener : Condition evaluation unchanged
2025-09-12T19:38:01.580+05:30  INFO 12715 --- [SpringBootWebDemo] [File Watcher] rtingClassPathChangeChangedEventListener : Restarting due to 1 class path change (1 addition, 0 deletions, 0 modifications)
2025-09-12T19:38:01.594+05:30  INFO 12715 --- [SpringBootWebDemo] [Thread-168] o.s.b.w.e.tomcat.GracefulShutdown        : Commencing graceful shutdown. Waiting for active requests to complete
2025-09-12T19:38:01.600+05:30  INFO 12715 --- [SpringBootWebDemo] [tomcat-shutdown] o.s.b.w.e.tomcat.GracefulShutdown        : Graceful shutdown complete
2025-09-12T19:38:01.616+05:30  INFO 12715 --- [SpringBootWebDemo] [Thread-168] j.LocalContainerEntityManagerFactoryBean : Closing JPA EntityManagerFactory for persistence unit 'default'
2025-09-12T19:38:01.618+05:30  INFO 12715 --- [SpringBootWebDemo] [Thread-168] com.zaxxer.hikari.HikariDataSource       : HikariPool-43 - Shutdown initiated...
2025-09-12T19:38:01.624+05:30  INFO 12715 --- [SpringBootWebDemo] [Thread-168] com.zaxxer.hikari.HikariDataSource       : HikariPool-43 - Shutdown completed.
2025-09-12T19:38:01.779+05:30  INFO 12715 --- [SpringBootWebDemo] [restartedMain] c.w.S.SpringBootWebDemoApplication       : Starting SpringBootWebDemoApplication using Java 17.0.8 with PID 12715 (/Users/Shalini/Desktop/InfosysWS/SpringBoot/SpringBootWebDemo/target/classes started by Shalini in /Users/Shalini/Desktop/InfosysWS/SpringBoot/SpringBootWebDemo)
2025-09-12T19:38:01.779+05:30  INFO 12715 --- [SpringBootWebDemo] [restartedMain] c.w.S.SpringBootWebDemoApplication       : No active profile set, falling back to 1 default profile: "default"
2025-09-12T19:38:01.869+05:30  INFO 12715 --- [SpringBootWebDemo] [restartedMain] .s.d.r.c.RepositoryConfigurationDelegate : Bootstrapping Spring Data JPA repositories in DEFAULT mode.
2025-09-12T19:38:01.873+05:30  INFO 12715 --- [SpringBootWebDemo] [restartedMain] .s.d.r.c.RepositoryConfigurationDelegate : Finished Spring Data repository scanning in 2 ms. Found 1 JPA repository interface.
2025-09-12T19:38:01.947+05:30  INFO 12715 --- [SpringBootWebDemo] [restartedMain] o.s.b.w.embedded.tomcat.TomcatWebServer  : Tomcat initialized with port 8081 (http)
2025-09-12T19:38:01.948+05:30  INFO 12715 --- [SpringBootWebDemo] [restartedMain] o.apache.catalina.core.StandardService   : Starting service [Tomcat]
2025-09-12T19:38:01.948+05:30  INFO 12715 --- [SpringBootWebDemo] [restartedMain] o.apache.catalina.core.StandardEngine    : Starting Servlet engine: [Apache Tomcat/10.1.44]
2025-09-12T19:38:01.954+05:30  INFO 12715 --- [SpringBootWebDemo] [restartedMain] o.a.c.c.C.[Tomcat-3].[localhost].[/]     : Initializing Spring embedded WebApplicationContext
2025-09-12T19:38:01.954+05:30  INFO 12715 --- [SpringBootWebDemo] [restartedMain] w.s.c.ServletWebServerApplicationContext : Root WebApplicationContext: initialization completed in 174 ms
2025-09-12T19:38:01.970+05:30  INFO 12715 --- [SpringBootWebDemo] [restartedMain] o.hibernate.jpa.internal.util.LogHelper  : HHH000204: Processing PersistenceUnitInfo [name: default]
2025-09-12T19:38:01.971+05:30  INFO 12715 --- [SpringBootWebDemo] [restartedMain] o.h.c.internal.RegionFactoryInitiator    : HHH000026: Second-level cache disabled
2025-09-12T19:38:01.974+05:30  INFO 12715 --- [SpringBootWebDemo] [restartedMain] o.s.o.j.p.SpringPersistenceUnitInfo      : No LoadTimeWeaver setup: ignoring JPA class transformer
2025-09-12T19:38:01.974+05:30  INFO 12715 --- [SpringBootWebDemo] [restartedMain] com.zaxxer.hikari.HikariDataSource       : HikariPool-44 - Starting...
2025-09-12T19:38:01.986+05:30  INFO 12715 --- [SpringBootWebDemo] [restartedMain] com.zaxxer.hikari.pool.HikariPool        : HikariPool-44 - Added connection com.mysql.cj.jdbc.ConnectionImpl@6b9b3d40
2025-09-12T19:38:01.986+05:30  INFO 12715 --- [SpringBootWebDemo] [restartedMain] com.zaxxer.hikari.HikariDataSource       : HikariPool-44 - Start completed.
2025-09-12T19:38:01.987+05:30  WARN 12715 --- [SpringBootWebDemo] [restartedMain] org.hibernate.dialect.Dialect            : HHH000511: The 5.7.34 version for [org.hibernate.dialect.MySQLDialect] is no longer supported, hence certain features may not work properly. The minimum supported version is 8.0.0. Check the community dialects project for available legacy versions.
2025-09-12T19:38:01.987+05:30  INFO 12715 --- [SpringBootWebDemo] [restartedMain] org.hibernate.orm.connections.pooling    : HHH10001005: Database info:
	Database JDBC URL [Connecting through datasource 'HikariDataSource (HikariPool-44)']
	Database driver: undefined/unknown
	Database version: 5.7.34
	Autocommit mode: undefined/unknown
	Isolation level: undefined/unknown
	Minimum pool size: undefined/unknown
	Maximum pool size: undefined/unknown
2025-09-12T19:38:02.000+05:30  INFO 12715 --- [SpringBootWebDemo] [restartedMain] o.h.e.t.j.p.i.JtaPlatformInitiator       : HHH000489: No JTA platform available (set 'hibernate.transaction.jta.platform' to enable JTA platform integration)
2025-09-12T19:38:02.009+05:30  INFO 12715 --- [SpringBootWebDemo] [restartedMain] j.LocalContainerEntityManagerFactoryBean : Initialized JPA EntityManagerFactory for persistence unit 'default'
2025-09-12T19:38:02.033+05:30  WARN 12715 --- [SpringBootWebDemo] [restartedMain] JpaBaseConfiguration$JpaWebConfiguration : spring.jpa.open-in-view is enabled by default. Therefore, database queries may be performed during view rendering. Explicitly configure spring.jpa.open-in-view to disable this warning
2025-09-12T19:38:02.162+05:30  INFO 12715 --- [SpringBootWebDemo] [restartedMain] o.s.b.d.a.OptionalLiveReloadServer       : LiveReload server is running on port 35729
2025-09-12T19:38:02.163+05:30  INFO 12715 --- [SpringBootWebDemo] [restartedMain] o.s.b.a.e.web.EndpointLinksResolver      : Exposing 15 endpoints beneath base path '/manage'
2025-09-12T19:38:02.168+05:30  INFO 12715 --- [SpringBootWebDemo] [restartedMain] o.s.b.w.embedded.tomcat.TomcatWebServer  : Tomcat started on port 8081 (http) with context path '/'
2025-09-12T19:38:02.172+05:30  INFO 12715 --- [SpringBootWebDemo] [restartedMain] c.w.S.SpringBootWebDemoApplication       : Started SpringBootWebDemoApplication in 0.403 seconds (process running for 3046.718)
2025-09-12T19:38:02.172+05:30  INFO 12715 --- [SpringBootWebDemo] [restartedMain] .ConditionEvaluationDeltaLoggingListener : Condition evaluation unchanged
2025-09-12T19:38:38.965+05:30  INFO 12715 --- [SpringBootWebDemo] [File Watcher] rtingClassPathChangeChangedEventListener : Restarting due to 1 class path change (0 additions, 0 deletions, 1 modification)
2025-09-12T19:38:38.974+05:30  INFO 12715 --- [SpringBootWebDemo] [Thread-172] o.s.b.w.e.tomcat.GracefulShutdown        : Commencing graceful shutdown. Waiting for active requests to complete
2025-09-12T19:38:38.978+05:30  INFO 12715 --- [SpringBootWebDemo] [tomcat-shutdown] o.s.b.w.e.tomcat.GracefulShutdown        : Graceful shutdown complete
2025-09-12T19:38:38.982+05:30  INFO 12715 --- [SpringBootWebDemo] [Thread-172] j.LocalContainerEntityManagerFactoryBean : Closing JPA EntityManagerFactory for persistence unit 'default'
2025-09-12T19:38:38.984+05:30  INFO 12715 --- [SpringBootWebDemo] [Thread-172] com.zaxxer.hikari.HikariDataSource       : HikariPool-44 - Shutdown initiated...
2025-09-12T19:38:38.988+05:30  INFO 12715 --- [SpringBootWebDemo] [Thread-172] com.zaxxer.hikari.HikariDataSource       : HikariPool-44 - Shutdown completed.
2025-09-12T19:38:39.155+05:30  INFO 12715 --- [SpringBootWebDemo] [restartedMain] c.w.S.SpringBootWebDemoApplication       : Starting SpringBootWebDemoApplication using Java 17.0.8 with PID 12715 (/Users/Shalini/Desktop/InfosysWS/SpringBoot/SpringBootWebDemo/target/classes started by Shalini in /Users/Shalini/Desktop/InfosysWS/SpringBoot/SpringBootWebDemo)
2025-09-12T19:38:39.155+05:30  INFO 12715 --- [SpringBootWebDemo] [restartedMain] c.w.S.SpringBootWebDemoApplication       : No active profile set, falling back to 1 default profile: "default"
2025-09-12T19:38:39.260+05:30  INFO 12715 --- [SpringBootWebDemo] [restartedMain] .s.d.r.c.RepositoryConfigurationDelegate : Bootstrapping Spring Data JPA repositories in DEFAULT mode.
2025-09-12T19:38:39.263+05:30  INFO 12715 --- [SpringBootWebDemo] [restartedMain] .s.d.r.c.RepositoryConfigurationDelegate : Finished Spring Data repository scanning in 2 ms. Found 1 JPA repository interface.
2025-09-12T19:38:39.289+05:30  INFO 12715 --- [SpringBootWebDemo] [restartedMain] o.s.b.w.embedded.tomcat.TomcatWebServer  : Tomcat initialized with port 8081 (http)
2025-09-12T19:38:39.290+05:30  INFO 12715 --- [SpringBootWebDemo] [restartedMain] o.apache.catalina.core.StandardService   : Starting service [Tomcat]
2025-09-12T19:38:39.290+05:30  INFO 12715 --- [SpringBootWebDemo] [restartedMain] o.apache.catalina.core.StandardEngine    : Starting Servlet engine: [Apache Tomcat/10.1.44]
2025-09-12T19:38:39.300+05:30  INFO 12715 --- [SpringBootWebDemo] [restartedMain] o.a.c.c.C.[Tomcat-3].[localhost].[/]     : Initializing Spring embedded WebApplicationContext
2025-09-12T19:38:39.300+05:30  INFO 12715 --- [SpringBootWebDemo] [restartedMain] w.s.c.ServletWebServerApplicationContext : Root WebApplicationContext: initialization completed in 145 ms
2025-09-12T19:38:39.321+05:30  INFO 12715 --- [SpringBootWebDemo] [restartedMain] o.hibernate.jpa.internal.util.LogHelper  : HHH000204: Processing PersistenceUnitInfo [name: default]
2025-09-12T19:38:39.322+05:30  INFO 12715 --- [SpringBootWebDemo] [restartedMain] o.h.c.internal.RegionFactoryInitiator    : HHH000026: Second-level cache disabled
2025-09-12T19:38:39.328+05:30  INFO 12715 --- [SpringBootWebDemo] [restartedMain] o.s.o.j.p.SpringPersistenceUnitInfo      : No LoadTimeWeaver setup: ignoring JPA class transformer
2025-09-12T19:38:39.329+05:30  INFO 12715 --- [SpringBootWebDemo] [restartedMain] com.zaxxer.hikari.HikariDataSource       : HikariPool-45 - Starting...
2025-09-12T19:38:39.339+05:30  INFO 12715 --- [SpringBootWebDemo] [restartedMain] com.zaxxer.hikari.pool.HikariPool        : HikariPool-45 - Added connection com.mysql.cj.jdbc.ConnectionImpl@75bcc12a
2025-09-12T19:38:39.339+05:30  INFO 12715 --- [SpringBootWebDemo] [restartedMain] com.zaxxer.hikari.HikariDataSource       : HikariPool-45 - Start completed.
2025-09-12T19:38:39.340+05:30  WARN 12715 --- [SpringBootWebDemo] [restartedMain] org.hibernate.dialect.Dialect            : HHH000511: The 5.7.34 version for [org.hibernate.dialect.MySQLDialect] is no longer supported, hence certain features may not work properly. The minimum supported version is 8.0.0. Check the community dialects project for available legacy versions.
2025-09-12T19:38:39.340+05:30  INFO 12715 --- [SpringBootWebDemo] [restartedMain] org.hibernate.orm.connections.pooling    : HHH10001005: Database info:
	Database JDBC URL [Connecting through datasource 'HikariDataSource (HikariPool-45)']
	Database driver: undefined/unknown
	Database version: 5.7.34
	Autocommit mode: undefined/unknown
	Isolation level: undefined/unknown
	Minimum pool size: undefined/unknown
	Maximum pool size: undefined/unknown
2025-09-12T19:38:39.347+05:30 ERROR 12715 --- [SpringBootWebDemo] [restartedMain] j.LocalContainerEntityManagerFactoryBean : Failed to initialize JPA EntityManagerFactory: Could not determine recommended JdbcType for Java type 'com.web.SpringBootWebDemo.entity.Wand'
2025-09-12T19:38:39.347+05:30  WARN 12715 --- [SpringBootWebDemo] [restartedMain] ConfigServletWebServerApplicationContext : Exception encountered during context initialization - cancelling refresh attempt: org.springframework.beans.factory.BeanCreationException: Error creating bean with name 'entityManagerFactory' defined in class path resource [org/springframework/boot/autoconfigure/orm/jpa/HibernateJpaConfiguration.class]: Could not determine recommended JdbcType for Java type 'com.web.SpringBootWebDemo.entity.Wand'
2025-09-12T19:38:39.347+05:30  INFO 12715 --- [SpringBootWebDemo] [restartedMain] com.zaxxer.hikari.HikariDataSource       : HikariPool-45 - Shutdown initiated...
2025-09-12T19:38:39.348+05:30  INFO 12715 --- [SpringBootWebDemo] [restartedMain] com.zaxxer.hikari.HikariDataSource       : HikariPool-45 - Shutdown completed.
2025-09-12T19:38:39.348+05:30  INFO 12715 --- [SpringBootWebDemo] [restartedMain] o.apache.catalina.core.StandardService   : Stopping service [Tomcat]
2025-09-12T19:38:39.353+05:30  INFO 12715 --- [SpringBootWebDemo] [restartedMain] .s.b.a.l.ConditionEvaluationReportLogger : 

Error starting ApplicationContext. To display the condition evaluation report re-run your application with 'debug' enabled.
2025-09-12T19:38:39.354+05:30 ERROR 12715 --- [SpringBootWebDemo] [restartedMain] o.s.boot.SpringApplication               : Application run failed

org.springframework.beans.factory.BeanCreationException: Error creating bean with name 'entityManagerFactory' defined in class path resource [org/springframework/boot/autoconfigure/orm/jpa/HibernateJpaConfiguration.class]: Could not determine recommended JdbcType for Java type 'com.web.SpringBootWebDemo.entity.Wand'
	at org.springframework.beans.factory.support.AbstractAutowireCapableBeanFactory.initializeBean(AbstractAutowireCapableBeanFactory.java:1826) ~[spring-beans-6.2.10.jar:6.2.10]
	at org.springframework.beans.factory.support.AbstractAutowireCapableBeanFactory.doCreateBean(AbstractAutowireCapableBeanFactory.java:607) ~[spring-beans-6.2.10.jar:6.2.10]
	at org.springframework.beans.factory.support.AbstractAutowireCapableBeanFactory.createBean(AbstractAutowireCapableBeanFactory.java:529) ~[spring-beans-6.2.10.jar:6.2.10]
	at org.springframework.beans.factory.support.AbstractBeanFactory.lambda$doGetBean$0(AbstractBeanFactory.java:339) ~[spring-beans-6.2.10.jar:6.2.10]
	at org.springframework.beans.factory.support.DefaultSingletonBeanRegistry.getSingleton(DefaultSingletonBeanRegistry.java:373) ~[spring-beans-6.2.10.jar:6.2.10]
	at org.springframework.beans.factory.support.AbstractBeanFactory.doGetBean(AbstractBeanFactory.java:337) ~[spring-beans-6.2.10.jar:6.2.10]
	at org.springframework.beans.factory.support.AbstractBeanFactory.getBean(AbstractBeanFactory.java:207) ~[spring-beans-6.2.10.jar:6.2.10]
	at org.springframework.context.support.AbstractApplicationContext.finishBeanFactoryInitialization(AbstractApplicationContext.java:970) ~[spring-context-6.2.10.jar:6.2.10]
	at org.springframework.context.support.AbstractApplicationContext.refresh(AbstractApplicationContext.java:627) ~[spring-context-6.2.10.jar:6.2.10]
	at org.springframework.boot.web.servlet.context.ServletWebServerApplicationContext.refresh(ServletWebServerApplicationContext.java:146) ~[spring-boot-3.5.5.jar:3.5.5]
	at org.springframework.boot.SpringApplication.refresh(SpringApplication.java:752) ~[spring-boot-3.5.5.jar:3.5.5]
	at org.springframework.boot.SpringApplication.refreshContext(SpringApplication.java:439) ~[spring-boot-3.5.5.jar:3.5.5]
	at org.springframework.boot.SpringApplication.run(SpringApplication.java:318) ~[spring-boot-3.5.5.jar:3.5.5]
	at org.springframework.boot.SpringApplication.run(SpringApplication.java:1361) ~[spring-boot-3.5.5.jar:3.5.5]
	at org.springframework.boot.SpringApplication.run(SpringApplication.java:1350) ~[spring-boot-3.5.5.jar:3.5.5]
	at com.web.SpringBootWebDemo.SpringBootWebDemoApplication.main(SpringBootWebDemoApplication.java:22) ~[classes/:na]
	at java.base/jdk.internal.reflect.NativeMethodAccessorImpl.invoke0(Native Method) ~[na:na]
	at java.base/jdk.internal.reflect.NativeMethodAccessorImpl.invoke(NativeMethodAccessorImpl.java:77) ~[na:na]
	at java.base/jdk.internal.reflect.DelegatingMethodAccessorImpl.invoke(DelegatingMethodAccessorImpl.java:43) ~[na:na]
	at java.base/java.lang.reflect.Method.invoke(Method.java:568) ~[na:na]
	at org.springframework.boot.devtools.restart.RestartLauncher.run(RestartLauncher.java:50) ~[spring-boot-devtools-3.5.5.jar:3.5.5]
Caused by: org.hibernate.type.descriptor.java.spi.JdbcTypeRecommendationException: Could not determine recommended JdbcType for Java type 'com.web.SpringBootWebDemo.entity.Wand'
	at org.hibernate.type.descriptor.java.spi.UnknownBasicJavaType.getRecommendedJdbcType(UnknownBasicJavaType.java:50) ~[hibernate-core-6.6.26.Final.jar:6.6.26.Final]
	at org.hibernate.boot.model.process.internal.InferredBasicValueResolver.from(InferredBasicValueResolver.java:195) ~[hibernate-core-6.6.26.Final.jar:6.6.26.Final]
	at org.hibernate.mapping.BasicValue.resolution(BasicValue.java:664) ~[hibernate-core-6.6.26.Final.jar:6.6.26.Final]
	at org.hibernate.mapping.BasicValue.buildResolution(BasicValue.java:461) ~[hibernate-core-6.6.26.Final.jar:6.6.26.Final]
	at org.hibernate.mapping.BasicValue.resolve(BasicValue.java:351) ~[hibernate-core-6.6.26.Final.jar:6.6.26.Final]
	at org.hibernate.mapping.BasicValue.resolve(BasicValue.java:341) ~[hibernate-core-6.6.26.Final.jar:6.6.26.Final]
	at org.hibernate.boot.internal.InFlightMetadataCollectorImpl.lambda$processValueResolvers$6(InFlightMetadataCollectorImpl.java:1827) ~[hibernate-core-6.6.26.Final.jar:6.6.26.Final]
	at java.base/java.util.ArrayList.removeIf(ArrayList.java:1682) ~[na:na]
	at java.base/java.util.ArrayList.removeIf(ArrayList.java:1660) ~[na:na]
	at org.hibernate.boot.internal.InFlightMetadataCollectorImpl.processValueResolvers(InFlightMetadataCollectorImpl.java:1826) ~[hibernate-core-6.6.26.Final.jar:6.6.26.Final]
	at org.hibernate.boot.internal.InFlightMetadataCollectorImpl.processSecondPasses(InFlightMetadataCollectorImpl.java:1812) ~[hibernate-core-6.6.26.Final.jar:6.6.26.Final]
	at org.hibernate.boot.model.process.spi.MetadataBuildingProcess.complete(MetadataBuildingProcess.java:334) ~[hibernate-core-6.6.26.Final.jar:6.6.26.Final]
	at org.hibernate.jpa.boot.internal.EntityManagerFactoryBuilderImpl.metadata(EntityManagerFactoryBuilderImpl.java:1442) ~[hibernate-core-6.6.26.Final.jar:6.6.26.Final]
	at org.hibernate.jpa.boot.internal.EntityManagerFactoryBuilderImpl.build(EntityManagerFactoryBuilderImpl.java:1513) ~[hibernate-core-6.6.26.Final.jar:6.6.26.Final]
	at org.springframework.orm.jpa.vendor.SpringHibernateJpaPersistenceProvider.createContainerEntityManagerFactory(SpringHibernateJpaPersistenceProvider.java:66) ~[spring-orm-6.2.10.jar:6.2.10]
	at org.springframework.orm.jpa.LocalContainerEntityManagerFactoryBean.createNativeEntityManagerFactory(LocalContainerEntityManagerFactoryBean.java:390) ~[spring-orm-6.2.10.jar:6.2.10]
	at org.springframework.orm.jpa.AbstractEntityManagerFactoryBean.buildNativeEntityManagerFactory(AbstractEntityManagerFactoryBean.java:419) ~[spring-orm-6.2.10.jar:6.2.10]
	at org.springframework.orm.jpa.AbstractEntityManagerFactoryBean.afterPropertiesSet(AbstractEntityManagerFactoryBean.java:400) ~[spring-orm-6.2.10.jar:6.2.10]
	at org.springframework.orm.jpa.LocalContainerEntityManagerFactoryBean.afterPropertiesSet(LocalContainerEntityManagerFactoryBean.java:366) ~[spring-orm-6.2.10.jar:6.2.10]
	at org.springframework.beans.factory.support.AbstractAutowireCapableBeanFactory.invokeInitMethods(AbstractAutowireCapableBeanFactory.java:1873) ~[spring-beans-6.2.10.jar:6.2.10]
	at org.springframework.beans.factory.support.AbstractAutowireCapableBeanFactory.initializeBean(AbstractAutowireCapableBeanFactory.java:1822) ~[spring-beans-6.2.10.jar:6.2.10]
	... 20 common frames omitted

2025-09-12T19:38:42.829+05:30  INFO 12715 --- [SpringBootWebDemo] [restartedMain] c.w.S.SpringBootWebDemoApplication       : Starting SpringBootWebDemoApplication using Java 17.0.8 with PID 12715 (/Users/Shalini/Desktop/InfosysWS/SpringBoot/SpringBootWebDemo/target/classes started by Shalini in /Users/Shalini/Desktop/InfosysWS/SpringBoot/SpringBootWebDemo)
2025-09-12T19:38:42.829+05:30  INFO 12715 --- [SpringBootWebDemo] [restartedMain] c.w.S.SpringBootWebDemoApplication       : No active profile set, falling back to 1 default profile: "default"
2025-09-12T19:38:42.931+05:30  INFO 12715 --- [SpringBootWebDemo] [restartedMain] .s.d.r.c.RepositoryConfigurationDelegate : Bootstrapping Spring Data JPA repositories in DEFAULT mode.
2025-09-12T19:38:42.935+05:30  INFO 12715 --- [SpringBootWebDemo] [restartedMain] .s.d.r.c.RepositoryConfigurationDelegate : Finished Spring Data repository scanning in 3 ms. Found 1 JPA repository interface.
2025-09-12T19:38:42.960+05:30  INFO 12715 --- [SpringBootWebDemo] [restartedMain] o.s.b.w.embedded.tomcat.TomcatWebServer  : Tomcat initialized with port 8081 (http)
2025-09-12T19:38:42.961+05:30  INFO 12715 --- [SpringBootWebDemo] [restartedMain] o.apache.catalina.core.StandardService   : Starting service [Tomcat]
2025-09-12T19:38:42.961+05:30  INFO 12715 --- [SpringBootWebDemo] [restartedMain] o.apache.catalina.core.StandardEngine    : Starting Servlet engine: [Apache Tomcat/10.1.44]
2025-09-12T19:38:42.967+05:30  INFO 12715 --- [SpringBootWebDemo] [restartedMain] o.a.c.c.C.[Tomcat-4].[localhost].[/]     : Initializing Spring embedded WebApplicationContext
2025-09-12T19:38:42.967+05:30  INFO 12715 --- [SpringBootWebDemo] [restartedMain] w.s.c.ServletWebServerApplicationContext : Root WebApplicationContext: initialization completed in 137 ms
2025-09-12T19:38:42.983+05:30  INFO 12715 --- [SpringBootWebDemo] [restartedMain] o.hibernate.jpa.internal.util.LogHelper  : HHH000204: Processing PersistenceUnitInfo [name: default]
2025-09-12T19:38:42.985+05:30  INFO 12715 --- [SpringBootWebDemo] [restartedMain] o.h.c.internal.RegionFactoryInitiator    : HHH000026: Second-level cache disabled
2025-09-12T19:38:42.988+05:30  INFO 12715 --- [SpringBootWebDemo] [restartedMain] o.s.o.j.p.SpringPersistenceUnitInfo      : No LoadTimeWeaver setup: ignoring JPA class transformer
2025-09-12T19:38:42.988+05:30  INFO 12715 --- [SpringBootWebDemo] [restartedMain] com.zaxxer.hikari.HikariDataSource       : HikariPool-46 - Starting...
2025-09-12T19:38:43.002+05:30  INFO 12715 --- [SpringBootWebDemo] [restartedMain] com.zaxxer.hikari.pool.HikariPool        : HikariPool-46 - Added connection com.mysql.cj.jdbc.ConnectionImpl@78318deb
2025-09-12T19:38:43.002+05:30  INFO 12715 --- [SpringBootWebDemo] [restartedMain] com.zaxxer.hikari.HikariDataSource       : HikariPool-46 - Start completed.
2025-09-12T19:38:43.003+05:30  WARN 12715 --- [SpringBootWebDemo] [restartedMain] org.hibernate.dialect.Dialect            : HHH000511: The 5.7.34 version for [org.hibernate.dialect.MySQLDialect] is no longer supported, hence certain features may not work properly. The minimum supported version is 8.0.0. Check the community dialects project for available legacy versions.
2025-09-12T19:38:43.003+05:30  INFO 12715 --- [SpringBootWebDemo] [restartedMain] org.hibernate.orm.connections.pooling    : HHH10001005: Database info:
	Database JDBC URL [Connecting through datasource 'HikariDataSource (HikariPool-46)']
	Database driver: undefined/unknown
	Database version: 5.7.34
	Autocommit mode: undefined/unknown
	Isolation level: undefined/unknown
	Minimum pool size: undefined/unknown
	Maximum pool size: undefined/unknown
2025-09-12T19:38:43.006+05:30 ERROR 12715 --- [SpringBootWebDemo] [restartedMain] j.LocalContainerEntityManagerFactoryBean : Failed to initialize JPA EntityManagerFactory: Could not determine recommended JdbcType for Java type 'com.web.SpringBootWebDemo.entity.Wand'
2025-09-12T19:38:43.006+05:30  WARN 12715 --- [SpringBootWebDemo] [restartedMain] ConfigServletWebServerApplicationContext : Exception encountered during context initialization - cancelling refresh attempt: org.springframework.beans.factory.BeanCreationException: Error creating bean with name 'entityManagerFactory' defined in class path resource [org/springframework/boot/autoconfigure/orm/jpa/HibernateJpaConfiguration.class]: Could not determine recommended JdbcType for Java type 'com.web.SpringBootWebDemo.entity.Wand'
2025-09-12T19:38:43.006+05:30  INFO 12715 --- [SpringBootWebDemo] [restartedMain] com.zaxxer.hikari.HikariDataSource       : HikariPool-46 - Shutdown initiated...
2025-09-12T19:38:43.006+05:30  INFO 12715 --- [SpringBootWebDemo] [restartedMain] com.zaxxer.hikari.HikariDataSource       : HikariPool-46 - Shutdown completed.
2025-09-12T19:38:43.007+05:30  INFO 12715 --- [SpringBootWebDemo] [restartedMain] o.apache.catalina.core.StandardService   : Stopping service [Tomcat]
2025-09-12T19:38:43.021+05:30  INFO 12715 --- [SpringBootWebDemo] [restartedMain] .s.b.a.l.ConditionEvaluationReportLogger : 

Error starting ApplicationContext. To display the condition evaluation report re-run your application with 'debug' enabled.
2025-09-12T19:38:43.022+05:30 ERROR 12715 --- [SpringBootWebDemo] [restartedMain] o.s.boot.SpringApplication               : Application run failed

org.springframework.beans.factory.BeanCreationException: Error creating bean with name 'entityManagerFactory' defined in class path resource [org/springframework/boot/autoconfigure/orm/jpa/HibernateJpaConfiguration.class]: Could not determine recommended JdbcType for Java type 'com.web.SpringBootWebDemo.entity.Wand'
	at org.springframework.beans.factory.support.AbstractAutowireCapableBeanFactory.initializeBean(AbstractAutowireCapableBeanFactory.java:1826) ~[spring-beans-6.2.10.jar:6.2.10]
	at org.springframework.beans.factory.support.AbstractAutowireCapableBeanFactory.doCreateBean(AbstractAutowireCapableBeanFactory.java:607) ~[spring-beans-6.2.10.jar:6.2.10]
	at org.springframework.beans.factory.support.AbstractAutowireCapableBeanFactory.createBean(AbstractAutowireCapableBeanFactory.java:529) ~[spring-beans-6.2.10.jar:6.2.10]
	at org.springframework.beans.factory.support.AbstractBeanFactory.lambda$doGetBean$0(AbstractBeanFactory.java:339) ~[spring-beans-6.2.10.jar:6.2.10]
	at org.springframework.beans.factory.support.DefaultSingletonBeanRegistry.getSingleton(DefaultSingletonBeanRegistry.java:373) ~[spring-beans-6.2.10.jar:6.2.10]
	at org.springframework.beans.factory.support.AbstractBeanFactory.doGetBean(AbstractBeanFactory.java:337) ~[spring-beans-6.2.10.jar:6.2.10]
	at org.springframework.beans.factory.support.AbstractBeanFactory.getBean(AbstractBeanFactory.java:207) ~[spring-beans-6.2.10.jar:6.2.10]
	at org.springframework.context.support.AbstractApplicationContext.finishBeanFactoryInitialization(AbstractApplicationContext.java:970) ~[spring-context-6.2.10.jar:6.2.10]
	at org.springframework.context.support.AbstractApplicationContext.refresh(AbstractApplicationContext.java:627) ~[spring-context-6.2.10.jar:6.2.10]
	at org.springframework.boot.web.servlet.context.ServletWebServerApplicationContext.refresh(ServletWebServerApplicationContext.java:146) ~[spring-boot-3.5.5.jar:3.5.5]
	at org.springframework.boot.SpringApplication.refresh(SpringApplication.java:752) ~[spring-boot-3.5.5.jar:3.5.5]
	at org.springframework.boot.SpringApplication.refreshContext(SpringApplication.java:439) ~[spring-boot-3.5.5.jar:3.5.5]
	at org.springframework.boot.SpringApplication.run(SpringApplication.java:318) ~[spring-boot-3.5.5.jar:3.5.5]
	at org.springframework.boot.SpringApplication.run(SpringApplication.java:1361) ~[spring-boot-3.5.5.jar:3.5.5]
	at org.springframework.boot.SpringApplication.run(SpringApplication.java:1350) ~[spring-boot-3.5.5.jar:3.5.5]
	at com.web.SpringBootWebDemo.SpringBootWebDemoApplication.main(SpringBootWebDemoApplication.java:22) ~[classes/:na]
	at java.base/jdk.internal.reflect.NativeMethodAccessorImpl.invoke0(Native Method) ~[na:na]
	at java.base/jdk.internal.reflect.NativeMethodAccessorImpl.invoke(NativeMethodAccessorImpl.java:77) ~[na:na]
	at java.base/jdk.internal.reflect.DelegatingMethodAccessorImpl.invoke(DelegatingMethodAccessorImpl.java:43) ~[na:na]
	at java.base/java.lang.reflect.Method.invoke(Method.java:568) ~[na:na]
	at org.springframework.boot.devtools.restart.RestartLauncher.run(RestartLauncher.java:50) ~[spring-boot-devtools-3.5.5.jar:3.5.5]
Caused by: org.hibernate.type.descriptor.java.spi.JdbcTypeRecommendationException: Could not determine recommended JdbcType for Java type 'com.web.SpringBootWebDemo.entity.Wand'
	at org.hibernate.type.descriptor.java.spi.UnknownBasicJavaType.getRecommendedJdbcType(UnknownBasicJavaType.java:50) ~[hibernate-core-6.6.26.Final.jar:6.6.26.Final]
	at org.hibernate.boot.model.process.internal.InferredBasicValueResolver.from(InferredBasicValueResolver.java:195) ~[hibernate-core-6.6.26.Final.jar:6.6.26.Final]
	at org.hibernate.mapping.BasicValue.resolution(BasicValue.java:664) ~[hibernate-core-6.6.26.Final.jar:6.6.26.Final]
	at org.hibernate.mapping.BasicValue.buildResolution(BasicValue.java:461) ~[hibernate-core-6.6.26.Final.jar:6.6.26.Final]
	at org.hibernate.mapping.BasicValue.resolve(BasicValue.java:351) ~[hibernate-core-6.6.26.Final.jar:6.6.26.Final]
	at org.hibernate.mapping.BasicValue.resolve(BasicValue.java:341) ~[hibernate-core-6.6.26.Final.jar:6.6.26.Final]
	at org.hibernate.boot.internal.InFlightMetadataCollectorImpl.lambda$processValueResolvers$6(InFlightMetadataCollectorImpl.java:1827) ~[hibernate-core-6.6.26.Final.jar:6.6.26.Final]
	at java.base/java.util.ArrayList.removeIf(ArrayList.java:1682) ~[na:na]
	at java.base/java.util.ArrayList.removeIf(ArrayList.java:1660) ~[na:na]
	at org.hibernate.boot.internal.InFlightMetadataCollectorImpl.processValueResolvers(InFlightMetadataCollectorImpl.java:1826) ~[hibernate-core-6.6.26.Final.jar:6.6.26.Final]
	at org.hibernate.boot.internal.InFlightMetadataCollectorImpl.processSecondPasses(InFlightMetadataCollectorImpl.java:1812) ~[hibernate-core-6.6.26.Final.jar:6.6.26.Final]
	at org.hibernate.boot.model.process.spi.MetadataBuildingProcess.complete(MetadataBuildingProcess.java:334) ~[hibernate-core-6.6.26.Final.jar:6.6.26.Final]
	at org.hibernate.jpa.boot.internal.EntityManagerFactoryBuilderImpl.metadata(EntityManagerFactoryBuilderImpl.java:1442) ~[hibernate-core-6.6.26.Final.jar:6.6.26.Final]
	at org.hibernate.jpa.boot.internal.EntityManagerFactoryBuilderImpl.build(EntityManagerFactoryBuilderImpl.java:1513) ~[hibernate-core-6.6.26.Final.jar:6.6.26.Final]
	at org.springframework.orm.jpa.vendor.SpringHibernateJpaPersistenceProvider.createContainerEntityManagerFactory(SpringHibernateJpaPersistenceProvider.java:66) ~[spring-orm-6.2.10.jar:6.2.10]
	at org.springframework.orm.jpa.LocalContainerEntityManagerFactoryBean.createNativeEntityManagerFactory(LocalContainerEntityManagerFactoryBean.java:390) ~[spring-orm-6.2.10.jar:6.2.10]
	at org.springframework.orm.jpa.AbstractEntityManagerFactoryBean.buildNativeEntityManagerFactory(AbstractEntityManagerFactoryBean.java:419) ~[spring-orm-6.2.10.jar:6.2.10]
	at org.springframework.orm.jpa.AbstractEntityManagerFactoryBean.afterPropertiesSet(AbstractEntityManagerFactoryBean.java:400) ~[spring-orm-6.2.10.jar:6.2.10]
	at org.springframework.orm.jpa.LocalContainerEntityManagerFactoryBean.afterPropertiesSet(LocalContainerEntityManagerFactoryBean.java:366) ~[spring-orm-6.2.10.jar:6.2.10]
	at org.springframework.beans.factory.support.AbstractAutowireCapableBeanFactory.invokeInitMethods(AbstractAutowireCapableBeanFactory.java:1873) ~[spring-beans-6.2.10.jar:6.2.10]
	at org.springframework.beans.factory.support.AbstractAutowireCapableBeanFactory.initializeBean(AbstractAutowireCapableBeanFactory.java:1822) ~[spring-beans-6.2.10.jar:6.2.10]
	... 20 common frames omitted

2025-09-12T19:39:03.723+05:30  INFO 12715 --- [SpringBootWebDemo] [restartedMain] c.w.S.SpringBootWebDemoApplication       : Starting SpringBootWebDemoApplication using Java 17.0.8 with PID 12715 (/Users/Shalini/Desktop/InfosysWS/SpringBoot/SpringBootWebDemo/target/classes started by Shalini in /Users/Shalini/Desktop/InfosysWS/SpringBoot/SpringBootWebDemo)
2025-09-12T19:39:03.723+05:30  INFO 12715 --- [SpringBootWebDemo] [restartedMain] c.w.S.SpringBootWebDemoApplication       : No active profile set, falling back to 1 default profile: "default"
2025-09-12T19:39:03.821+05:30  INFO 12715 --- [SpringBootWebDemo] [restartedMain] .s.d.r.c.RepositoryConfigurationDelegate : Bootstrapping Spring Data JPA repositories in DEFAULT mode.
2025-09-12T19:39:03.825+05:30  INFO 12715 --- [SpringBootWebDemo] [restartedMain] .s.d.r.c.RepositoryConfigurationDelegate : Finished Spring Data repository scanning in 3 ms. Found 1 JPA repository interface.
2025-09-12T19:39:03.852+05:30  INFO 12715 --- [SpringBootWebDemo] [restartedMain] o.s.b.w.embedded.tomcat.TomcatWebServer  : Tomcat initialized with port 8081 (http)
2025-09-12T19:39:03.853+05:30  INFO 12715 --- [SpringBootWebDemo] [restartedMain] o.apache.catalina.core.StandardService   : Starting service [Tomcat]
2025-09-12T19:39:03.853+05:30  INFO 12715 --- [SpringBootWebDemo] [restartedMain] o.apache.catalina.core.StandardEngine    : Starting Servlet engine: [Apache Tomcat/10.1.44]
2025-09-12T19:39:03.860+05:30  INFO 12715 --- [SpringBootWebDemo] [restartedMain] o.a.c.c.C.[Tomcat-5].[localhost].[/]     : Initializing Spring embedded WebApplicationContext
2025-09-12T19:39:03.860+05:30  INFO 12715 --- [SpringBootWebDemo] [restartedMain] w.s.c.ServletWebServerApplicationContext : Root WebApplicationContext: initialization completed in 136 ms
2025-09-12T19:39:03.879+05:30  INFO 12715 --- [SpringBootWebDemo] [restartedMain] o.hibernate.jpa.internal.util.LogHelper  : HHH000204: Processing PersistenceUnitInfo [name: default]
2025-09-12T19:39:03.880+05:30  INFO 12715 --- [SpringBootWebDemo] [restartedMain] o.h.c.internal.RegionFactoryInitiator    : HHH000026: Second-level cache disabled
2025-09-12T19:39:03.885+05:30  INFO 12715 --- [SpringBootWebDemo] [restartedMain] o.s.o.j.p.SpringPersistenceUnitInfo      : No LoadTimeWeaver setup: ignoring JPA class transformer
2025-09-12T19:39:03.885+05:30  INFO 12715 --- [SpringBootWebDemo] [restartedMain] com.zaxxer.hikari.HikariDataSource       : HikariPool-47 - Starting...
2025-09-12T19:39:03.897+05:30  INFO 12715 --- [SpringBootWebDemo] [restartedMain] com.zaxxer.hikari.pool.HikariPool        : HikariPool-47 - Added connection com.mysql.cj.jdbc.ConnectionImpl@63d3f25d
2025-09-12T19:39:03.897+05:30  INFO 12715 --- [SpringBootWebDemo] [restartedMain] com.zaxxer.hikari.HikariDataSource       : HikariPool-47 - Start completed.
2025-09-12T19:39:03.898+05:30  WARN 12715 --- [SpringBootWebDemo] [restartedMain] org.hibernate.dialect.Dialect            : HHH000511: The 5.7.34 version for [org.hibernate.dialect.MySQLDialect] is no longer supported, hence certain features may not work properly. The minimum supported version is 8.0.0. Check the community dialects project for available legacy versions.
2025-09-12T19:39:03.898+05:30  INFO 12715 --- [SpringBootWebDemo] [restartedMain] org.hibernate.orm.connections.pooling    : HHH10001005: Database info:
	Database JDBC URL [Connecting through datasource 'HikariDataSource (HikariPool-47)']
	Database driver: undefined/unknown
	Database version: 5.7.34
	Autocommit mode: undefined/unknown
	Isolation level: undefined/unknown
	Minimum pool size: undefined/unknown
	Maximum pool size: undefined/unknown
2025-09-12T19:39:03.902+05:30 ERROR 12715 --- [SpringBootWebDemo] [restartedMain] j.LocalContainerEntityManagerFactoryBean : Failed to initialize JPA EntityManagerFactory: Could not determine recommended JdbcType for Java type 'com.web.SpringBootWebDemo.entity.Wand'
2025-09-12T19:39:03.902+05:30  WARN 12715 --- [SpringBootWebDemo] [restartedMain] ConfigServletWebServerApplicationContext : Exception encountered during context initialization - cancelling refresh attempt: org.springframework.beans.factory.BeanCreationException: Error creating bean with name 'entityManagerFactory' defined in class path resource [org/springframework/boot/autoconfigure/orm/jpa/HibernateJpaConfiguration.class]: Could not determine recommended JdbcType for Java type 'com.web.SpringBootWebDemo.entity.Wand'
2025-09-12T19:39:03.903+05:30  INFO 12715 --- [SpringBootWebDemo] [restartedMain] com.zaxxer.hikari.HikariDataSource       : HikariPool-47 - Shutdown initiated...
2025-09-12T19:39:03.903+05:30  INFO 12715 --- [SpringBootWebDemo] [restartedMain] com.zaxxer.hikari.HikariDataSource       : HikariPool-47 - Shutdown completed.
2025-09-12T19:39:03.904+05:30  INFO 12715 --- [SpringBootWebDemo] [restartedMain] o.apache.catalina.core.StandardService   : Stopping service [Tomcat]
2025-09-12T19:39:03.915+05:30  INFO 12715 --- [SpringBootWebDemo] [restartedMain] .s.b.a.l.ConditionEvaluationReportLogger : 

Error starting ApplicationContext. To display the condition evaluation report re-run your application with 'debug' enabled.
2025-09-12T19:39:03.917+05:30 ERROR 12715 --- [SpringBootWebDemo] [restartedMain] o.s.boot.SpringApplication               : Application run failed

org.springframework.beans.factory.BeanCreationException: Error creating bean with name 'entityManagerFactory' defined in class path resource [org/springframework/boot/autoconfigure/orm/jpa/HibernateJpaConfiguration.class]: Could not determine recommended JdbcType for Java type 'com.web.SpringBootWebDemo.entity.Wand'
	at org.springframework.beans.factory.support.AbstractAutowireCapableBeanFactory.initializeBean(AbstractAutowireCapableBeanFactory.java:1826) ~[spring-beans-6.2.10.jar:6.2.10]
	at org.springframework.beans.factory.support.AbstractAutowireCapableBeanFactory.doCreateBean(AbstractAutowireCapableBeanFactory.java:607) ~[spring-beans-6.2.10.jar:6.2.10]
	at org.springframework.beans.factory.support.AbstractAutowireCapableBeanFactory.createBean(AbstractAutowireCapableBeanFactory.java:529) ~[spring-beans-6.2.10.jar:6.2.10]
	at org.springframework.beans.factory.support.AbstractBeanFactory.lambda$doGetBean$0(AbstractBeanFactory.java:339) ~[spring-beans-6.2.10.jar:6.2.10]
	at org.springframework.beans.factory.support.DefaultSingletonBeanRegistry.getSingleton(DefaultSingletonBeanRegistry.java:373) ~[spring-beans-6.2.10.jar:6.2.10]
	at org.springframework.beans.factory.support.AbstractBeanFactory.doGetBean(AbstractBeanFactory.java:337) ~[spring-beans-6.2.10.jar:6.2.10]
	at org.springframework.beans.factory.support.AbstractBeanFactory.getBean(AbstractBeanFactory.java:207) ~[spring-beans-6.2.10.jar:6.2.10]
	at org.springframework.context.support.AbstractApplicationContext.finishBeanFactoryInitialization(AbstractApplicationContext.java:970) ~[spring-context-6.2.10.jar:6.2.10]
	at org.springframework.context.support.AbstractApplicationContext.refresh(AbstractApplicationContext.java:627) ~[spring-context-6.2.10.jar:6.2.10]
	at org.springframework.boot.web.servlet.context.ServletWebServerApplicationContext.refresh(ServletWebServerApplicationContext.java:146) ~[spring-boot-3.5.5.jar:3.5.5]
	at org.springframework.boot.SpringApplication.refresh(SpringApplication.java:752) ~[spring-boot-3.5.5.jar:3.5.5]
	at org.springframework.boot.SpringApplication.refreshContext(SpringApplication.java:439) ~[spring-boot-3.5.5.jar:3.5.5]
	at org.springframework.boot.SpringApplication.run(SpringApplication.java:318) ~[spring-boot-3.5.5.jar:3.5.5]
	at org.springframework.boot.SpringApplication.run(SpringApplication.java:1361) ~[spring-boot-3.5.5.jar:3.5.5]
	at org.springframework.boot.SpringApplication.run(SpringApplication.java:1350) ~[spring-boot-3.5.5.jar:3.5.5]
	at com.web.SpringBootWebDemo.SpringBootWebDemoApplication.main(SpringBootWebDemoApplication.java:22) ~[classes/:na]
	at java.base/jdk.internal.reflect.NativeMethodAccessorImpl.invoke0(Native Method) ~[na:na]
	at java.base/jdk.internal.reflect.NativeMethodAccessorImpl.invoke(NativeMethodAccessorImpl.java:77) ~[na:na]
	at java.base/jdk.internal.reflect.DelegatingMethodAccessorImpl.invoke(DelegatingMethodAccessorImpl.java:43) ~[na:na]
	at java.base/java.lang.reflect.Method.invoke(Method.java:568) ~[na:na]
	at org.springframework.boot.devtools.restart.RestartLauncher.run(RestartLauncher.java:50) ~[spring-boot-devtools-3.5.5.jar:3.5.5]
Caused by: org.hibernate.type.descriptor.java.spi.JdbcTypeRecommendationException: Could not determine recommended JdbcType for Java type 'com.web.SpringBootWebDemo.entity.Wand'
	at org.hibernate.type.descriptor.java.spi.UnknownBasicJavaType.getRecommendedJdbcType(UnknownBasicJavaType.java:50) ~[hibernate-core-6.6.26.Final.jar:6.6.26.Final]
	at org.hibernate.boot.model.process.internal.InferredBasicValueResolver.from(InferredBasicValueResolver.java:195) ~[hibernate-core-6.6.26.Final.jar:6.6.26.Final]
	at org.hibernate.mapping.BasicValue.resolution(BasicValue.java:664) ~[hibernate-core-6.6.26.Final.jar:6.6.26.Final]
	at org.hibernate.mapping.BasicValue.buildResolution(BasicValue.java:461) ~[hibernate-core-6.6.26.Final.jar:6.6.26.Final]
	at org.hibernate.mapping.BasicValue.resolve(BasicValue.java:351) ~[hibernate-core-6.6.26.Final.jar:6.6.26.Final]
	at org.hibernate.mapping.BasicValue.resolve(BasicValue.java:341) ~[hibernate-core-6.6.26.Final.jar:6.6.26.Final]
	at org.hibernate.boot.internal.InFlightMetadataCollectorImpl.lambda$processValueResolvers$6(InFlightMetadataCollectorImpl.java:1827) ~[hibernate-core-6.6.26.Final.jar:6.6.26.Final]
	at java.base/java.util.ArrayList.removeIf(ArrayList.java:1682) ~[na:na]
	at java.base/java.util.ArrayList.removeIf(ArrayList.java:1660) ~[na:na]
	at org.hibernate.boot.internal.InFlightMetadataCollectorImpl.processValueResolvers(InFlightMetadataCollectorImpl.java:1826) ~[hibernate-core-6.6.26.Final.jar:6.6.26.Final]
	at org.hibernate.boot.internal.InFlightMetadataCollectorImpl.processSecondPasses(InFlightMetadataCollectorImpl.java:1812) ~[hibernate-core-6.6.26.Final.jar:6.6.26.Final]
	at org.hibernate.boot.model.process.spi.MetadataBuildingProcess.complete(MetadataBuildingProcess.java:334) ~[hibernate-core-6.6.26.Final.jar:6.6.26.Final]
	at org.hibernate.jpa.boot.internal.EntityManagerFactoryBuilderImpl.metadata(EntityManagerFactoryBuilderImpl.java:1442) ~[hibernate-core-6.6.26.Final.jar:6.6.26.Final]
	at org.hibernate.jpa.boot.internal.EntityManagerFactoryBuilderImpl.build(EntityManagerFactoryBuilderImpl.java:1513) ~[hibernate-core-6.6.26.Final.jar:6.6.26.Final]
	at org.springframework.orm.jpa.vendor.SpringHibernateJpaPersistenceProvider.createContainerEntityManagerFactory(SpringHibernateJpaPersistenceProvider.java:66) ~[spring-orm-6.2.10.jar:6.2.10]
	at org.springframework.orm.jpa.LocalContainerEntityManagerFactoryBean.createNativeEntityManagerFactory(LocalContainerEntityManagerFactoryBean.java:390) ~[spring-orm-6.2.10.jar:6.2.10]
	at org.springframework.orm.jpa.AbstractEntityManagerFactoryBean.buildNativeEntityManagerFactory(AbstractEntityManagerFactoryBean.java:419) ~[spring-orm-6.2.10.jar:6.2.10]
	at org.springframework.orm.jpa.AbstractEntityManagerFactoryBean.afterPropertiesSet(AbstractEntityManagerFactoryBean.java:400) ~[spring-orm-6.2.10.jar:6.2.10]
	at org.springframework.orm.jpa.LocalContainerEntityManagerFactoryBean.afterPropertiesSet(LocalContainerEntityManagerFactoryBean.java:366) ~[spring-orm-6.2.10.jar:6.2.10]
	at org.springframework.beans.factory.support.AbstractAutowireCapableBeanFactory.invokeInitMethods(AbstractAutowireCapableBeanFactory.java:1873) ~[spring-beans-6.2.10.jar:6.2.10]
	at org.springframework.beans.factory.support.AbstractAutowireCapableBeanFactory.initializeBean(AbstractAutowireCapableBeanFactory.java:1822) ~[spring-beans-6.2.10.jar:6.2.10]
	... 20 common frames omitted

2025-09-12T19:42:51.872+05:30  INFO 41394 --- [SpringBootWebDemo] [restartedMain] c.w.S.SpringBootWebDemoApplication       : Starting SpringBootWebDemoApplication using Java 17.0.8 with PID 41394 (/Users/Shalini/Desktop/InfosysWS/SpringBoot/SpringBootWebDemo/target/classes started by Shalini in /Users/Shalini/Desktop/InfosysWS/SpringBoot/SpringBootWebDemo)
2025-09-12T19:42:51.873+05:30  INFO 41394 --- [SpringBootWebDemo] [restartedMain] c.w.S.SpringBootWebDemoApplication       : No active profile set, falling back to 1 default profile: "default"
2025-09-12T19:42:51.904+05:30  INFO 41394 --- [SpringBootWebDemo] [restartedMain] .e.DevToolsPropertyDefaultsPostProcessor : Devtools property defaults active! Set 'spring.devtools.add-properties' to 'false' to disable
2025-09-12T19:42:51.904+05:30  INFO 41394 --- [SpringBootWebDemo] [restartedMain] .e.DevToolsPropertyDefaultsPostProcessor : For additional web related logging consider setting the 'logging.level.web' property to 'DEBUG'
2025-09-12T19:42:52.476+05:30  INFO 41394 --- [SpringBootWebDemo] [restartedMain] .s.d.r.c.RepositoryConfigurationDelegate : Bootstrapping Spring Data JPA repositories in DEFAULT mode.
2025-09-12T19:42:52.505+05:30  INFO 41394 --- [SpringBootWebDemo] [restartedMain] .s.d.r.c.RepositoryConfigurationDelegate : Finished Spring Data repository scanning in 23 ms. Found 1 JPA repository interface.
2025-09-12T19:42:52.784+05:30  INFO 41394 --- [SpringBootWebDemo] [restartedMain] o.s.b.w.embedded.tomcat.TomcatWebServer  : Tomcat initialized with port 8081 (http)
2025-09-12T19:42:52.794+05:30  INFO 41394 --- [SpringBootWebDemo] [restartedMain] o.apache.catalina.core.StandardService   : Starting service [Tomcat]
2025-09-12T19:42:52.794+05:30  INFO 41394 --- [SpringBootWebDemo] [restartedMain] o.apache.catalina.core.StandardEngine    : Starting Servlet engine: [Apache Tomcat/10.1.44]
2025-09-12T19:42:52.820+05:30  INFO 41394 --- [SpringBootWebDemo] [restartedMain] o.a.c.c.C.[Tomcat].[localhost].[/]       : Initializing Spring embedded WebApplicationContext
2025-09-12T19:42:52.820+05:30  INFO 41394 --- [SpringBootWebDemo] [restartedMain] w.s.c.ServletWebServerApplicationContext : Root WebApplicationContext: initialization completed in 916 ms
2025-09-12T19:42:52.967+05:30  INFO 41394 --- [SpringBootWebDemo] [restartedMain] o.hibernate.jpa.internal.util.LogHelper  : HHH000204: Processing PersistenceUnitInfo [name: default]
2025-09-12T19:42:53.000+05:30  INFO 41394 --- [SpringBootWebDemo] [restartedMain] org.hibernate.Version                    : HHH000412: Hibernate ORM core version 6.6.26.Final
2025-09-12T19:42:53.018+05:30  INFO 41394 --- [SpringBootWebDemo] [restartedMain] o.h.c.internal.RegionFactoryInitiator    : HHH000026: Second-level cache disabled
2025-09-12T19:42:53.147+05:30  INFO 41394 --- [SpringBootWebDemo] [restartedMain] o.s.o.j.p.SpringPersistenceUnitInfo      : No LoadTimeWeaver setup: ignoring JPA class transformer
2025-09-12T19:42:53.162+05:30  INFO 41394 --- [SpringBootWebDemo] [restartedMain] com.zaxxer.hikari.HikariDataSource       : HikariPool-1 - Starting...
2025-09-12T19:42:53.349+05:30  INFO 41394 --- [SpringBootWebDemo] [restartedMain] com.zaxxer.hikari.pool.HikariPool        : HikariPool-1 - Added connection com.mysql.cj.jdbc.ConnectionImpl@1f657431
2025-09-12T19:42:53.350+05:30  INFO 41394 --- [SpringBootWebDemo] [restartedMain] com.zaxxer.hikari.HikariDataSource       : HikariPool-1 - Start completed.
2025-09-12T19:42:53.382+05:30  WARN 41394 --- [SpringBootWebDemo] [restartedMain] org.hibernate.dialect.Dialect            : HHH000511: The 5.7.34 version for [org.hibernate.dialect.MySQLDialect] is no longer supported, hence certain features may not work properly. The minimum supported version is 8.0.0. Check the community dialects project for available legacy versions.
2025-09-12T19:42:53.396+05:30  INFO 41394 --- [SpringBootWebDemo] [restartedMain] org.hibernate.orm.connections.pooling    : HHH10001005: Database info:
	Database JDBC URL [Connecting through datasource 'HikariDataSource (HikariPool-1)']
	Database driver: undefined/unknown
	Database version: 5.7.34
	Autocommit mode: undefined/unknown
	Isolation level: undefined/unknown
	Minimum pool size: undefined/unknown
	Maximum pool size: undefined/unknown
2025-09-12T19:42:53.811+05:30  INFO 41394 --- [SpringBootWebDemo] [restartedMain] o.h.e.t.j.p.i.JtaPlatformInitiator       : HHH000489: No JTA platform available (set 'hibernate.transaction.jta.platform' to enable JTA platform integration)
2025-09-12T19:42:53.841+05:30  WARN 41394 --- [SpringBootWebDemo] [restartedMain] o.h.t.s.i.ExceptionHandlerLoggedImpl     : GenerationTarget encountered exception accepting command : Error executing DDL "alter table fictional_character drop foreign key FK8quf601cmbgp71fl9xbldsxg7" via JDBC [Table 'upgrad.fictional_character' doesn't exist]

org.hibernate.tool.schema.spi.CommandAcceptanceException: Error executing DDL "alter table fictional_character drop foreign key FK8quf601cmbgp71fl9xbldsxg7" via JDBC [Table 'upgrad.fictional_character' doesn't exist]
	at org.hibernate.tool.schema.internal.exec.GenerationTargetToDatabase.accept(GenerationTargetToDatabase.java:94) ~[hibernate-core-6.6.26.Final.jar:6.6.26.Final]
	at org.hibernate.tool.schema.internal.Helper.applySqlString(Helper.java:233) ~[hibernate-core-6.6.26.Final.jar:6.6.26.Final]
	at org.hibernate.tool.schema.internal.Helper.applySqlStrings(Helper.java:217) ~[hibernate-core-6.6.26.Final.jar:6.6.26.Final]
	at org.hibernate.tool.schema.internal.SchemaDropperImpl.applyConstraintDropping(SchemaDropperImpl.java:479) ~[hibernate-core-6.6.26.Final.jar:6.6.26.Final]
	at org.hibernate.tool.schema.internal.SchemaDropperImpl.dropConstraintsTablesSequences(SchemaDropperImpl.java:245) ~[hibernate-core-6.6.26.Final.jar:6.6.26.Final]
	at org.hibernate.tool.schema.internal.SchemaDropperImpl.dropFromMetadata(SchemaDropperImpl.java:218) ~[hibernate-core-6.6.26.Final.jar:6.6.26.Final]
	at org.hibernate.tool.schema.internal.SchemaDropperImpl.performDrop(SchemaDropperImpl.java:186) ~[hibernate-core-6.6.26.Final.jar:6.6.26.Final]
	at org.hibernate.tool.schema.internal.SchemaDropperImpl.doDrop(SchemaDropperImpl.java:156) ~[hibernate-core-6.6.26.Final.jar:6.6.26.Final]
	at org.hibernate.tool.schema.internal.SchemaDropperImpl.doDrop(SchemaDropperImpl.java:116) ~[hibernate-core-6.6.26.Final.jar:6.6.26.Final]
	at org.hibernate.tool.schema.spi.SchemaManagementToolCoordinator.performDatabaseAction(SchemaManagementToolCoordinator.java:238) ~[hibernate-core-6.6.26.Final.jar:6.6.26.Final]
	at org.hibernate.tool.schema.spi.SchemaManagementToolCoordinator.lambda$process$5(SchemaManagementToolCoordinator.java:144) ~[hibernate-core-6.6.26.Final.jar:6.6.26.Final]
	at java.base/java.util.HashMap.forEach(HashMap.java:1421) ~[na:na]
	at org.hibernate.tool.schema.spi.SchemaManagementToolCoordinator.process(SchemaManagementToolCoordinator.java:141) ~[hibernate-core-6.6.26.Final.jar:6.6.26.Final]
	at org.hibernate.boot.internal.SessionFactoryObserverForSchemaExport.sessionFactoryCreated(SessionFactoryObserverForSchemaExport.java:37) ~[hibernate-core-6.6.26.Final.jar:6.6.26.Final]
	at org.hibernate.internal.SessionFactoryObserverChain.sessionFactoryCreated(SessionFactoryObserverChain.java:35) ~[hibernate-core-6.6.26.Final.jar:6.6.26.Final]
	at org.hibernate.internal.SessionFactoryImpl.<init>(SessionFactoryImpl.java:324) ~[hibernate-core-6.6.26.Final.jar:6.6.26.Final]
	at org.hibernate.boot.internal.SessionFactoryBuilderImpl.build(SessionFactoryBuilderImpl.java:463) ~[hibernate-core-6.6.26.Final.jar:6.6.26.Final]
	at org.hibernate.jpa.boot.internal.EntityManagerFactoryBuilderImpl.build(EntityManagerFactoryBuilderImpl.java:1517) ~[hibernate-core-6.6.26.Final.jar:6.6.26.Final]
	at org.springframework.orm.jpa.vendor.SpringHibernateJpaPersistenceProvider.createContainerEntityManagerFactory(SpringHibernateJpaPersistenceProvider.java:66) ~[spring-orm-6.2.10.jar:6.2.10]
	at org.springframework.orm.jpa.LocalContainerEntityManagerFactoryBean.createNativeEntityManagerFactory(LocalContainerEntityManagerFactoryBean.java:390) ~[spring-orm-6.2.10.jar:6.2.10]
	at org.springframework.orm.jpa.AbstractEntityManagerFactoryBean.buildNativeEntityManagerFactory(AbstractEntityManagerFactoryBean.java:419) ~[spring-orm-6.2.10.jar:6.2.10]
	at org.springframework.orm.jpa.AbstractEntityManagerFactoryBean.afterPropertiesSet(AbstractEntityManagerFactoryBean.java:400) ~[spring-orm-6.2.10.jar:6.2.10]
	at org.springframework.orm.jpa.LocalContainerEntityManagerFactoryBean.afterPropertiesSet(LocalContainerEntityManagerFactoryBean.java:366) ~[spring-orm-6.2.10.jar:6.2.10]
	at org.springframework.beans.factory.support.AbstractAutowireCapableBeanFactory.invokeInitMethods(AbstractAutowireCapableBeanFactory.java:1873) ~[spring-beans-6.2.10.jar:6.2.10]
	at org.springframework.beans.factory.support.AbstractAutowireCapableBeanFactory.initializeBean(AbstractAutowireCapableBeanFactory.java:1822) ~[spring-beans-6.2.10.jar:6.2.10]
	at org.springframework.beans.factory.support.AbstractAutowireCapableBeanFactory.doCreateBean(AbstractAutowireCapableBeanFactory.java:607) ~[spring-beans-6.2.10.jar:6.2.10]
	at org.springframework.beans.factory.support.AbstractAutowireCapableBeanFactory.createBean(AbstractAutowireCapableBeanFactory.java:529) ~[spring-beans-6.2.10.jar:6.2.10]
	at org.springframework.beans.factory.support.AbstractBeanFactory.lambda$doGetBean$0(AbstractBeanFactory.java:339) ~[spring-beans-6.2.10.jar:6.2.10]
	at org.springframework.beans.factory.support.DefaultSingletonBeanRegistry.getSingleton(DefaultSingletonBeanRegistry.java:373) ~[spring-beans-6.2.10.jar:6.2.10]
	at org.springframework.beans.factory.support.AbstractBeanFactory.doGetBean(AbstractBeanFactory.java:337) ~[spring-beans-6.2.10.jar:6.2.10]
	at org.springframework.beans.factory.support.AbstractBeanFactory.getBean(AbstractBeanFactory.java:207) ~[spring-beans-6.2.10.jar:6.2.10]
	at org.springframework.context.support.AbstractApplicationContext.finishBeanFactoryInitialization(AbstractApplicationContext.java:970) ~[spring-context-6.2.10.jar:6.2.10]
	at org.springframework.context.support.AbstractApplicationContext.refresh(AbstractApplicationContext.java:627) ~[spring-context-6.2.10.jar:6.2.10]
	at org.springframework.boot.web.servlet.context.ServletWebServerApplicationContext.refresh(ServletWebServerApplicationContext.java:146) ~[spring-boot-3.5.5.jar:3.5.5]
	at org.springframework.boot.SpringApplication.refresh(SpringApplication.java:752) ~[spring-boot-3.5.5.jar:3.5.5]
	at org.springframework.boot.SpringApplication.refreshContext(SpringApplication.java:439) ~[spring-boot-3.5.5.jar:3.5.5]
	at org.springframework.boot.SpringApplication.run(SpringApplication.java:318) ~[spring-boot-3.5.5.jar:3.5.5]
	at org.springframework.boot.SpringApplication.run(SpringApplication.java:1361) ~[spring-boot-3.5.5.jar:3.5.5]
	at org.springframework.boot.SpringApplication.run(SpringApplication.java:1350) ~[spring-boot-3.5.5.jar:3.5.5]
	at com.web.SpringBootWebDemo.SpringBootWebDemoApplication.main(SpringBootWebDemoApplication.java:22) ~[classes/:na]
	at java.base/jdk.internal.reflect.NativeMethodAccessorImpl.invoke0(Native Method) ~[na:na]
	at java.base/jdk.internal.reflect.NativeMethodAccessorImpl.invoke(NativeMethodAccessorImpl.java:77) ~[na:na]
	at java.base/jdk.internal.reflect.DelegatingMethodAccessorImpl.invoke(DelegatingMethodAccessorImpl.java:43) ~[na:na]
	at java.base/java.lang.reflect.Method.invoke(Method.java:568) ~[na:na]
	at org.springframework.boot.devtools.restart.RestartLauncher.run(RestartLauncher.java:50) ~[spring-boot-devtools-3.5.5.jar:3.5.5]
Caused by: java.sql.SQLSyntaxErrorException: Table 'upgrad.fictional_character' doesn't exist
	at com.mysql.cj.jdbc.exceptions.SQLError.createSQLException(SQLError.java:112) ~[mysql-connector-j-9.4.0.jar:9.4.0]
	at com.mysql.cj.jdbc.exceptions.SQLExceptionsMapping.translateException(SQLExceptionsMapping.java:114) ~[mysql-connector-j-9.4.0.jar:9.4.0]
	at com.mysql.cj.jdbc.StatementImpl.executeInternal(StatementImpl.java:837) ~[mysql-connector-j-9.4.0.jar:9.4.0]
	at com.mysql.cj.jdbc.StatementImpl.execute(StatementImpl.java:685) ~[mysql-connector-j-9.4.0.jar:9.4.0]
	at com.zaxxer.hikari.pool.ProxyStatement.execute(ProxyStatement.java:95) ~[HikariCP-6.3.2.jar:na]
	at com.zaxxer.hikari.pool.HikariProxyStatement.execute(HikariProxyStatement.java) ~[HikariCP-6.3.2.jar:na]
	at org.hibernate.tool.schema.internal.exec.GenerationTargetToDatabase.accept(GenerationTargetToDatabase.java:80) ~[hibernate-core-6.6.26.Final.jar:6.6.26.Final]
	... 44 common frames omitted

2025-09-12T19:42:53.934+05:30  INFO 41394 --- [SpringBootWebDemo] [restartedMain] j.LocalContainerEntityManagerFactoryBean : Initialized JPA EntityManagerFactory for persistence unit 'default'
2025-09-12T19:42:54.174+05:30  WARN 41394 --- [SpringBootWebDemo] [restartedMain] JpaBaseConfiguration$JpaWebConfiguration : spring.jpa.open-in-view is enabled by default. Therefore, database queries may be performed during view rendering. Explicitly configure spring.jpa.open-in-view to disable this warning
2025-09-12T19:42:54.853+05:30  INFO 41394 --- [SpringBootWebDemo] [restartedMain] o.s.b.d.a.OptionalLiveReloadServer       : LiveReload server is running on port 35729
2025-09-12T19:42:54.858+05:30  INFO 41394 --- [SpringBootWebDemo] [restartedMain] o.s.b.a.e.web.EndpointLinksResolver      : Exposing 15 endpoints beneath base path '/manage'
2025-09-12T19:42:54.919+05:30  INFO 41394 --- [SpringBootWebDemo] [restartedMain] o.s.b.w.embedded.tomcat.TomcatWebServer  : Tomcat started on port 8081 (http) with context path '/'
2025-09-12T19:42:54.938+05:30  INFO 41394 --- [SpringBootWebDemo] [restartedMain] c.w.S.SpringBootWebDemoApplication       : Started SpringBootWebDemoApplication in 3.301 seconds (process running for 3.555)
2025-09-12T19:45:27.021+05:30  INFO 41394 --- [SpringBootWebDemo] [File Watcher] rtingClassPathChangeChangedEventListener : Restarting due to 1 class path change (0 additions, 0 deletions, 1 modification)
2025-09-12T19:45:27.036+05:30  INFO 41394 --- [SpringBootWebDemo] [Thread-5] o.s.b.w.e.tomcat.GracefulShutdown        : Commencing graceful shutdown. Waiting for active requests to complete
2025-09-12T19:45:27.071+05:30  INFO 41394 --- [SpringBootWebDemo] [tomcat-shutdown] o.s.b.w.e.tomcat.GracefulShutdown        : Graceful shutdown complete
2025-09-12T19:45:27.079+05:30  INFO 41394 --- [SpringBootWebDemo] [Thread-5] j.LocalContainerEntityManagerFactoryBean : Closing JPA EntityManagerFactory for persistence unit 'default'
2025-09-12T19:45:27.084+05:30  INFO 41394 --- [SpringBootWebDemo] [Thread-5] com.zaxxer.hikari.HikariDataSource       : HikariPool-1 - Shutdown initiated...
2025-09-12T19:45:27.090+05:30  INFO 41394 --- [SpringBootWebDemo] [Thread-5] com.zaxxer.hikari.HikariDataSource       : HikariPool-1 - Shutdown completed.
2025-09-12T19:45:27.168+05:30  INFO 41394 --- [SpringBootWebDemo] [restartedMain] c.w.S.SpringBootWebDemoApplication       : Starting SpringBootWebDemoApplication using Java 17.0.8 with PID 41394 (/Users/Shalini/Desktop/InfosysWS/SpringBoot/SpringBootWebDemo/target/classes started by Shalini in /Users/Shalini/Desktop/InfosysWS/SpringBoot/SpringBootWebDemo)
2025-09-12T19:45:27.168+05:30  INFO 41394 --- [SpringBootWebDemo] [restartedMain] c.w.S.SpringBootWebDemoApplication       : No active profile set, falling back to 1 default profile: "default"
2025-09-12T19:45:27.346+05:30  INFO 41394 --- [SpringBootWebDemo] [restartedMain] .s.d.r.c.RepositoryConfigurationDelegate : Bootstrapping Spring Data JPA repositories in DEFAULT mode.
2025-09-12T19:45:27.354+05:30  INFO 41394 --- [SpringBootWebDemo] [restartedMain] .s.d.r.c.RepositoryConfigurationDelegate : Finished Spring Data repository scanning in 7 ms. Found 1 JPA repository interface.
2025-09-12T19:45:27.394+05:30  INFO 41394 --- [SpringBootWebDemo] [restartedMain] o.s.b.w.embedded.tomcat.TomcatWebServer  : Tomcat initialized with port 8081 (http)
2025-09-12T19:45:27.395+05:30  INFO 41394 --- [SpringBootWebDemo] [restartedMain] o.apache.catalina.core.StandardService   : Starting service [Tomcat]
2025-09-12T19:45:27.395+05:30  INFO 41394 --- [SpringBootWebDemo] [restartedMain] o.apache.catalina.core.StandardEngine    : Starting Servlet engine: [Apache Tomcat/10.1.44]
2025-09-12T19:45:27.403+05:30  INFO 41394 --- [SpringBootWebDemo] [restartedMain] o.a.c.c.C.[Tomcat].[localhost].[/]       : Initializing Spring embedded WebApplicationContext
2025-09-12T19:45:27.403+05:30  INFO 41394 --- [SpringBootWebDemo] [restartedMain] w.s.c.ServletWebServerApplicationContext : Root WebApplicationContext: initialization completed in 233 ms
2025-09-12T19:45:27.433+05:30  INFO 41394 --- [SpringBootWebDemo] [restartedMain] o.hibernate.jpa.internal.util.LogHelper  : HHH000204: Processing PersistenceUnitInfo [name: default]
2025-09-12T19:45:27.434+05:30  INFO 41394 --- [SpringBootWebDemo] [restartedMain] o.h.c.internal.RegionFactoryInitiator    : HHH000026: Second-level cache disabled
2025-09-12T19:45:27.440+05:30  INFO 41394 --- [SpringBootWebDemo] [restartedMain] o.s.o.j.p.SpringPersistenceUnitInfo      : No LoadTimeWeaver setup: ignoring JPA class transformer
2025-09-12T19:45:27.441+05:30  INFO 41394 --- [SpringBootWebDemo] [restartedMain] com.zaxxer.hikari.HikariDataSource       : HikariPool-2 - Starting...
2025-09-12T19:45:27.453+05:30  INFO 41394 --- [SpringBootWebDemo] [restartedMain] com.zaxxer.hikari.pool.HikariPool        : HikariPool-2 - Added connection com.mysql.cj.jdbc.ConnectionImpl@8fb5070
2025-09-12T19:45:27.454+05:30  INFO 41394 --- [SpringBootWebDemo] [restartedMain] com.zaxxer.hikari.HikariDataSource       : HikariPool-2 - Start completed.
2025-09-12T19:45:27.456+05:30  WARN 41394 --- [SpringBootWebDemo] [restartedMain] org.hibernate.dialect.Dialect            : HHH000511: The 5.7.34 version for [org.hibernate.dialect.MySQLDialect] is no longer supported, hence certain features may not work properly. The minimum supported version is 8.0.0. Check the community dialects project for available legacy versions.
2025-09-12T19:45:27.456+05:30  INFO 41394 --- [SpringBootWebDemo] [restartedMain] org.hibernate.orm.connections.pooling    : HHH10001005: Database info:
	Database JDBC URL [Connecting through datasource 'HikariDataSource (HikariPool-2)']
	Database driver: undefined/unknown
	Database version: 5.7.34
	Autocommit mode: undefined/unknown
	Isolation level: undefined/unknown
	Minimum pool size: undefined/unknown
	Maximum pool size: undefined/unknown
2025-09-12T19:45:27.498+05:30  INFO 41394 --- [SpringBootWebDemo] [restartedMain] o.h.e.t.j.p.i.JtaPlatformInitiator       : HHH000489: No JTA platform available (set 'hibernate.transaction.jta.platform' to enable JTA platform integration)
2025-09-12T19:45:27.505+05:30  WARN 41394 --- [SpringBootWebDemo] [restartedMain] o.h.t.s.i.ExceptionHandlerLoggedImpl     : GenerationTarget encountered exception accepting command : Error executing DDL "alter table fictional_character drop foreign key FKmucl3pga81rs95flkc33vx9it" via JDBC [Can't DROP 'FKmucl3pga81rs95flkc33vx9it'; check that column/key exists]

org.hibernate.tool.schema.spi.CommandAcceptanceException: Error executing DDL "alter table fictional_character drop foreign key FKmucl3pga81rs95flkc33vx9it" via JDBC [Can't DROP 'FKmucl3pga81rs95flkc33vx9it'; check that column/key exists]
	at org.hibernate.tool.schema.internal.exec.GenerationTargetToDatabase.accept(GenerationTargetToDatabase.java:94) ~[hibernate-core-6.6.26.Final.jar:6.6.26.Final]
	at org.hibernate.tool.schema.internal.Helper.applySqlString(Helper.java:233) ~[hibernate-core-6.6.26.Final.jar:6.6.26.Final]
	at org.hibernate.tool.schema.internal.Helper.applySqlStrings(Helper.java:217) ~[hibernate-core-6.6.26.Final.jar:6.6.26.Final]
	at org.hibernate.tool.schema.internal.SchemaDropperImpl.applyConstraintDropping(SchemaDropperImpl.java:479) ~[hibernate-core-6.6.26.Final.jar:6.6.26.Final]
	at org.hibernate.tool.schema.internal.SchemaDropperImpl.dropConstraintsTablesSequences(SchemaDropperImpl.java:245) ~[hibernate-core-6.6.26.Final.jar:6.6.26.Final]
	at org.hibernate.tool.schema.internal.SchemaDropperImpl.dropFromMetadata(SchemaDropperImpl.java:218) ~[hibernate-core-6.6.26.Final.jar:6.6.26.Final]
	at org.hibernate.tool.schema.internal.SchemaDropperImpl.performDrop(SchemaDropperImpl.java:186) ~[hibernate-core-6.6.26.Final.jar:6.6.26.Final]
	at org.hibernate.tool.schema.internal.SchemaDropperImpl.doDrop(SchemaDropperImpl.java:156) ~[hibernate-core-6.6.26.Final.jar:6.6.26.Final]
	at org.hibernate.tool.schema.internal.SchemaDropperImpl.doDrop(SchemaDropperImpl.java:116) ~[hibernate-core-6.6.26.Final.jar:6.6.26.Final]
	at org.hibernate.tool.schema.spi.SchemaManagementToolCoordinator.performDatabaseAction(SchemaManagementToolCoordinator.java:238) ~[hibernate-core-6.6.26.Final.jar:6.6.26.Final]
	at org.hibernate.tool.schema.spi.SchemaManagementToolCoordinator.lambda$process$5(SchemaManagementToolCoordinator.java:144) ~[hibernate-core-6.6.26.Final.jar:6.6.26.Final]
	at java.base/java.util.HashMap.forEach(HashMap.java:1421) ~[na:na]
	at org.hibernate.tool.schema.spi.SchemaManagementToolCoordinator.process(SchemaManagementToolCoordinator.java:141) ~[hibernate-core-6.6.26.Final.jar:6.6.26.Final]
	at org.hibernate.boot.internal.SessionFactoryObserverForSchemaExport.sessionFactoryCreated(SessionFactoryObserverForSchemaExport.java:37) ~[hibernate-core-6.6.26.Final.jar:6.6.26.Final]
	at org.hibernate.internal.SessionFactoryObserverChain.sessionFactoryCreated(SessionFactoryObserverChain.java:35) ~[hibernate-core-6.6.26.Final.jar:6.6.26.Final]
	at org.hibernate.internal.SessionFactoryImpl.<init>(SessionFactoryImpl.java:324) ~[hibernate-core-6.6.26.Final.jar:6.6.26.Final]
	at org.hibernate.boot.internal.SessionFactoryBuilderImpl.build(SessionFactoryBuilderImpl.java:463) ~[hibernate-core-6.6.26.Final.jar:6.6.26.Final]
	at org.hibernate.jpa.boot.internal.EntityManagerFactoryBuilderImpl.build(EntityManagerFactoryBuilderImpl.java:1517) ~[hibernate-core-6.6.26.Final.jar:6.6.26.Final]
	at org.springframework.orm.jpa.vendor.SpringHibernateJpaPersistenceProvider.createContainerEntityManagerFactory(SpringHibernateJpaPersistenceProvider.java:66) ~[spring-orm-6.2.10.jar:6.2.10]
	at org.springframework.orm.jpa.LocalContainerEntityManagerFactoryBean.createNativeEntityManagerFactory(LocalContainerEntityManagerFactoryBean.java:390) ~[spring-orm-6.2.10.jar:6.2.10]
	at org.springframework.orm.jpa.AbstractEntityManagerFactoryBean.buildNativeEntityManagerFactory(AbstractEntityManagerFactoryBean.java:419) ~[spring-orm-6.2.10.jar:6.2.10]
	at org.springframework.orm.jpa.AbstractEntityManagerFactoryBean.afterPropertiesSet(AbstractEntityManagerFactoryBean.java:400) ~[spring-orm-6.2.10.jar:6.2.10]
	at org.springframework.orm.jpa.LocalContainerEntityManagerFactoryBean.afterPropertiesSet(LocalContainerEntityManagerFactoryBean.java:366) ~[spring-orm-6.2.10.jar:6.2.10]
	at org.springframework.beans.factory.support.AbstractAutowireCapableBeanFactory.invokeInitMethods(AbstractAutowireCapableBeanFactory.java:1873) ~[spring-beans-6.2.10.jar:6.2.10]
	at org.springframework.beans.factory.support.AbstractAutowireCapableBeanFactory.initializeBean(AbstractAutowireCapableBeanFactory.java:1822) ~[spring-beans-6.2.10.jar:6.2.10]
	at org.springframework.beans.factory.support.AbstractAutowireCapableBeanFactory.doCreateBean(AbstractAutowireCapableBeanFactory.java:607) ~[spring-beans-6.2.10.jar:6.2.10]
	at org.springframework.beans.factory.support.AbstractAutowireCapableBeanFactory.createBean(AbstractAutowireCapableBeanFactory.java:529) ~[spring-beans-6.2.10.jar:6.2.10]
	at org.springframework.beans.factory.support.AbstractBeanFactory.lambda$doGetBean$0(AbstractBeanFactory.java:339) ~[spring-beans-6.2.10.jar:6.2.10]
	at org.springframework.beans.factory.support.DefaultSingletonBeanRegistry.getSingleton(DefaultSingletonBeanRegistry.java:373) ~[spring-beans-6.2.10.jar:6.2.10]
	at org.springframework.beans.factory.support.AbstractBeanFactory.doGetBean(AbstractBeanFactory.java:337) ~[spring-beans-6.2.10.jar:6.2.10]
	at org.springframework.beans.factory.support.AbstractBeanFactory.getBean(AbstractBeanFactory.java:207) ~[spring-beans-6.2.10.jar:6.2.10]
	at org.springframework.context.support.AbstractApplicationContext.finishBeanFactoryInitialization(AbstractApplicationContext.java:970) ~[spring-context-6.2.10.jar:6.2.10]
	at org.springframework.context.support.AbstractApplicationContext.refresh(AbstractApplicationContext.java:627) ~[spring-context-6.2.10.jar:6.2.10]
	at org.springframework.boot.web.servlet.context.ServletWebServerApplicationContext.refresh(ServletWebServerApplicationContext.java:146) ~[spring-boot-3.5.5.jar:3.5.5]
	at org.springframework.boot.SpringApplication.refresh(SpringApplication.java:752) ~[spring-boot-3.5.5.jar:3.5.5]
	at org.springframework.boot.SpringApplication.refreshContext(SpringApplication.java:439) ~[spring-boot-3.5.5.jar:3.5.5]
	at org.springframework.boot.SpringApplication.run(SpringApplication.java:318) ~[spring-boot-3.5.5.jar:3.5.5]
	at org.springframework.boot.SpringApplication.run(SpringApplication.java:1361) ~[spring-boot-3.5.5.jar:3.5.5]
	at org.springframework.boot.SpringApplication.run(SpringApplication.java:1350) ~[spring-boot-3.5.5.jar:3.5.5]
	at com.web.SpringBootWebDemo.SpringBootWebDemoApplication.main(SpringBootWebDemoApplication.java:22) ~[classes/:na]
	at java.base/jdk.internal.reflect.NativeMethodAccessorImpl.invoke0(Native Method) ~[na:na]
	at java.base/jdk.internal.reflect.NativeMethodAccessorImpl.invoke(NativeMethodAccessorImpl.java:77) ~[na:na]
	at java.base/jdk.internal.reflect.DelegatingMethodAccessorImpl.invoke(DelegatingMethodAccessorImpl.java:43) ~[na:na]
	at java.base/java.lang.reflect.Method.invoke(Method.java:568) ~[na:na]
	at org.springframework.boot.devtools.restart.RestartLauncher.run(RestartLauncher.java:50) ~[spring-boot-devtools-3.5.5.jar:3.5.5]
Caused by: java.sql.SQLSyntaxErrorException: Can't DROP 'FKmucl3pga81rs95flkc33vx9it'; check that column/key exists
	at com.mysql.cj.jdbc.exceptions.SQLError.createSQLException(SQLError.java:112) ~[mysql-connector-j-9.4.0.jar:9.4.0]
	at com.mysql.cj.jdbc.exceptions.SQLExceptionsMapping.translateException(SQLExceptionsMapping.java:114) ~[mysql-connector-j-9.4.0.jar:9.4.0]
	at com.mysql.cj.jdbc.StatementImpl.executeInternal(StatementImpl.java:837) ~[mysql-connector-j-9.4.0.jar:9.4.0]
	at com.mysql.cj.jdbc.StatementImpl.execute(StatementImpl.java:685) ~[mysql-connector-j-9.4.0.jar:9.4.0]
	at com.zaxxer.hikari.pool.ProxyStatement.execute(ProxyStatement.java:95) ~[HikariCP-6.3.2.jar:na]
	at com.zaxxer.hikari.pool.HikariProxyStatement.execute(HikariProxyStatement.java) ~[HikariCP-6.3.2.jar:na]
	at org.hibernate.tool.schema.internal.exec.GenerationTargetToDatabase.accept(GenerationTargetToDatabase.java:80) ~[hibernate-core-6.6.26.Final.jar:6.6.26.Final]
	... 44 common frames omitted

2025-09-12T19:45:27.577+05:30  INFO 41394 --- [SpringBootWebDemo] [restartedMain] j.LocalContainerEntityManagerFactoryBean : Initialized JPA EntityManagerFactory for persistence unit 'default'
2025-09-12T19:45:27.618+05:30  WARN 41394 --- [SpringBootWebDemo] [restartedMain] JpaBaseConfiguration$JpaWebConfiguration : spring.jpa.open-in-view is enabled by default. Therefore, database queries may be performed during view rendering. Explicitly configure spring.jpa.open-in-view to disable this warning
2025-09-12T19:45:27.851+05:30  INFO 41394 --- [SpringBootWebDemo] [restartedMain] o.s.b.d.a.OptionalLiveReloadServer       : LiveReload server is running on port 35729
2025-09-12T19:45:27.852+05:30  INFO 41394 --- [SpringBootWebDemo] [restartedMain] o.s.b.a.e.web.EndpointLinksResolver      : Exposing 15 endpoints beneath base path '/manage'
2025-09-12T19:45:27.864+05:30  INFO 41394 --- [SpringBootWebDemo] [restartedMain] o.s.b.w.embedded.tomcat.TomcatWebServer  : Tomcat started on port 8081 (http) with context path '/'
2025-09-12T19:45:27.869+05:30  INFO 41394 --- [SpringBootWebDemo] [restartedMain] c.w.S.SpringBootWebDemoApplication       : Started SpringBootWebDemoApplication in 0.718 seconds (process running for 156.472)
2025-09-12T19:45:27.870+05:30  INFO 41394 --- [SpringBootWebDemo] [restartedMain] .ConditionEvaluationDeltaLoggingListener : Condition evaluation unchanged
2025-09-12T19:45:38.390+05:30  INFO 41394 --- [SpringBootWebDemo] [File Watcher] rtingClassPathChangeChangedEventListener : Restarting due to 1 class path change (0 additions, 0 deletions, 1 modification)
2025-09-12T19:45:38.404+05:30  INFO 41394 --- [SpringBootWebDemo] [Thread-7] o.s.b.w.e.tomcat.GracefulShutdown        : Commencing graceful shutdown. Waiting for active requests to complete
2025-09-12T19:45:38.410+05:30  INFO 41394 --- [SpringBootWebDemo] [tomcat-shutdown] o.s.b.w.e.tomcat.GracefulShutdown        : Graceful shutdown complete
2025-09-12T19:45:38.416+05:30  INFO 41394 --- [SpringBootWebDemo] [Thread-7] j.LocalContainerEntityManagerFactoryBean : Closing JPA EntityManagerFactory for persistence unit 'default'
2025-09-12T19:45:38.419+05:30  INFO 41394 --- [SpringBootWebDemo] [Thread-7] com.zaxxer.hikari.HikariDataSource       : HikariPool-2 - Shutdown initiated...
2025-09-12T19:45:38.424+05:30  INFO 41394 --- [SpringBootWebDemo] [Thread-7] com.zaxxer.hikari.HikariDataSource       : HikariPool-2 - Shutdown completed.
2025-09-12T19:45:38.511+05:30  INFO 41394 --- [SpringBootWebDemo] [restartedMain] c.w.S.SpringBootWebDemoApplication       : Starting SpringBootWebDemoApplication using Java 17.0.8 with PID 41394 (/Users/Shalini/Desktop/InfosysWS/SpringBoot/SpringBootWebDemo/target/classes started by Shalini in /Users/Shalini/Desktop/InfosysWS/SpringBoot/SpringBootWebDemo)
2025-09-12T19:45:38.511+05:30  INFO 41394 --- [SpringBootWebDemo] [restartedMain] c.w.S.SpringBootWebDemoApplication       : No active profile set, falling back to 1 default profile: "default"
2025-09-12T19:45:38.651+05:30  INFO 41394 --- [SpringBootWebDemo] [restartedMain] .s.d.r.c.RepositoryConfigurationDelegate : Bootstrapping Spring Data JPA repositories in DEFAULT mode.
2025-09-12T19:45:38.657+05:30  INFO 41394 --- [SpringBootWebDemo] [restartedMain] .s.d.r.c.RepositoryConfigurationDelegate : Finished Spring Data repository scanning in 5 ms. Found 1 JPA repository interface.
2025-09-12T19:45:38.695+05:30  INFO 41394 --- [SpringBootWebDemo] [restartedMain] o.s.b.w.embedded.tomcat.TomcatWebServer  : Tomcat initialized with port 8081 (http)
2025-09-12T19:45:38.695+05:30  INFO 41394 --- [SpringBootWebDemo] [restartedMain] o.apache.catalina.core.StandardService   : Starting service [Tomcat]
2025-09-12T19:45:38.695+05:30  INFO 41394 --- [SpringBootWebDemo] [restartedMain] o.apache.catalina.core.StandardEngine    : Starting Servlet engine: [Apache Tomcat/10.1.44]
2025-09-12T19:45:38.702+05:30  INFO 41394 --- [SpringBootWebDemo] [restartedMain] o.a.c.c.C.[Tomcat].[localhost].[/]       : Initializing Spring embedded WebApplicationContext
2025-09-12T19:45:38.702+05:30  INFO 41394 --- [SpringBootWebDemo] [restartedMain] w.s.c.ServletWebServerApplicationContext : Root WebApplicationContext: initialization completed in 190 ms
2025-09-12T19:45:38.723+05:30  INFO 41394 --- [SpringBootWebDemo] [restartedMain] o.hibernate.jpa.internal.util.LogHelper  : HHH000204: Processing PersistenceUnitInfo [name: default]
2025-09-12T19:45:38.724+05:30  INFO 41394 --- [SpringBootWebDemo] [restartedMain] o.h.c.internal.RegionFactoryInitiator    : HHH000026: Second-level cache disabled
2025-09-12T19:45:38.728+05:30  INFO 41394 --- [SpringBootWebDemo] [restartedMain] o.s.o.j.p.SpringPersistenceUnitInfo      : No LoadTimeWeaver setup: ignoring JPA class transformer
2025-09-12T19:45:38.729+05:30  INFO 41394 --- [SpringBootWebDemo] [restartedMain] com.zaxxer.hikari.HikariDataSource       : HikariPool-3 - Starting...
2025-09-12T19:45:38.741+05:30  INFO 41394 --- [SpringBootWebDemo] [restartedMain] com.zaxxer.hikari.pool.HikariPool        : HikariPool-3 - Added connection com.mysql.cj.jdbc.ConnectionImpl@1abe61b3
2025-09-12T19:45:38.742+05:30  INFO 41394 --- [SpringBootWebDemo] [restartedMain] com.zaxxer.hikari.HikariDataSource       : HikariPool-3 - Start completed.
2025-09-12T19:45:38.743+05:30  WARN 41394 --- [SpringBootWebDemo] [restartedMain] org.hibernate.dialect.Dialect            : HHH000511: The 5.7.34 version for [org.hibernate.dialect.MySQLDialect] is no longer supported, hence certain features may not work properly. The minimum supported version is 8.0.0. Check the community dialects project for available legacy versions.
2025-09-12T19:45:38.743+05:30  INFO 41394 --- [SpringBootWebDemo] [restartedMain] org.hibernate.orm.connections.pooling    : HHH10001005: Database info:
	Database JDBC URL [Connecting through datasource 'HikariDataSource (HikariPool-3)']
	Database driver: undefined/unknown
	Database version: 5.7.34
	Autocommit mode: undefined/unknown
	Isolation level: undefined/unknown
	Minimum pool size: undefined/unknown
	Maximum pool size: undefined/unknown
2025-09-12T19:45:38.777+05:30  INFO 41394 --- [SpringBootWebDemo] [restartedMain] o.h.e.t.j.p.i.JtaPlatformInitiator       : HHH000489: No JTA platform available (set 'hibernate.transaction.jta.platform' to enable JTA platform integration)
2025-09-12T19:45:38.787+05:30  WARN 41394 --- [SpringBootWebDemo] [restartedMain] o.h.t.s.i.ExceptionHandlerLoggedImpl     : GenerationTarget encountered exception accepting command : Error executing DDL "alter table fictional_character drop foreign key FKfbsadeo5u1usbslns2r3q5bw9" via JDBC [Can't DROP 'FKfbsadeo5u1usbslns2r3q5bw9'; check that column/key exists]

org.hibernate.tool.schema.spi.CommandAcceptanceException: Error executing DDL "alter table fictional_character drop foreign key FKfbsadeo5u1usbslns2r3q5bw9" via JDBC [Can't DROP 'FKfbsadeo5u1usbslns2r3q5bw9'; check that column/key exists]
	at org.hibernate.tool.schema.internal.exec.GenerationTargetToDatabase.accept(GenerationTargetToDatabase.java:94) ~[hibernate-core-6.6.26.Final.jar:6.6.26.Final]
	at org.hibernate.tool.schema.internal.Helper.applySqlString(Helper.java:233) ~[hibernate-core-6.6.26.Final.jar:6.6.26.Final]
	at org.hibernate.tool.schema.internal.Helper.applySqlStrings(Helper.java:217) ~[hibernate-core-6.6.26.Final.jar:6.6.26.Final]
	at org.hibernate.tool.schema.internal.SchemaDropperImpl.applyConstraintDropping(SchemaDropperImpl.java:479) ~[hibernate-core-6.6.26.Final.jar:6.6.26.Final]
	at org.hibernate.tool.schema.internal.SchemaDropperImpl.dropConstraintsTablesSequences(SchemaDropperImpl.java:245) ~[hibernate-core-6.6.26.Final.jar:6.6.26.Final]
	at org.hibernate.tool.schema.internal.SchemaDropperImpl.dropFromMetadata(SchemaDropperImpl.java:218) ~[hibernate-core-6.6.26.Final.jar:6.6.26.Final]
	at org.hibernate.tool.schema.internal.SchemaDropperImpl.performDrop(SchemaDropperImpl.java:186) ~[hibernate-core-6.6.26.Final.jar:6.6.26.Final]
	at org.hibernate.tool.schema.internal.SchemaDropperImpl.doDrop(SchemaDropperImpl.java:156) ~[hibernate-core-6.6.26.Final.jar:6.6.26.Final]
	at org.hibernate.tool.schema.internal.SchemaDropperImpl.doDrop(SchemaDropperImpl.java:116) ~[hibernate-core-6.6.26.Final.jar:6.6.26.Final]
	at org.hibernate.tool.schema.spi.SchemaManagementToolCoordinator.performDatabaseAction(SchemaManagementToolCoordinator.java:238) ~[hibernate-core-6.6.26.Final.jar:6.6.26.Final]
	at org.hibernate.tool.schema.spi.SchemaManagementToolCoordinator.lambda$process$5(SchemaManagementToolCoordinator.java:144) ~[hibernate-core-6.6.26.Final.jar:6.6.26.Final]
	at java.base/java.util.HashMap.forEach(HashMap.java:1421) ~[na:na]
	at org.hibernate.tool.schema.spi.SchemaManagementToolCoordinator.process(SchemaManagementToolCoordinator.java:141) ~[hibernate-core-6.6.26.Final.jar:6.6.26.Final]
	at org.hibernate.boot.internal.SessionFactoryObserverForSchemaExport.sessionFactoryCreated(SessionFactoryObserverForSchemaExport.java:37) ~[hibernate-core-6.6.26.Final.jar:6.6.26.Final]
	at org.hibernate.internal.SessionFactoryObserverChain.sessionFactoryCreated(SessionFactoryObserverChain.java:35) ~[hibernate-core-6.6.26.Final.jar:6.6.26.Final]
	at org.hibernate.internal.SessionFactoryImpl.<init>(SessionFactoryImpl.java:324) ~[hibernate-core-6.6.26.Final.jar:6.6.26.Final]
	at org.hibernate.boot.internal.SessionFactoryBuilderImpl.build(SessionFactoryBuilderImpl.java:463) ~[hibernate-core-6.6.26.Final.jar:6.6.26.Final]
	at org.hibernate.jpa.boot.internal.EntityManagerFactoryBuilderImpl.build(EntityManagerFactoryBuilderImpl.java:1517) ~[hibernate-core-6.6.26.Final.jar:6.6.26.Final]
	at org.springframework.orm.jpa.vendor.SpringHibernateJpaPersistenceProvider.createContainerEntityManagerFactory(SpringHibernateJpaPersistenceProvider.java:66) ~[spring-orm-6.2.10.jar:6.2.10]
	at org.springframework.orm.jpa.LocalContainerEntityManagerFactoryBean.createNativeEntityManagerFactory(LocalContainerEntityManagerFactoryBean.java:390) ~[spring-orm-6.2.10.jar:6.2.10]
	at org.springframework.orm.jpa.AbstractEntityManagerFactoryBean.buildNativeEntityManagerFactory(AbstractEntityManagerFactoryBean.java:419) ~[spring-orm-6.2.10.jar:6.2.10]
	at org.springframework.orm.jpa.AbstractEntityManagerFactoryBean.afterPropertiesSet(AbstractEntityManagerFactoryBean.java:400) ~[spring-orm-6.2.10.jar:6.2.10]
	at org.springframework.orm.jpa.LocalContainerEntityManagerFactoryBean.afterPropertiesSet(LocalContainerEntityManagerFactoryBean.java:366) ~[spring-orm-6.2.10.jar:6.2.10]
	at org.springframework.beans.factory.support.AbstractAutowireCapableBeanFactory.invokeInitMethods(AbstractAutowireCapableBeanFactory.java:1873) ~[spring-beans-6.2.10.jar:6.2.10]
	at org.springframework.beans.factory.support.AbstractAutowireCapableBeanFactory.initializeBean(AbstractAutowireCapableBeanFactory.java:1822) ~[spring-beans-6.2.10.jar:6.2.10]
	at org.springframework.beans.factory.support.AbstractAutowireCapableBeanFactory.doCreateBean(AbstractAutowireCapableBeanFactory.java:607) ~[spring-beans-6.2.10.jar:6.2.10]
	at org.springframework.beans.factory.support.AbstractAutowireCapableBeanFactory.createBean(AbstractAutowireCapableBeanFactory.java:529) ~[spring-beans-6.2.10.jar:6.2.10]
	at org.springframework.beans.factory.support.AbstractBeanFactory.lambda$doGetBean$0(AbstractBeanFactory.java:339) ~[spring-beans-6.2.10.jar:6.2.10]
	at org.springframework.beans.factory.support.DefaultSingletonBeanRegistry.getSingleton(DefaultSingletonBeanRegistry.java:373) ~[spring-beans-6.2.10.jar:6.2.10]
	at org.springframework.beans.factory.support.AbstractBeanFactory.doGetBean(AbstractBeanFactory.java:337) ~[spring-beans-6.2.10.jar:6.2.10]
	at org.springframework.beans.factory.support.AbstractBeanFactory.getBean(AbstractBeanFactory.java:207) ~[spring-beans-6.2.10.jar:6.2.10]
	at org.springframework.context.support.AbstractApplicationContext.finishBeanFactoryInitialization(AbstractApplicationContext.java:970) ~[spring-context-6.2.10.jar:6.2.10]
	at org.springframework.context.support.AbstractApplicationContext.refresh(AbstractApplicationContext.java:627) ~[spring-context-6.2.10.jar:6.2.10]
	at org.springframework.boot.web.servlet.context.ServletWebServerApplicationContext.refresh(ServletWebServerApplicationContext.java:146) ~[spring-boot-3.5.5.jar:3.5.5]
	at org.springframework.boot.SpringApplication.refresh(SpringApplication.java:752) ~[spring-boot-3.5.5.jar:3.5.5]
	at org.springframework.boot.SpringApplication.refreshContext(SpringApplication.java:439) ~[spring-boot-3.5.5.jar:3.5.5]
	at org.springframework.boot.SpringApplication.run(SpringApplication.java:318) ~[spring-boot-3.5.5.jar:3.5.5]
	at org.springframework.boot.SpringApplication.run(SpringApplication.java:1361) ~[spring-boot-3.5.5.jar:3.5.5]
	at org.springframework.boot.SpringApplication.run(SpringApplication.java:1350) ~[spring-boot-3.5.5.jar:3.5.5]
	at com.web.SpringBootWebDemo.SpringBootWebDemoApplication.main(SpringBootWebDemoApplication.java:22) ~[classes/:na]
	at java.base/jdk.internal.reflect.NativeMethodAccessorImpl.invoke0(Native Method) ~[na:na]
	at java.base/jdk.internal.reflect.NativeMethodAccessorImpl.invoke(NativeMethodAccessorImpl.java:77) ~[na:na]
	at java.base/jdk.internal.reflect.DelegatingMethodAccessorImpl.invoke(DelegatingMethodAccessorImpl.java:43) ~[na:na]
	at java.base/java.lang.reflect.Method.invoke(Method.java:568) ~[na:na]
	at org.springframework.boot.devtools.restart.RestartLauncher.run(RestartLauncher.java:50) ~[spring-boot-devtools-3.5.5.jar:3.5.5]
Caused by: java.sql.SQLSyntaxErrorException: Can't DROP 'FKfbsadeo5u1usbslns2r3q5bw9'; check that column/key exists
	at com.mysql.cj.jdbc.exceptions.SQLError.createSQLException(SQLError.java:112) ~[mysql-connector-j-9.4.0.jar:9.4.0]
	at com.mysql.cj.jdbc.exceptions.SQLExceptionsMapping.translateException(SQLExceptionsMapping.java:114) ~[mysql-connector-j-9.4.0.jar:9.4.0]
	at com.mysql.cj.jdbc.StatementImpl.executeInternal(StatementImpl.java:837) ~[mysql-connector-j-9.4.0.jar:9.4.0]
	at com.mysql.cj.jdbc.StatementImpl.execute(StatementImpl.java:685) ~[mysql-connector-j-9.4.0.jar:9.4.0]
	at com.zaxxer.hikari.pool.ProxyStatement.execute(ProxyStatement.java:95) ~[HikariCP-6.3.2.jar:na]
	at com.zaxxer.hikari.pool.HikariProxyStatement.execute(HikariProxyStatement.java) ~[HikariCP-6.3.2.jar:na]
	at org.hibernate.tool.schema.internal.exec.GenerationTargetToDatabase.accept(GenerationTargetToDatabase.java:80) ~[hibernate-core-6.6.26.Final.jar:6.6.26.Final]
	... 44 common frames omitted

2025-09-12T19:45:38.847+05:30  INFO 41394 --- [SpringBootWebDemo] [restartedMain] j.LocalContainerEntityManagerFactoryBean : Initialized JPA EntityManagerFactory for persistence unit 'default'
2025-09-12T19:45:38.884+05:30  WARN 41394 --- [SpringBootWebDemo] [restartedMain] JpaBaseConfiguration$JpaWebConfiguration : spring.jpa.open-in-view is enabled by default. Therefore, database queries may be performed during view rendering. Explicitly configure spring.jpa.open-in-view to disable this warning
2025-09-12T19:45:39.078+05:30  INFO 41394 --- [SpringBootWebDemo] [restartedMain] o.s.b.d.a.OptionalLiveReloadServer       : LiveReload server is running on port 35729
2025-09-12T19:45:39.079+05:30  INFO 41394 --- [SpringBootWebDemo] [restartedMain] o.s.b.a.e.web.EndpointLinksResolver      : Exposing 15 endpoints beneath base path '/manage'
2025-09-12T19:45:39.090+05:30  INFO 41394 --- [SpringBootWebDemo] [restartedMain] o.s.b.w.embedded.tomcat.TomcatWebServer  : Tomcat started on port 8081 (http) with context path '/'
2025-09-12T19:45:39.094+05:30  INFO 41394 --- [SpringBootWebDemo] [restartedMain] c.w.S.SpringBootWebDemoApplication       : Started SpringBootWebDemoApplication in 0.597 seconds (process running for 167.697)
2025-09-12T19:45:39.095+05:30  INFO 41394 --- [SpringBootWebDemo] [restartedMain] .ConditionEvaluationDeltaLoggingListener : Condition evaluation unchanged
2025-09-12T19:46:25.964+05:30  INFO 41394 --- [SpringBootWebDemo] [File Watcher] rtingClassPathChangeChangedEventListener : Restarting due to 1 class path change (1 addition, 0 deletions, 0 modifications)
2025-09-12T19:46:25.975+05:30  INFO 41394 --- [SpringBootWebDemo] [Thread-11] o.s.b.w.e.tomcat.GracefulShutdown        : Commencing graceful shutdown. Waiting for active requests to complete
2025-09-12T19:46:25.981+05:30  INFO 41394 --- [SpringBootWebDemo] [tomcat-shutdown] o.s.b.w.e.tomcat.GracefulShutdown        : Graceful shutdown complete
2025-09-12T19:46:25.990+05:30  INFO 41394 --- [SpringBootWebDemo] [Thread-11] j.LocalContainerEntityManagerFactoryBean : Closing JPA EntityManagerFactory for persistence unit 'default'
2025-09-12T19:46:25.997+05:30  INFO 41394 --- [SpringBootWebDemo] [Thread-11] com.zaxxer.hikari.HikariDataSource       : HikariPool-3 - Shutdown initiated...
2025-09-12T19:46:26.002+05:30  INFO 41394 --- [SpringBootWebDemo] [Thread-11] com.zaxxer.hikari.HikariDataSource       : HikariPool-3 - Shutdown completed.
2025-09-12T19:46:26.088+05:30  INFO 41394 --- [SpringBootWebDemo] [restartedMain] c.w.S.SpringBootWebDemoApplication       : Starting SpringBootWebDemoApplication using Java 17.0.8 with PID 41394 (/Users/Shalini/Desktop/InfosysWS/SpringBoot/SpringBootWebDemo/target/classes started by Shalini in /Users/Shalini/Desktop/InfosysWS/SpringBoot/SpringBootWebDemo)
2025-09-12T19:46:26.089+05:30  INFO 41394 --- [SpringBootWebDemo] [restartedMain] c.w.S.SpringBootWebDemoApplication       : No active profile set, falling back to 1 default profile: "default"
2025-09-12T19:46:26.234+05:30  INFO 41394 --- [SpringBootWebDemo] [restartedMain] .s.d.r.c.RepositoryConfigurationDelegate : Bootstrapping Spring Data JPA repositories in DEFAULT mode.
2025-09-12T19:46:26.240+05:30  INFO 41394 --- [SpringBootWebDemo] [restartedMain] .s.d.r.c.RepositoryConfigurationDelegate : Finished Spring Data repository scanning in 5 ms. Found 1 JPA repository interface.
2025-09-12T19:46:26.280+05:30  INFO 41394 --- [SpringBootWebDemo] [restartedMain] o.s.b.w.embedded.tomcat.TomcatWebServer  : Tomcat initialized with port 8081 (http)
2025-09-12T19:46:26.281+05:30  INFO 41394 --- [SpringBootWebDemo] [restartedMain] o.apache.catalina.core.StandardService   : Starting service [Tomcat]
2025-09-12T19:46:26.281+05:30  INFO 41394 --- [SpringBootWebDemo] [restartedMain] o.apache.catalina.core.StandardEngine    : Starting Servlet engine: [Apache Tomcat/10.1.44]
2025-09-12T19:46:26.289+05:30  INFO 41394 --- [SpringBootWebDemo] [restartedMain] o.a.c.c.C.[Tomcat].[localhost].[/]       : Initializing Spring embedded WebApplicationContext
2025-09-12T19:46:26.289+05:30  INFO 41394 --- [SpringBootWebDemo] [restartedMain] w.s.c.ServletWebServerApplicationContext : Root WebApplicationContext: initialization completed in 200 ms
2025-09-12T19:46:26.316+05:30  INFO 41394 --- [SpringBootWebDemo] [restartedMain] o.hibernate.jpa.internal.util.LogHelper  : HHH000204: Processing PersistenceUnitInfo [name: default]
2025-09-12T19:46:26.324+05:30  INFO 41394 --- [SpringBootWebDemo] [restartedMain] o.h.c.internal.RegionFactoryInitiator    : HHH000026: Second-level cache disabled
2025-09-12T19:46:26.332+05:30  INFO 41394 --- [SpringBootWebDemo] [restartedMain] o.s.o.j.p.SpringPersistenceUnitInfo      : No LoadTimeWeaver setup: ignoring JPA class transformer
2025-09-12T19:46:26.333+05:30  INFO 41394 --- [SpringBootWebDemo] [restartedMain] com.zaxxer.hikari.HikariDataSource       : HikariPool-4 - Starting...
2025-09-12T19:46:26.349+05:30  INFO 41394 --- [SpringBootWebDemo] [restartedMain] com.zaxxer.hikari.pool.HikariPool        : HikariPool-4 - Added connection com.mysql.cj.jdbc.ConnectionImpl@448fde72
2025-09-12T19:46:26.349+05:30  INFO 41394 --- [SpringBootWebDemo] [restartedMain] com.zaxxer.hikari.HikariDataSource       : HikariPool-4 - Start completed.
2025-09-12T19:46:26.351+05:30  WARN 41394 --- [SpringBootWebDemo] [restartedMain] org.hibernate.dialect.Dialect            : HHH000511: The 5.7.34 version for [org.hibernate.dialect.MySQLDialect] is no longer supported, hence certain features may not work properly. The minimum supported version is 8.0.0. Check the community dialects project for available legacy versions.
2025-09-12T19:46:26.352+05:30  INFO 41394 --- [SpringBootWebDemo] [restartedMain] org.hibernate.orm.connections.pooling    : HHH10001005: Database info:
	Database JDBC URL [Connecting through datasource 'HikariDataSource (HikariPool-4)']
	Database driver: undefined/unknown
	Database version: 5.7.34
	Autocommit mode: undefined/unknown
	Isolation level: undefined/unknown
	Minimum pool size: undefined/unknown
	Maximum pool size: undefined/unknown
2025-09-12T19:46:26.404+05:30  INFO 41394 --- [SpringBootWebDemo] [restartedMain] o.h.e.t.j.p.i.JtaPlatformInitiator       : HHH000489: No JTA platform available (set 'hibernate.transaction.jta.platform' to enable JTA platform integration)
2025-09-12T19:46:26.550+05:30  INFO 41394 --- [SpringBootWebDemo] [restartedMain] j.LocalContainerEntityManagerFactoryBean : Initialized JPA EntityManagerFactory for persistence unit 'default'
2025-09-12T19:46:26.584+05:30  WARN 41394 --- [SpringBootWebDemo] [restartedMain] JpaBaseConfiguration$JpaWebConfiguration : spring.jpa.open-in-view is enabled by default. Therefore, database queries may be performed during view rendering. Explicitly configure spring.jpa.open-in-view to disable this warning
2025-09-12T19:46:26.746+05:30  INFO 41394 --- [SpringBootWebDemo] [restartedMain] o.s.b.d.a.OptionalLiveReloadServer       : LiveReload server is running on port 35729
2025-09-12T19:46:26.747+05:30  INFO 41394 --- [SpringBootWebDemo] [restartedMain] o.s.b.a.e.web.EndpointLinksResolver      : Exposing 15 endpoints beneath base path '/manage'
2025-09-12T19:46:26.757+05:30  INFO 41394 --- [SpringBootWebDemo] [restartedMain] o.s.b.w.embedded.tomcat.TomcatWebServer  : Tomcat started on port 8081 (http) with context path '/'
2025-09-12T19:46:26.762+05:30  INFO 41394 --- [SpringBootWebDemo] [restartedMain] c.w.S.SpringBootWebDemoApplication       : Started SpringBootWebDemoApplication in 0.688 seconds (process running for 215.365)
2025-09-12T19:46:26.763+05:30  INFO 41394 --- [SpringBootWebDemo] [restartedMain] .ConditionEvaluationDeltaLoggingListener : Condition evaluation unchanged
2025-09-12T19:46:39.289+05:30  INFO 41394 --- [SpringBootWebDemo] [File Watcher] rtingClassPathChangeChangedEventListener : Restarting due to 1 class path change (0 additions, 0 deletions, 1 modification)
2025-09-12T19:46:39.300+05:30  INFO 41394 --- [SpringBootWebDemo] [Thread-15] o.s.b.w.e.tomcat.GracefulShutdown        : Commencing graceful shutdown. Waiting for active requests to complete
2025-09-12T19:46:39.304+05:30  INFO 41394 --- [SpringBootWebDemo] [tomcat-shutdown] o.s.b.w.e.tomcat.GracefulShutdown        : Graceful shutdown complete
2025-09-12T19:46:39.309+05:30  INFO 41394 --- [SpringBootWebDemo] [Thread-15] j.LocalContainerEntityManagerFactoryBean : Closing JPA EntityManagerFactory for persistence unit 'default'
2025-09-12T19:46:39.311+05:30  INFO 41394 --- [SpringBootWebDemo] [Thread-15] com.zaxxer.hikari.HikariDataSource       : HikariPool-4 - Shutdown initiated...
2025-09-12T19:46:39.317+05:30  INFO 41394 --- [SpringBootWebDemo] [Thread-15] com.zaxxer.hikari.HikariDataSource       : HikariPool-4 - Shutdown completed.
2025-09-12T19:46:39.404+05:30  INFO 41394 --- [SpringBootWebDemo] [restartedMain] c.w.S.SpringBootWebDemoApplication       : Starting SpringBootWebDemoApplication using Java 17.0.8 with PID 41394 (/Users/Shalini/Desktop/InfosysWS/SpringBoot/SpringBootWebDemo/target/classes started by Shalini in /Users/Shalini/Desktop/InfosysWS/SpringBoot/SpringBootWebDemo)
2025-09-12T19:46:39.405+05:30  INFO 41394 --- [SpringBootWebDemo] [restartedMain] c.w.S.SpringBootWebDemoApplication       : No active profile set, falling back to 1 default profile: "default"
2025-09-12T19:46:39.538+05:30  INFO 41394 --- [SpringBootWebDemo] [restartedMain] .s.d.r.c.RepositoryConfigurationDelegate : Bootstrapping Spring Data JPA repositories in DEFAULT mode.
2025-09-12T19:46:39.543+05:30  INFO 41394 --- [SpringBootWebDemo] [restartedMain] .s.d.r.c.RepositoryConfigurationDelegate : Finished Spring Data repository scanning in 4 ms. Found 2 JPA repository interfaces.
2025-09-12T19:46:39.608+05:30  INFO 41394 --- [SpringBootWebDemo] [restartedMain] o.s.b.w.embedded.tomcat.TomcatWebServer  : Tomcat initialized with port 8081 (http)
2025-09-12T19:46:39.608+05:30  INFO 41394 --- [SpringBootWebDemo] [restartedMain] o.apache.catalina.core.StandardService   : Starting service [Tomcat]
2025-09-12T19:46:39.608+05:30  INFO 41394 --- [SpringBootWebDemo] [restartedMain] o.apache.catalina.core.StandardEngine    : Starting Servlet engine: [Apache Tomcat/10.1.44]
2025-09-12T19:46:39.617+05:30  INFO 41394 --- [SpringBootWebDemo] [restartedMain] o.a.c.c.C.[Tomcat].[localhost].[/]       : Initializing Spring embedded WebApplicationContext
2025-09-12T19:46:39.617+05:30  INFO 41394 --- [SpringBootWebDemo] [restartedMain] w.s.c.ServletWebServerApplicationContext : Root WebApplicationContext: initialization completed in 211 ms
2025-09-12T19:46:39.640+05:30  INFO 41394 --- [SpringBootWebDemo] [restartedMain] o.hibernate.jpa.internal.util.LogHelper  : HHH000204: Processing PersistenceUnitInfo [name: default]
2025-09-12T19:46:39.641+05:30  INFO 41394 --- [SpringBootWebDemo] [restartedMain] o.h.c.internal.RegionFactoryInitiator    : HHH000026: Second-level cache disabled
2025-09-12T19:46:39.645+05:30  INFO 41394 --- [SpringBootWebDemo] [restartedMain] o.s.o.j.p.SpringPersistenceUnitInfo      : No LoadTimeWeaver setup: ignoring JPA class transformer
2025-09-12T19:46:39.646+05:30  INFO 41394 --- [SpringBootWebDemo] [restartedMain] com.zaxxer.hikari.HikariDataSource       : HikariPool-5 - Starting...
2025-09-12T19:46:39.662+05:30  INFO 41394 --- [SpringBootWebDemo] [restartedMain] com.zaxxer.hikari.pool.HikariPool        : HikariPool-5 - Added connection com.mysql.cj.jdbc.ConnectionImpl@16af1e40
2025-09-12T19:46:39.662+05:30  INFO 41394 --- [SpringBootWebDemo] [restartedMain] com.zaxxer.hikari.HikariDataSource       : HikariPool-5 - Start completed.
2025-09-12T19:46:39.663+05:30  WARN 41394 --- [SpringBootWebDemo] [restartedMain] org.hibernate.dialect.Dialect            : HHH000511: The 5.7.34 version for [org.hibernate.dialect.MySQLDialect] is no longer supported, hence certain features may not work properly. The minimum supported version is 8.0.0. Check the community dialects project for available legacy versions.
2025-09-12T19:46:39.663+05:30  INFO 41394 --- [SpringBootWebDemo] [restartedMain] org.hibernate.orm.connections.pooling    : HHH10001005: Database info:
	Database JDBC URL [Connecting through datasource 'HikariDataSource (HikariPool-5)']
	Database driver: undefined/unknown
	Database version: 5.7.34
	Autocommit mode: undefined/unknown
	Isolation level: undefined/unknown
	Minimum pool size: undefined/unknown
	Maximum pool size: undefined/unknown
2025-09-12T19:46:39.697+05:30  INFO 41394 --- [SpringBootWebDemo] [restartedMain] o.h.e.t.j.p.i.JtaPlatformInitiator       : HHH000489: No JTA platform available (set 'hibernate.transaction.jta.platform' to enable JTA platform integration)
2025-09-12T19:46:39.903+05:30  INFO 41394 --- [SpringBootWebDemo] [restartedMain] j.LocalContainerEntityManagerFactoryBean : Initialized JPA EntityManagerFactory for persistence unit 'default'
2025-09-12T19:46:39.939+05:30  WARN 41394 --- [SpringBootWebDemo] [restartedMain] JpaBaseConfiguration$JpaWebConfiguration : spring.jpa.open-in-view is enabled by default. Therefore, database queries may be performed during view rendering. Explicitly configure spring.jpa.open-in-view to disable this warning
2025-09-12T19:46:40.096+05:30  INFO 41394 --- [SpringBootWebDemo] [restartedMain] o.s.b.d.a.OptionalLiveReloadServer       : LiveReload server is running on port 35729
2025-09-12T19:46:40.097+05:30  INFO 41394 --- [SpringBootWebDemo] [restartedMain] o.s.b.a.e.web.EndpointLinksResolver      : Exposing 15 endpoints beneath base path '/manage'
2025-09-12T19:46:40.105+05:30  INFO 41394 --- [SpringBootWebDemo] [restartedMain] o.s.b.w.embedded.tomcat.TomcatWebServer  : Tomcat started on port 8081 (http) with context path '/'
2025-09-12T19:46:40.110+05:30  INFO 41394 --- [SpringBootWebDemo] [restartedMain] c.w.S.SpringBootWebDemoApplication       : Started SpringBootWebDemoApplication in 0.719 seconds (process running for 228.712)
2025-09-12T19:46:40.110+05:30  INFO 41394 --- [SpringBootWebDemo] [restartedMain] .ConditionEvaluationDeltaLoggingListener : Condition evaluation unchanged
2025-09-12T19:46:48.597+05:30  INFO 41394 --- [SpringBootWebDemo] [File Watcher] rtingClassPathChangeChangedEventListener : Restarting due to 1 class path change (1 addition, 0 deletions, 0 modifications)
2025-09-12T19:46:48.599+05:30  INFO 41394 --- [SpringBootWebDemo] [Thread-19] o.s.b.w.e.tomcat.GracefulShutdown        : Commencing graceful shutdown. Waiting for active requests to complete
2025-09-12T19:46:48.601+05:30  INFO 41394 --- [SpringBootWebDemo] [tomcat-shutdown] o.s.b.w.e.tomcat.GracefulShutdown        : Graceful shutdown complete
2025-09-12T19:46:48.603+05:30  INFO 41394 --- [SpringBootWebDemo] [Thread-19] j.LocalContainerEntityManagerFactoryBean : Closing JPA EntityManagerFactory for persistence unit 'default'
2025-09-12T19:46:48.604+05:30  INFO 41394 --- [SpringBootWebDemo] [Thread-19] com.zaxxer.hikari.HikariDataSource       : HikariPool-5 - Shutdown initiated...
2025-09-12T19:46:48.606+05:30  INFO 41394 --- [SpringBootWebDemo] [Thread-19] com.zaxxer.hikari.HikariDataSource       : HikariPool-5 - Shutdown completed.
2025-09-12T19:46:48.666+05:30  INFO 41394 --- [SpringBootWebDemo] [restartedMain] c.w.S.SpringBootWebDemoApplication       : Starting SpringBootWebDemoApplication using Java 17.0.8 with PID 41394 (/Users/Shalini/Desktop/InfosysWS/SpringBoot/SpringBootWebDemo/target/classes started by Shalini in /Users/Shalini/Desktop/InfosysWS/SpringBoot/SpringBootWebDemo)
2025-09-12T19:46:48.666+05:30  INFO 41394 --- [SpringBootWebDemo] [restartedMain] c.w.S.SpringBootWebDemoApplication       : No active profile set, falling back to 1 default profile: "default"
2025-09-12T19:46:48.792+05:30  INFO 41394 --- [SpringBootWebDemo] [restartedMain] .s.d.r.c.RepositoryConfigurationDelegate : Bootstrapping Spring Data JPA repositories in DEFAULT mode.
2025-09-12T19:46:48.798+05:30  INFO 41394 --- [SpringBootWebDemo] [restartedMain] .s.d.r.c.RepositoryConfigurationDelegate : Finished Spring Data repository scanning in 4 ms. Found 3 JPA repository interfaces.
2025-09-12T19:46:48.838+05:30  INFO 41394 --- [SpringBootWebDemo] [restartedMain] o.s.b.w.embedded.tomcat.TomcatWebServer  : Tomcat initialized with port 8081 (http)
2025-09-12T19:46:48.838+05:30  INFO 41394 --- [SpringBootWebDemo] [restartedMain] o.apache.catalina.core.StandardService   : Starting service [Tomcat]
2025-09-12T19:46:48.838+05:30  INFO 41394 --- [SpringBootWebDemo] [restartedMain] o.apache.catalina.core.StandardEngine    : Starting Servlet engine: [Apache Tomcat/10.1.44]
2025-09-12T19:46:48.864+05:30  INFO 41394 --- [SpringBootWebDemo] [restartedMain] o.a.c.c.C.[Tomcat].[localhost].[/]       : Initializing Spring embedded WebApplicationContext
2025-09-12T19:46:48.864+05:30  INFO 41394 --- [SpringBootWebDemo] [restartedMain] w.s.c.ServletWebServerApplicationContext : Root WebApplicationContext: initialization completed in 197 ms
2025-09-12T19:46:48.953+05:30  INFO 41394 --- [SpringBootWebDemo] [restartedMain] o.hibernate.jpa.internal.util.LogHelper  : HHH000204: Processing PersistenceUnitInfo [name: default]
2025-09-12T19:46:48.966+05:30  INFO 41394 --- [SpringBootWebDemo] [restartedMain] o.h.c.internal.RegionFactoryInitiator    : HHH000026: Second-level cache disabled
2025-09-12T19:46:48.978+05:30  INFO 41394 --- [SpringBootWebDemo] [restartedMain] o.s.o.j.p.SpringPersistenceUnitInfo      : No LoadTimeWeaver setup: ignoring JPA class transformer
2025-09-12T19:46:48.979+05:30  INFO 41394 --- [SpringBootWebDemo] [restartedMain] com.zaxxer.hikari.HikariDataSource       : HikariPool-6 - Starting...
2025-09-12T19:46:48.991+05:30  INFO 41394 --- [SpringBootWebDemo] [restartedMain] com.zaxxer.hikari.pool.HikariPool        : HikariPool-6 - Added connection com.mysql.cj.jdbc.ConnectionImpl@1b014d47
2025-09-12T19:46:48.991+05:30  INFO 41394 --- [SpringBootWebDemo] [restartedMain] com.zaxxer.hikari.HikariDataSource       : HikariPool-6 - Start completed.
2025-09-12T19:46:48.993+05:30  WARN 41394 --- [SpringBootWebDemo] [restartedMain] org.hibernate.dialect.Dialect            : HHH000511: The 5.7.34 version for [org.hibernate.dialect.MySQLDialect] is no longer supported, hence certain features may not work properly. The minimum supported version is 8.0.0. Check the community dialects project for available legacy versions.
2025-09-12T19:46:48.993+05:30  INFO 41394 --- [SpringBootWebDemo] [restartedMain] org.hibernate.orm.connections.pooling    : HHH10001005: Database info:
	Database JDBC URL [Connecting through datasource 'HikariDataSource (HikariPool-6)']
	Database driver: undefined/unknown
	Database version: 5.7.34
	Autocommit mode: undefined/unknown
	Isolation level: undefined/unknown
	Minimum pool size: undefined/unknown
	Maximum pool size: undefined/unknown
2025-09-12T19:46:49.026+05:30  INFO 41394 --- [SpringBootWebDemo] [restartedMain] o.h.e.t.j.p.i.JtaPlatformInitiator       : HHH000489: No JTA platform available (set 'hibernate.transaction.jta.platform' to enable JTA platform integration)
2025-09-12T19:46:49.124+05:30  INFO 41394 --- [SpringBootWebDemo] [restartedMain] j.LocalContainerEntityManagerFactoryBean : Initialized JPA EntityManagerFactory for persistence unit 'default'
2025-09-12T19:46:49.160+05:30  WARN 41394 --- [SpringBootWebDemo] [restartedMain] JpaBaseConfiguration$JpaWebConfiguration : spring.jpa.open-in-view is enabled by default. Therefore, database queries may be performed during view rendering. Explicitly configure spring.jpa.open-in-view to disable this warning
2025-09-12T19:46:49.307+05:30  INFO 41394 --- [SpringBootWebDemo] [restartedMain] o.s.b.d.a.OptionalLiveReloadServer       : LiveReload server is running on port 35729
2025-09-12T19:46:49.308+05:30  INFO 41394 --- [SpringBootWebDemo] [restartedMain] o.s.b.a.e.web.EndpointLinksResolver      : Exposing 15 endpoints beneath base path '/manage'
2025-09-12T19:46:49.314+05:30  INFO 41394 --- [SpringBootWebDemo] [restartedMain] o.s.b.w.embedded.tomcat.TomcatWebServer  : Tomcat started on port 8081 (http) with context path '/'
2025-09-12T19:46:49.318+05:30  INFO 41394 --- [SpringBootWebDemo] [restartedMain] c.w.S.SpringBootWebDemoApplication       : Started SpringBootWebDemoApplication in 0.666 seconds (process running for 237.921)
2025-09-12T19:46:49.319+05:30  INFO 41394 --- [SpringBootWebDemo] [restartedMain] .ConditionEvaluationDeltaLoggingListener : Condition evaluation unchanged
2025-09-12T19:46:56.787+05:30  INFO 41394 --- [SpringBootWebDemo] [File Watcher] rtingClassPathChangeChangedEventListener : Restarting due to 1 class path change (0 additions, 0 deletions, 1 modification)
2025-09-12T19:46:56.790+05:30  INFO 41394 --- [SpringBootWebDemo] [Thread-23] o.s.b.w.e.tomcat.GracefulShutdown        : Commencing graceful shutdown. Waiting for active requests to complete
2025-09-12T19:46:56.794+05:30  INFO 41394 --- [SpringBootWebDemo] [tomcat-shutdown] o.s.b.w.e.tomcat.GracefulShutdown        : Graceful shutdown complete
2025-09-12T19:46:56.797+05:30  INFO 41394 --- [SpringBootWebDemo] [Thread-23] j.LocalContainerEntityManagerFactoryBean : Closing JPA EntityManagerFactory for persistence unit 'default'
2025-09-12T19:46:56.798+05:30  INFO 41394 --- [SpringBootWebDemo] [Thread-23] com.zaxxer.hikari.HikariDataSource       : HikariPool-6 - Shutdown initiated...
2025-09-12T19:46:56.800+05:30  INFO 41394 --- [SpringBootWebDemo] [Thread-23] com.zaxxer.hikari.HikariDataSource       : HikariPool-6 - Shutdown completed.
2025-09-12T19:46:56.864+05:30  INFO 41394 --- [SpringBootWebDemo] [restartedMain] c.w.S.SpringBootWebDemoApplication       : Starting SpringBootWebDemoApplication using Java 17.0.8 with PID 41394 (/Users/Shalini/Desktop/InfosysWS/SpringBoot/SpringBootWebDemo/target/classes started by Shalini in /Users/Shalini/Desktop/InfosysWS/SpringBoot/SpringBootWebDemo)
2025-09-12T19:46:56.864+05:30  INFO 41394 --- [SpringBootWebDemo] [restartedMain] c.w.S.SpringBootWebDemoApplication       : No active profile set, falling back to 1 default profile: "default"
2025-09-12T19:46:56.975+05:30  INFO 41394 --- [SpringBootWebDemo] [restartedMain] .s.d.r.c.RepositoryConfigurationDelegate : Bootstrapping Spring Data JPA repositories in DEFAULT mode.
2025-09-12T19:46:56.979+05:30  INFO 41394 --- [SpringBootWebDemo] [restartedMain] .s.d.r.c.RepositoryConfigurationDelegate : Finished Spring Data repository scanning in 4 ms. Found 3 JPA repository interfaces.
2025-09-12T19:46:57.010+05:30  INFO 41394 --- [SpringBootWebDemo] [restartedMain] o.s.b.w.embedded.tomcat.TomcatWebServer  : Tomcat initialized with port 8081 (http)
2025-09-12T19:46:57.010+05:30  INFO 41394 --- [SpringBootWebDemo] [restartedMain] o.apache.catalina.core.StandardService   : Starting service [Tomcat]
2025-09-12T19:46:57.010+05:30  INFO 41394 --- [SpringBootWebDemo] [restartedMain] o.apache.catalina.core.StandardEngine    : Starting Servlet engine: [Apache Tomcat/10.1.44]
2025-09-12T19:46:57.016+05:30  INFO 41394 --- [SpringBootWebDemo] [restartedMain] o.a.c.c.C.[Tomcat].[localhost].[/]       : Initializing Spring embedded WebApplicationContext
2025-09-12T19:46:57.016+05:30  INFO 41394 --- [SpringBootWebDemo] [restartedMain] w.s.c.ServletWebServerApplicationContext : Root WebApplicationContext: initialization completed in 151 ms
2025-09-12T19:46:57.034+05:30  INFO 41394 --- [SpringBootWebDemo] [restartedMain] o.hibernate.jpa.internal.util.LogHelper  : HHH000204: Processing PersistenceUnitInfo [name: default]
2025-09-12T19:46:57.035+05:30  INFO 41394 --- [SpringBootWebDemo] [restartedMain] o.h.c.internal.RegionFactoryInitiator    : HHH000026: Second-level cache disabled
2025-09-12T19:46:57.038+05:30  INFO 41394 --- [SpringBootWebDemo] [restartedMain] o.s.o.j.p.SpringPersistenceUnitInfo      : No LoadTimeWeaver setup: ignoring JPA class transformer
2025-09-12T19:46:57.038+05:30  INFO 41394 --- [SpringBootWebDemo] [restartedMain] com.zaxxer.hikari.HikariDataSource       : HikariPool-7 - Starting...
2025-09-12T19:46:57.050+05:30  INFO 41394 --- [SpringBootWebDemo] [restartedMain] com.zaxxer.hikari.pool.HikariPool        : HikariPool-7 - Added connection com.mysql.cj.jdbc.ConnectionImpl@21fadf91
2025-09-12T19:46:57.050+05:30  INFO 41394 --- [SpringBootWebDemo] [restartedMain] com.zaxxer.hikari.HikariDataSource       : HikariPool-7 - Start completed.
2025-09-12T19:46:57.051+05:30  WARN 41394 --- [SpringBootWebDemo] [restartedMain] org.hibernate.dialect.Dialect            : HHH000511: The 5.7.34 version for [org.hibernate.dialect.MySQLDialect] is no longer supported, hence certain features may not work properly. The minimum supported version is 8.0.0. Check the community dialects project for available legacy versions.
2025-09-12T19:46:57.051+05:30  INFO 41394 --- [SpringBootWebDemo] [restartedMain] org.hibernate.orm.connections.pooling    : HHH10001005: Database info:
	Database JDBC URL [Connecting through datasource 'HikariDataSource (HikariPool-7)']
	Database driver: undefined/unknown
	Database version: 5.7.34
	Autocommit mode: undefined/unknown
	Isolation level: undefined/unknown
	Minimum pool size: undefined/unknown
	Maximum pool size: undefined/unknown
2025-09-12T19:46:57.078+05:30  INFO 41394 --- [SpringBootWebDemo] [restartedMain] o.h.e.t.j.p.i.JtaPlatformInitiator       : HHH000489: No JTA platform available (set 'hibernate.transaction.jta.platform' to enable JTA platform integration)
2025-09-12T19:46:57.291+05:30  INFO 41394 --- [SpringBootWebDemo] [restartedMain] j.LocalContainerEntityManagerFactoryBean : Initialized JPA EntityManagerFactory for persistence unit 'default'
2025-09-12T19:46:57.323+05:30  WARN 41394 --- [SpringBootWebDemo] [restartedMain] JpaBaseConfiguration$JpaWebConfiguration : spring.jpa.open-in-view is enabled by default. Therefore, database queries may be performed during view rendering. Explicitly configure spring.jpa.open-in-view to disable this warning
2025-09-12T19:46:57.489+05:30  INFO 41394 --- [SpringBootWebDemo] [restartedMain] o.s.b.d.a.OptionalLiveReloadServer       : LiveReload server is running on port 35729
2025-09-12T19:46:57.491+05:30  INFO 41394 --- [SpringBootWebDemo] [restartedMain] o.s.b.a.e.web.EndpointLinksResolver      : Exposing 15 endpoints beneath base path '/manage'
2025-09-12T19:46:57.498+05:30  INFO 41394 --- [SpringBootWebDemo] [restartedMain] o.s.b.w.embedded.tomcat.TomcatWebServer  : Tomcat started on port 8081 (http) with context path '/'
2025-09-12T19:46:57.503+05:30  INFO 41394 --- [SpringBootWebDemo] [restartedMain] c.w.S.SpringBootWebDemoApplication       : Started SpringBootWebDemoApplication in 0.65 seconds (process running for 246.105)
2025-09-12T19:46:57.503+05:30  INFO 41394 --- [SpringBootWebDemo] [restartedMain] .ConditionEvaluationDeltaLoggingListener : Condition evaluation unchanged
2025-09-12T19:47:14.081+05:30  INFO 41394 --- [SpringBootWebDemo] [File Watcher] rtingClassPathChangeChangedEventListener : Restarting due to 5 class path changes (1 addition, 1 deletion, 3 modifications)
2025-09-12T19:47:14.092+05:30  INFO 41394 --- [SpringBootWebDemo] [Thread-27] o.s.b.w.e.tomcat.GracefulShutdown        : Commencing graceful shutdown. Waiting for active requests to complete
2025-09-12T19:47:14.096+05:30  INFO 41394 --- [SpringBootWebDemo] [tomcat-shutdown] o.s.b.w.e.tomcat.GracefulShutdown        : Graceful shutdown complete
2025-09-12T19:47:14.099+05:30  INFO 41394 --- [SpringBootWebDemo] [Thread-27] j.LocalContainerEntityManagerFactoryBean : Closing JPA EntityManagerFactory for persistence unit 'default'
2025-09-12T19:47:14.101+05:30  INFO 41394 --- [SpringBootWebDemo] [Thread-27] com.zaxxer.hikari.HikariDataSource       : HikariPool-7 - Shutdown initiated...
2025-09-12T19:47:14.104+05:30  INFO 41394 --- [SpringBootWebDemo] [Thread-27] com.zaxxer.hikari.HikariDataSource       : HikariPool-7 - Shutdown completed.
2025-09-12T19:47:14.218+05:30  INFO 41394 --- [SpringBootWebDemo] [restartedMain] c.w.S.SpringBootWebDemoApplication       : Starting SpringBootWebDemoApplication using Java 17.0.8 with PID 41394 (/Users/Shalini/Desktop/InfosysWS/SpringBoot/SpringBootWebDemo/target/classes started by Shalini in /Users/Shalini/Desktop/InfosysWS/SpringBoot/SpringBootWebDemo)
2025-09-12T19:47:14.218+05:30  INFO 41394 --- [SpringBootWebDemo] [restartedMain] c.w.S.SpringBootWebDemoApplication       : No active profile set, falling back to 1 default profile: "default"
2025-09-12T19:47:14.372+05:30  INFO 41394 --- [SpringBootWebDemo] [restartedMain] .s.d.r.c.RepositoryConfigurationDelegate : Bootstrapping Spring Data JPA repositories in DEFAULT mode.
2025-09-12T19:47:14.376+05:30  INFO 41394 --- [SpringBootWebDemo] [restartedMain] .s.d.r.c.RepositoryConfigurationDelegate : Finished Spring Data repository scanning in 4 ms. Found 3 JPA repository interfaces.
2025-09-12T19:47:14.437+05:30  INFO 41394 --- [SpringBootWebDemo] [restartedMain] o.s.b.w.embedded.tomcat.TomcatWebServer  : Tomcat initialized with port 8081 (http)
2025-09-12T19:47:14.437+05:30  INFO 41394 --- [SpringBootWebDemo] [restartedMain] o.apache.catalina.core.StandardService   : Starting service [Tomcat]
2025-09-12T19:47:14.437+05:30  INFO 41394 --- [SpringBootWebDemo] [restartedMain] o.apache.catalina.core.StandardEngine    : Starting Servlet engine: [Apache Tomcat/10.1.44]
2025-09-12T19:47:14.448+05:30  INFO 41394 --- [SpringBootWebDemo] [restartedMain] o.a.c.c.C.[Tomcat].[localhost].[/]       : Initializing Spring embedded WebApplicationContext
2025-09-12T19:47:14.448+05:30  INFO 41394 --- [SpringBootWebDemo] [restartedMain] w.s.c.ServletWebServerApplicationContext : Root WebApplicationContext: initialization completed in 229 ms
2025-09-12T19:47:14.474+05:30  INFO 41394 --- [SpringBootWebDemo] [restartedMain] o.hibernate.jpa.internal.util.LogHelper  : HHH000204: Processing PersistenceUnitInfo [name: default]
2025-09-12T19:47:14.475+05:30  INFO 41394 --- [SpringBootWebDemo] [restartedMain] o.h.c.internal.RegionFactoryInitiator    : HHH000026: Second-level cache disabled
2025-09-12T19:47:14.480+05:30  INFO 41394 --- [SpringBootWebDemo] [restartedMain] o.s.o.j.p.SpringPersistenceUnitInfo      : No LoadTimeWeaver setup: ignoring JPA class transformer
2025-09-12T19:47:14.481+05:30  INFO 41394 --- [SpringBootWebDemo] [restartedMain] com.zaxxer.hikari.HikariDataSource       : HikariPool-8 - Starting...
2025-09-12T19:47:14.494+05:30  INFO 41394 --- [SpringBootWebDemo] [restartedMain] com.zaxxer.hikari.pool.HikariPool        : HikariPool-8 - Added connection com.mysql.cj.jdbc.ConnectionImpl@4a1402b3
2025-09-12T19:47:14.494+05:30  INFO 41394 --- [SpringBootWebDemo] [restartedMain] com.zaxxer.hikari.HikariDataSource       : HikariPool-8 - Start completed.
2025-09-12T19:47:14.495+05:30  WARN 41394 --- [SpringBootWebDemo] [restartedMain] org.hibernate.dialect.Dialect            : HHH000511: The 5.7.34 version for [org.hibernate.dialect.MySQLDialect] is no longer supported, hence certain features may not work properly. The minimum supported version is 8.0.0. Check the community dialects project for available legacy versions.
2025-09-12T19:47:14.495+05:30  INFO 41394 --- [SpringBootWebDemo] [restartedMain] org.hibernate.orm.connections.pooling    : HHH10001005: Database info:
	Database JDBC URL [Connecting through datasource 'HikariDataSource (HikariPool-8)']
	Database driver: undefined/unknown
	Database version: 5.7.34
	Autocommit mode: undefined/unknown
	Isolation level: undefined/unknown
	Minimum pool size: undefined/unknown
	Maximum pool size: undefined/unknown
2025-09-12T19:47:14.552+05:30  INFO 41394 --- [SpringBootWebDemo] [restartedMain] o.h.e.t.j.p.i.JtaPlatformInitiator       : HHH000489: No JTA platform available (set 'hibernate.transaction.jta.platform' to enable JTA platform integration)
2025-09-12T19:47:14.629+05:30  INFO 41394 --- [SpringBootWebDemo] [restartedMain] j.LocalContainerEntityManagerFactoryBean : Initialized JPA EntityManagerFactory for persistence unit 'default'
2025-09-12T19:47:14.663+05:30  WARN 41394 --- [SpringBootWebDemo] [restartedMain] JpaBaseConfiguration$JpaWebConfiguration : spring.jpa.open-in-view is enabled by default. Therefore, database queries may be performed during view rendering. Explicitly configure spring.jpa.open-in-view to disable this warning
2025-09-12T19:47:14.825+05:30  INFO 41394 --- [SpringBootWebDemo] [restartedMain] o.s.b.d.a.OptionalLiveReloadServer       : LiveReload server is running on port 35729
2025-09-12T19:47:14.826+05:30  INFO 41394 --- [SpringBootWebDemo] [restartedMain] o.s.b.a.e.web.EndpointLinksResolver      : Exposing 15 endpoints beneath base path '/manage'
2025-09-12T19:47:14.834+05:30  INFO 41394 --- [SpringBootWebDemo] [restartedMain] o.s.b.w.embedded.tomcat.TomcatWebServer  : Tomcat started on port 8081 (http) with context path '/'
2025-09-12T19:47:14.840+05:30  INFO 41394 --- [SpringBootWebDemo] [restartedMain] c.w.S.SpringBootWebDemoApplication       : Started SpringBootWebDemoApplication in 0.637 seconds (process running for 263.442)
2025-09-12T19:47:14.841+05:30  INFO 41394 --- [SpringBootWebDemo] [restartedMain] .ConditionEvaluationDeltaLoggingListener : Condition evaluation unchanged
2025-09-12T19:47:27.370+05:30  INFO 41394 --- [SpringBootWebDemo] [File Watcher] rtingClassPathChangeChangedEventListener : Restarting due to 1 class path change (1 addition, 0 deletions, 0 modifications)
2025-09-12T19:47:27.383+05:30  INFO 41394 --- [SpringBootWebDemo] [Thread-31] o.s.b.w.e.tomcat.GracefulShutdown        : Commencing graceful shutdown. Waiting for active requests to complete
2025-09-12T19:47:27.386+05:30  INFO 41394 --- [SpringBootWebDemo] [tomcat-shutdown] o.s.b.w.e.tomcat.GracefulShutdown        : Graceful shutdown complete
2025-09-12T19:47:27.390+05:30  INFO 41394 --- [SpringBootWebDemo] [Thread-31] j.LocalContainerEntityManagerFactoryBean : Closing JPA EntityManagerFactory for persistence unit 'default'
2025-09-12T19:47:27.392+05:30  INFO 41394 --- [SpringBootWebDemo] [Thread-31] com.zaxxer.hikari.HikariDataSource       : HikariPool-8 - Shutdown initiated...
2025-09-12T19:47:27.397+05:30  INFO 41394 --- [SpringBootWebDemo] [Thread-31] com.zaxxer.hikari.HikariDataSource       : HikariPool-8 - Shutdown completed.
2025-09-12T19:47:27.487+05:30  INFO 41394 --- [SpringBootWebDemo] [restartedMain] c.w.S.SpringBootWebDemoApplication       : Starting SpringBootWebDemoApplication using Java 17.0.8 with PID 41394 (/Users/Shalini/Desktop/InfosysWS/SpringBoot/SpringBootWebDemo/target/classes started by Shalini in /Users/Shalini/Desktop/InfosysWS/SpringBoot/SpringBootWebDemo)
2025-09-12T19:47:27.487+05:30  INFO 41394 --- [SpringBootWebDemo] [restartedMain] c.w.S.SpringBootWebDemoApplication       : No active profile set, falling back to 1 default profile: "default"
2025-09-12T19:47:27.597+05:30  INFO 41394 --- [SpringBootWebDemo] [restartedMain] .s.d.r.c.RepositoryConfigurationDelegate : Bootstrapping Spring Data JPA repositories in DEFAULT mode.
2025-09-12T19:47:27.602+05:30  INFO 41394 --- [SpringBootWebDemo] [restartedMain] .s.d.r.c.RepositoryConfigurationDelegate : Finished Spring Data repository scanning in 4 ms. Found 3 JPA repository interfaces.
2025-09-12T19:47:27.638+05:30  INFO 41394 --- [SpringBootWebDemo] [restartedMain] o.s.b.w.embedded.tomcat.TomcatWebServer  : Tomcat initialized with port 8081 (http)
2025-09-12T19:47:27.638+05:30  INFO 41394 --- [SpringBootWebDemo] [restartedMain] o.apache.catalina.core.StandardService   : Starting service [Tomcat]
2025-09-12T19:47:27.638+05:30  INFO 41394 --- [SpringBootWebDemo] [restartedMain] o.apache.catalina.core.StandardEngine    : Starting Servlet engine: [Apache Tomcat/10.1.44]
2025-09-12T19:47:27.645+05:30  INFO 41394 --- [SpringBootWebDemo] [restartedMain] o.a.c.c.C.[Tomcat].[localhost].[/]       : Initializing Spring embedded WebApplicationContext
2025-09-12T19:47:27.645+05:30  INFO 41394 --- [SpringBootWebDemo] [restartedMain] w.s.c.ServletWebServerApplicationContext : Root WebApplicationContext: initialization completed in 157 ms
2025-09-12T19:47:27.664+05:30  INFO 41394 --- [SpringBootWebDemo] [restartedMain] o.hibernate.jpa.internal.util.LogHelper  : HHH000204: Processing PersistenceUnitInfo [name: default]
2025-09-12T19:47:27.665+05:30  INFO 41394 --- [SpringBootWebDemo] [restartedMain] o.h.c.internal.RegionFactoryInitiator    : HHH000026: Second-level cache disabled
2025-09-12T19:47:27.669+05:30  INFO 41394 --- [SpringBootWebDemo] [restartedMain] o.s.o.j.p.SpringPersistenceUnitInfo      : No LoadTimeWeaver setup: ignoring JPA class transformer
2025-09-12T19:47:27.669+05:30  INFO 41394 --- [SpringBootWebDemo] [restartedMain] com.zaxxer.hikari.HikariDataSource       : HikariPool-9 - Starting...
2025-09-12T19:47:27.681+05:30  INFO 41394 --- [SpringBootWebDemo] [restartedMain] com.zaxxer.hikari.pool.HikariPool        : HikariPool-9 - Added connection com.mysql.cj.jdbc.ConnectionImpl@6cad8da2
2025-09-12T19:47:27.681+05:30  INFO 41394 --- [SpringBootWebDemo] [restartedMain] com.zaxxer.hikari.HikariDataSource       : HikariPool-9 - Start completed.
2025-09-12T19:47:27.682+05:30  WARN 41394 --- [SpringBootWebDemo] [restartedMain] org.hibernate.dialect.Dialect            : HHH000511: The 5.7.34 version for [org.hibernate.dialect.MySQLDialect] is no longer supported, hence certain features may not work properly. The minimum supported version is 8.0.0. Check the community dialects project for available legacy versions.
2025-09-12T19:47:27.682+05:30  INFO 41394 --- [SpringBootWebDemo] [restartedMain] org.hibernate.orm.connections.pooling    : HHH10001005: Database info:
	Database JDBC URL [Connecting through datasource 'HikariDataSource (HikariPool-9)']
	Database driver: undefined/unknown
	Database version: 5.7.34
	Autocommit mode: undefined/unknown
	Isolation level: undefined/unknown
	Minimum pool size: undefined/unknown
	Maximum pool size: undefined/unknown
2025-09-12T19:47:27.707+05:30  INFO 41394 --- [SpringBootWebDemo] [restartedMain] o.h.e.t.j.p.i.JtaPlatformInitiator       : HHH000489: No JTA platform available (set 'hibernate.transaction.jta.platform' to enable JTA platform integration)
2025-09-12T19:47:27.779+05:30  INFO 41394 --- [SpringBootWebDemo] [restartedMain] j.LocalContainerEntityManagerFactoryBean : Initialized JPA EntityManagerFactory for persistence unit 'default'
2025-09-12T19:47:27.812+05:30  WARN 41394 --- [SpringBootWebDemo] [restartedMain] JpaBaseConfiguration$JpaWebConfiguration : spring.jpa.open-in-view is enabled by default. Therefore, database queries may be performed during view rendering. Explicitly configure spring.jpa.open-in-view to disable this warning
2025-09-12T19:47:28.056+05:30  INFO 41394 --- [SpringBootWebDemo] [restartedMain] o.s.b.d.a.OptionalLiveReloadServer       : LiveReload server is running on port 35729
2025-09-12T19:47:28.057+05:30  INFO 41394 --- [SpringBootWebDemo] [restartedMain] o.s.b.a.e.web.EndpointLinksResolver      : Exposing 15 endpoints beneath base path '/manage'
2025-09-12T19:47:28.064+05:30  INFO 41394 --- [SpringBootWebDemo] [restartedMain] o.s.b.w.embedded.tomcat.TomcatWebServer  : Tomcat started on port 8081 (http) with context path '/'
2025-09-12T19:47:28.068+05:30  INFO 41394 --- [SpringBootWebDemo] [restartedMain] c.w.S.SpringBootWebDemoApplication       : Started SpringBootWebDemoApplication in 0.592 seconds (process running for 276.671)
2025-09-12T19:47:28.069+05:30  INFO 41394 --- [SpringBootWebDemo] [restartedMain] .ConditionEvaluationDeltaLoggingListener : Condition evaluation unchanged
2025-09-12T19:47:47.705+05:30  INFO 41394 --- [SpringBootWebDemo] [File Watcher] rtingClassPathChangeChangedEventListener : Restarting due to 1 class path change (0 additions, 0 deletions, 1 modification)
2025-09-12T19:47:47.712+05:30  INFO 41394 --- [SpringBootWebDemo] [Thread-35] o.s.b.w.e.tomcat.GracefulShutdown        : Commencing graceful shutdown. Waiting for active requests to complete
2025-09-12T19:47:47.715+05:30  INFO 41394 --- [SpringBootWebDemo] [tomcat-shutdown] o.s.b.w.e.tomcat.GracefulShutdown        : Graceful shutdown complete
2025-09-12T19:47:47.725+05:30  INFO 41394 --- [SpringBootWebDemo] [Thread-35] j.LocalContainerEntityManagerFactoryBean : Closing JPA EntityManagerFactory for persistence unit 'default'
2025-09-12T19:47:47.726+05:30  INFO 41394 --- [SpringBootWebDemo] [Thread-35] com.zaxxer.hikari.HikariDataSource       : HikariPool-9 - Shutdown initiated...
2025-09-12T19:47:47.729+05:30  INFO 41394 --- [SpringBootWebDemo] [Thread-35] com.zaxxer.hikari.HikariDataSource       : HikariPool-9 - Shutdown completed.
2025-09-12T19:47:47.819+05:30  INFO 41394 --- [SpringBootWebDemo] [restartedMain] c.w.S.SpringBootWebDemoApplication       : Starting SpringBootWebDemoApplication using Java 17.0.8 with PID 41394 (/Users/Shalini/Desktop/InfosysWS/SpringBoot/SpringBootWebDemo/target/classes started by Shalini in /Users/Shalini/Desktop/InfosysWS/SpringBoot/SpringBootWebDemo)
2025-09-12T19:47:47.819+05:30  INFO 41394 --- [SpringBootWebDemo] [restartedMain] c.w.S.SpringBootWebDemoApplication       : No active profile set, falling back to 1 default profile: "default"
2025-09-12T19:47:47.937+05:30  INFO 41394 --- [SpringBootWebDemo] [restartedMain] .s.d.r.c.RepositoryConfigurationDelegate : Bootstrapping Spring Data JPA repositories in DEFAULT mode.
2025-09-12T19:47:47.942+05:30  INFO 41394 --- [SpringBootWebDemo] [restartedMain] .s.d.r.c.RepositoryConfigurationDelegate : Finished Spring Data repository scanning in 3 ms. Found 3 JPA repository interfaces.
2025-09-12T19:47:47.970+05:30  INFO 41394 --- [SpringBootWebDemo] [restartedMain] o.s.b.w.embedded.tomcat.TomcatWebServer  : Tomcat initialized with port 8081 (http)
2025-09-12T19:47:47.971+05:30  INFO 41394 --- [SpringBootWebDemo] [restartedMain] o.apache.catalina.core.StandardService   : Starting service [Tomcat]
2025-09-12T19:47:47.971+05:30  INFO 41394 --- [SpringBootWebDemo] [restartedMain] o.apache.catalina.core.StandardEngine    : Starting Servlet engine: [Apache Tomcat/10.1.44]
2025-09-12T19:47:47.977+05:30  INFO 41394 --- [SpringBootWebDemo] [restartedMain] o.a.c.c.C.[Tomcat].[localhost].[/]       : Initializing Spring embedded WebApplicationContext
2025-09-12T19:47:47.977+05:30  INFO 41394 --- [SpringBootWebDemo] [restartedMain] w.s.c.ServletWebServerApplicationContext : Root WebApplicationContext: initialization completed in 157 ms
2025-09-12T19:47:47.995+05:30  INFO 41394 --- [SpringBootWebDemo] [restartedMain] o.hibernate.jpa.internal.util.LogHelper  : HHH000204: Processing PersistenceUnitInfo [name: default]
2025-09-12T19:47:47.996+05:30  INFO 41394 --- [SpringBootWebDemo] [restartedMain] o.h.c.internal.RegionFactoryInitiator    : HHH000026: Second-level cache disabled
2025-09-12T19:47:48.000+05:30  INFO 41394 --- [SpringBootWebDemo] [restartedMain] o.s.o.j.p.SpringPersistenceUnitInfo      : No LoadTimeWeaver setup: ignoring JPA class transformer
2025-09-12T19:47:48.000+05:30  INFO 41394 --- [SpringBootWebDemo] [restartedMain] com.zaxxer.hikari.HikariDataSource       : HikariPool-10 - Starting...
2025-09-12T19:47:48.020+05:30  INFO 41394 --- [SpringBootWebDemo] [restartedMain] com.zaxxer.hikari.pool.HikariPool        : HikariPool-10 - Added connection com.mysql.cj.jdbc.ConnectionImpl@1f38f409
2025-09-12T19:47:48.020+05:30  INFO 41394 --- [SpringBootWebDemo] [restartedMain] com.zaxxer.hikari.HikariDataSource       : HikariPool-10 - Start completed.
2025-09-12T19:47:48.020+05:30  WARN 41394 --- [SpringBootWebDemo] [restartedMain] org.hibernate.dialect.Dialect            : HHH000511: The 5.7.34 version for [org.hibernate.dialect.MySQLDialect] is no longer supported, hence certain features may not work properly. The minimum supported version is 8.0.0. Check the community dialects project for available legacy versions.
2025-09-12T19:47:48.021+05:30  INFO 41394 --- [SpringBootWebDemo] [restartedMain] org.hibernate.orm.connections.pooling    : HHH10001005: Database info:
	Database JDBC URL [Connecting through datasource 'HikariDataSource (HikariPool-10)']
	Database driver: undefined/unknown
	Database version: 5.7.34
	Autocommit mode: undefined/unknown
	Isolation level: undefined/unknown
	Minimum pool size: undefined/unknown
	Maximum pool size: undefined/unknown
2025-09-12T19:47:48.048+05:30  INFO 41394 --- [SpringBootWebDemo] [restartedMain] o.h.e.t.j.p.i.JtaPlatformInitiator       : HHH000489: No JTA platform available (set 'hibernate.transaction.jta.platform' to enable JTA platform integration)
2025-09-12T19:47:48.125+05:30  INFO 41394 --- [SpringBootWebDemo] [restartedMain] j.LocalContainerEntityManagerFactoryBean : Initialized JPA EntityManagerFactory for persistence unit 'default'
2025-09-12T19:47:48.162+05:30  WARN 41394 --- [SpringBootWebDemo] [restartedMain] JpaBaseConfiguration$JpaWebConfiguration : spring.jpa.open-in-view is enabled by default. Therefore, database queries may be performed during view rendering. Explicitly configure spring.jpa.open-in-view to disable this warning
2025-09-12T19:47:48.276+05:30  INFO 41394 --- [SpringBootWebDemo] [restartedMain] o.s.b.d.a.OptionalLiveReloadServer       : LiveReload server is running on port 35729
2025-09-12T19:47:48.277+05:30  INFO 41394 --- [SpringBootWebDemo] [restartedMain] o.s.b.a.e.web.EndpointLinksResolver      : Exposing 15 endpoints beneath base path '/manage'
2025-09-12T19:47:48.284+05:30  INFO 41394 --- [SpringBootWebDemo] [restartedMain] o.s.b.w.embedded.tomcat.TomcatWebServer  : Tomcat started on port 8081 (http) with context path '/'
2025-09-12T19:47:48.287+05:30  INFO 41394 --- [SpringBootWebDemo] [restartedMain] c.w.S.SpringBootWebDemoApplication       : Started SpringBootWebDemoApplication in 0.478 seconds (process running for 296.89)
2025-09-12T19:47:48.288+05:30  INFO 41394 --- [SpringBootWebDemo] [restartedMain] .ConditionEvaluationDeltaLoggingListener : Condition evaluation unchanged
2025-09-12T19:47:58.787+05:30  INFO 41394 --- [SpringBootWebDemo] [File Watcher] rtingClassPathChangeChangedEventListener : Restarting due to 1 class path change (0 additions, 0 deletions, 1 modification)
2025-09-12T19:47:58.792+05:30  INFO 41394 --- [SpringBootWebDemo] [Thread-39] o.s.b.w.e.tomcat.GracefulShutdown        : Commencing graceful shutdown. Waiting for active requests to complete
2025-09-12T19:47:58.795+05:30  INFO 41394 --- [SpringBootWebDemo] [tomcat-shutdown] o.s.b.w.e.tomcat.GracefulShutdown        : Graceful shutdown complete
2025-09-12T19:47:58.797+05:30  INFO 41394 --- [SpringBootWebDemo] [Thread-39] j.LocalContainerEntityManagerFactoryBean : Closing JPA EntityManagerFactory for persistence unit 'default'
2025-09-12T19:47:58.798+05:30  INFO 41394 --- [SpringBootWebDemo] [Thread-39] com.zaxxer.hikari.HikariDataSource       : HikariPool-10 - Shutdown initiated...
2025-09-12T19:47:58.801+05:30  INFO 41394 --- [SpringBootWebDemo] [Thread-39] com.zaxxer.hikari.HikariDataSource       : HikariPool-10 - Shutdown completed.
2025-09-12T19:47:58.868+05:30  INFO 41394 --- [SpringBootWebDemo] [restartedMain] c.w.S.SpringBootWebDemoApplication       : Starting SpringBootWebDemoApplication using Java 17.0.8 with PID 41394 (/Users/Shalini/Desktop/InfosysWS/SpringBoot/SpringBootWebDemo/target/classes started by Shalini in /Users/Shalini/Desktop/InfosysWS/SpringBoot/SpringBootWebDemo)
2025-09-12T19:47:58.869+05:30  INFO 41394 --- [SpringBootWebDemo] [restartedMain] c.w.S.SpringBootWebDemoApplication       : No active profile set, falling back to 1 default profile: "default"
2025-09-12T19:47:58.978+05:30  INFO 41394 --- [SpringBootWebDemo] [restartedMain] .s.d.r.c.RepositoryConfigurationDelegate : Bootstrapping Spring Data JPA repositories in DEFAULT mode.
2025-09-12T19:47:58.982+05:30  INFO 41394 --- [SpringBootWebDemo] [restartedMain] .s.d.r.c.RepositoryConfigurationDelegate : Finished Spring Data repository scanning in 3 ms. Found 3 JPA repository interfaces.
2025-09-12T19:47:59.012+05:30  INFO 41394 --- [SpringBootWebDemo] [restartedMain] o.s.b.w.embedded.tomcat.TomcatWebServer  : Tomcat initialized with port 8081 (http)
2025-09-12T19:47:59.012+05:30  INFO 41394 --- [SpringBootWebDemo] [restartedMain] o.apache.catalina.core.StandardService   : Starting service [Tomcat]
2025-09-12T19:47:59.012+05:30  INFO 41394 --- [SpringBootWebDemo] [restartedMain] o.apache.catalina.core.StandardEngine    : Starting Servlet engine: [Apache Tomcat/10.1.44]
2025-09-12T19:47:59.018+05:30  INFO 41394 --- [SpringBootWebDemo] [restartedMain] o.a.c.c.C.[Tomcat].[localhost].[/]       : Initializing Spring embedded WebApplicationContext
2025-09-12T19:47:59.018+05:30  INFO 41394 --- [SpringBootWebDemo] [restartedMain] w.s.c.ServletWebServerApplicationContext : Root WebApplicationContext: initialization completed in 149 ms
2025-09-12T19:47:59.034+05:30  INFO 41394 --- [SpringBootWebDemo] [restartedMain] o.hibernate.jpa.internal.util.LogHelper  : HHH000204: Processing PersistenceUnitInfo [name: default]
2025-09-12T19:47:59.035+05:30  INFO 41394 --- [SpringBootWebDemo] [restartedMain] o.h.c.internal.RegionFactoryInitiator    : HHH000026: Second-level cache disabled
2025-09-12T19:47:59.039+05:30  INFO 41394 --- [SpringBootWebDemo] [restartedMain] o.s.o.j.p.SpringPersistenceUnitInfo      : No LoadTimeWeaver setup: ignoring JPA class transformer
2025-09-12T19:47:59.039+05:30  INFO 41394 --- [SpringBootWebDemo] [restartedMain] com.zaxxer.hikari.HikariDataSource       : HikariPool-11 - Starting...
2025-09-12T19:47:59.048+05:30  INFO 41394 --- [SpringBootWebDemo] [restartedMain] com.zaxxer.hikari.pool.HikariPool        : HikariPool-11 - Added connection com.mysql.cj.jdbc.ConnectionImpl@602a73c
2025-09-12T19:47:59.048+05:30  INFO 41394 --- [SpringBootWebDemo] [restartedMain] com.zaxxer.hikari.HikariDataSource       : HikariPool-11 - Start completed.
2025-09-12T19:47:59.049+05:30  WARN 41394 --- [SpringBootWebDemo] [restartedMain] org.hibernate.dialect.Dialect            : HHH000511: The 5.7.34 version for [org.hibernate.dialect.MySQLDialect] is no longer supported, hence certain features may not work properly. The minimum supported version is 8.0.0. Check the community dialects project for available legacy versions.
2025-09-12T19:47:59.049+05:30  INFO 41394 --- [SpringBootWebDemo] [restartedMain] org.hibernate.orm.connections.pooling    : HHH10001005: Database info:
	Database JDBC URL [Connecting through datasource 'HikariDataSource (HikariPool-11)']
	Database driver: undefined/unknown
	Database version: 5.7.34
	Autocommit mode: undefined/unknown
	Isolation level: undefined/unknown
	Minimum pool size: undefined/unknown
	Maximum pool size: undefined/unknown
2025-09-12T19:47:59.077+05:30  INFO 41394 --- [SpringBootWebDemo] [restartedMain] o.h.e.t.j.p.i.JtaPlatformInitiator       : HHH000489: No JTA platform available (set 'hibernate.transaction.jta.platform' to enable JTA platform integration)
2025-09-12T19:47:59.144+05:30  INFO 41394 --- [SpringBootWebDemo] [restartedMain] j.LocalContainerEntityManagerFactoryBean : Initialized JPA EntityManagerFactory for persistence unit 'default'
2025-09-12T19:47:59.180+05:30  WARN 41394 --- [SpringBootWebDemo] [restartedMain] JpaBaseConfiguration$JpaWebConfiguration : spring.jpa.open-in-view is enabled by default. Therefore, database queries may be performed during view rendering. Explicitly configure spring.jpa.open-in-view to disable this warning
2025-09-12T19:47:59.320+05:30  INFO 41394 --- [SpringBootWebDemo] [restartedMain] o.s.b.d.a.OptionalLiveReloadServer       : LiveReload server is running on port 35729
2025-09-12T19:47:59.321+05:30  INFO 41394 --- [SpringBootWebDemo] [restartedMain] o.s.b.a.e.web.EndpointLinksResolver      : Exposing 15 endpoints beneath base path '/manage'
2025-09-12T19:47:59.328+05:30  INFO 41394 --- [SpringBootWebDemo] [restartedMain] o.s.b.w.embedded.tomcat.TomcatWebServer  : Tomcat started on port 8081 (http) with context path '/'
2025-09-12T19:47:59.331+05:30  INFO 41394 --- [SpringBootWebDemo] [restartedMain] c.w.S.SpringBootWebDemoApplication       : Started SpringBootWebDemoApplication in 0.471 seconds (process running for 307.934)
2025-09-12T19:47:59.332+05:30  INFO 41394 --- [SpringBootWebDemo] [restartedMain] .ConditionEvaluationDeltaLoggingListener : Condition evaluation unchanged
2025-09-12T19:48:31.103+05:30  INFO 41394 --- [SpringBootWebDemo] [File Watcher] rtingClassPathChangeChangedEventListener : Restarting due to 1 class path change (0 additions, 0 deletions, 1 modification)
2025-09-12T19:48:31.109+05:30  INFO 41394 --- [SpringBootWebDemo] [Thread-43] o.s.b.w.e.tomcat.GracefulShutdown        : Commencing graceful shutdown. Waiting for active requests to complete
2025-09-12T19:48:31.112+05:30  INFO 41394 --- [SpringBootWebDemo] [tomcat-shutdown] o.s.b.w.e.tomcat.GracefulShutdown        : Graceful shutdown complete
2025-09-12T19:48:31.115+05:30  INFO 41394 --- [SpringBootWebDemo] [Thread-43] j.LocalContainerEntityManagerFactoryBean : Closing JPA EntityManagerFactory for persistence unit 'default'
2025-09-12T19:48:31.115+05:30  INFO 41394 --- [SpringBootWebDemo] [Thread-43] com.zaxxer.hikari.HikariDataSource       : HikariPool-11 - Shutdown initiated...
2025-09-12T19:48:31.118+05:30  INFO 41394 --- [SpringBootWebDemo] [Thread-43] com.zaxxer.hikari.HikariDataSource       : HikariPool-11 - Shutdown completed.
2025-09-12T19:48:31.192+05:30  INFO 41394 --- [SpringBootWebDemo] [restartedMain] c.w.S.SpringBootWebDemoApplication       : Starting SpringBootWebDemoApplication using Java 17.0.8 with PID 41394 (/Users/Shalini/Desktop/InfosysWS/SpringBoot/SpringBootWebDemo/target/classes started by Shalini in /Users/Shalini/Desktop/InfosysWS/SpringBoot/SpringBootWebDemo)
2025-09-12T19:48:31.192+05:30  INFO 41394 --- [SpringBootWebDemo] [restartedMain] c.w.S.SpringBootWebDemoApplication       : No active profile set, falling back to 1 default profile: "default"
2025-09-12T19:48:31.293+05:30  INFO 41394 --- [SpringBootWebDemo] [restartedMain] .s.d.r.c.RepositoryConfigurationDelegate : Bootstrapping Spring Data JPA repositories in DEFAULT mode.
2025-09-12T19:48:31.297+05:30  INFO 41394 --- [SpringBootWebDemo] [restartedMain] .s.d.r.c.RepositoryConfigurationDelegate : Finished Spring Data repository scanning in 3 ms. Found 3 JPA repository interfaces.
2025-09-12T19:48:31.325+05:30  INFO 41394 --- [SpringBootWebDemo] [restartedMain] o.s.b.w.embedded.tomcat.TomcatWebServer  : Tomcat initialized with port 8081 (http)
2025-09-12T19:48:31.326+05:30  INFO 41394 --- [SpringBootWebDemo] [restartedMain] o.apache.catalina.core.StandardService   : Starting service [Tomcat]
2025-09-12T19:48:31.326+05:30  INFO 41394 --- [SpringBootWebDemo] [restartedMain] o.apache.catalina.core.StandardEngine    : Starting Servlet engine: [Apache Tomcat/10.1.44]
2025-09-12T19:48:31.332+05:30  INFO 41394 --- [SpringBootWebDemo] [restartedMain] o.a.c.c.C.[Tomcat].[localhost].[/]       : Initializing Spring embedded WebApplicationContext
2025-09-12T19:48:31.332+05:30  INFO 41394 --- [SpringBootWebDemo] [restartedMain] w.s.c.ServletWebServerApplicationContext : Root WebApplicationContext: initialization completed in 139 ms
2025-09-12T19:48:31.351+05:30  INFO 41394 --- [SpringBootWebDemo] [restartedMain] o.hibernate.jpa.internal.util.LogHelper  : HHH000204: Processing PersistenceUnitInfo [name: default]
2025-09-12T19:48:31.352+05:30  INFO 41394 --- [SpringBootWebDemo] [restartedMain] o.h.c.internal.RegionFactoryInitiator    : HHH000026: Second-level cache disabled
2025-09-12T19:48:31.356+05:30  INFO 41394 --- [SpringBootWebDemo] [restartedMain] o.s.o.j.p.SpringPersistenceUnitInfo      : No LoadTimeWeaver setup: ignoring JPA class transformer
2025-09-12T19:48:31.356+05:30  INFO 41394 --- [SpringBootWebDemo] [restartedMain] com.zaxxer.hikari.HikariDataSource       : HikariPool-12 - Starting...
2025-09-12T19:48:31.366+05:30  INFO 41394 --- [SpringBootWebDemo] [restartedMain] com.zaxxer.hikari.pool.HikariPool        : HikariPool-12 - Added connection com.mysql.cj.jdbc.ConnectionImpl@2357e67f
2025-09-12T19:48:31.367+05:30  INFO 41394 --- [SpringBootWebDemo] [restartedMain] com.zaxxer.hikari.HikariDataSource       : HikariPool-12 - Start completed.
2025-09-12T19:48:31.367+05:30  WARN 41394 --- [SpringBootWebDemo] [restartedMain] org.hibernate.dialect.Dialect            : HHH000511: The 5.7.34 version for [org.hibernate.dialect.MySQLDialect] is no longer supported, hence certain features may not work properly. The minimum supported version is 8.0.0. Check the community dialects project for available legacy versions.
2025-09-12T19:48:31.367+05:30  INFO 41394 --- [SpringBootWebDemo] [restartedMain] org.hibernate.orm.connections.pooling    : HHH10001005: Database info:
	Database JDBC URL [Connecting through datasource 'HikariDataSource (HikariPool-12)']
	Database driver: undefined/unknown
	Database version: 5.7.34
	Autocommit mode: undefined/unknown
	Isolation level: undefined/unknown
	Minimum pool size: undefined/unknown
	Maximum pool size: undefined/unknown
2025-09-12T19:48:31.391+05:30  INFO 41394 --- [SpringBootWebDemo] [restartedMain] o.h.e.t.j.p.i.JtaPlatformInitiator       : HHH000489: No JTA platform available (set 'hibernate.transaction.jta.platform' to enable JTA platform integration)
2025-09-12T19:48:31.466+05:30  INFO 41394 --- [SpringBootWebDemo] [restartedMain] j.LocalContainerEntityManagerFactoryBean : Initialized JPA EntityManagerFactory for persistence unit 'default'
2025-09-12T19:48:31.504+05:30  WARN 41394 --- [SpringBootWebDemo] [restartedMain] JpaBaseConfiguration$JpaWebConfiguration : spring.jpa.open-in-view is enabled by default. Therefore, database queries may be performed during view rendering. Explicitly configure spring.jpa.open-in-view to disable this warning
2025-09-12T19:48:31.628+05:30  INFO 41394 --- [SpringBootWebDemo] [restartedMain] o.s.b.d.a.OptionalLiveReloadServer       : LiveReload server is running on port 35729
2025-09-12T19:48:31.629+05:30  INFO 41394 --- [SpringBootWebDemo] [restartedMain] o.s.b.a.e.web.EndpointLinksResolver      : Exposing 15 endpoints beneath base path '/manage'
2025-09-12T19:48:31.635+05:30  INFO 41394 --- [SpringBootWebDemo] [restartedMain] o.s.b.w.embedded.tomcat.TomcatWebServer  : Tomcat started on port 8081 (http) with context path '/'
2025-09-12T19:48:31.639+05:30  INFO 41394 --- [SpringBootWebDemo] [restartedMain] c.w.S.SpringBootWebDemoApplication       : Started SpringBootWebDemoApplication in 0.459 seconds (process running for 340.242)
2025-09-12T19:48:31.640+05:30  INFO 41394 --- [SpringBootWebDemo] [restartedMain] .ConditionEvaluationDeltaLoggingListener : Condition evaluation unchanged
2025-09-12T19:48:41.144+05:30  INFO 41394 --- [SpringBootWebDemo] [File Watcher] rtingClassPathChangeChangedEventListener : Restarting due to 1 class path change (0 additions, 0 deletions, 1 modification)
2025-09-12T19:48:41.152+05:30  INFO 41394 --- [SpringBootWebDemo] [Thread-47] o.s.b.w.e.tomcat.GracefulShutdown        : Commencing graceful shutdown. Waiting for active requests to complete
2025-09-12T19:48:41.157+05:30  INFO 41394 --- [SpringBootWebDemo] [tomcat-shutdown] o.s.b.w.e.tomcat.GracefulShutdown        : Graceful shutdown complete
2025-09-12T19:48:41.160+05:30  INFO 41394 --- [SpringBootWebDemo] [Thread-47] j.LocalContainerEntityManagerFactoryBean : Closing JPA EntityManagerFactory for persistence unit 'default'
2025-09-12T19:48:41.162+05:30  INFO 41394 --- [SpringBootWebDemo] [Thread-47] com.zaxxer.hikari.HikariDataSource       : HikariPool-12 - Shutdown initiated...
2025-09-12T19:48:41.170+05:30  INFO 41394 --- [SpringBootWebDemo] [Thread-47] com.zaxxer.hikari.HikariDataSource       : HikariPool-12 - Shutdown completed.
2025-09-12T19:48:41.262+05:30  INFO 41394 --- [SpringBootWebDemo] [restartedMain] c.w.S.SpringBootWebDemoApplication       : Starting SpringBootWebDemoApplication using Java 17.0.8 with PID 41394 (/Users/Shalini/Desktop/InfosysWS/SpringBoot/SpringBootWebDemo/target/classes started by Shalini in /Users/Shalini/Desktop/InfosysWS/SpringBoot/SpringBootWebDemo)
2025-09-12T19:48:41.262+05:30  INFO 41394 --- [SpringBootWebDemo] [restartedMain] c.w.S.SpringBootWebDemoApplication       : No active profile set, falling back to 1 default profile: "default"
2025-09-12T19:48:41.358+05:30  INFO 41394 --- [SpringBootWebDemo] [restartedMain] .s.d.r.c.RepositoryConfigurationDelegate : Bootstrapping Spring Data JPA repositories in DEFAULT mode.
2025-09-12T19:48:41.362+05:30  INFO 41394 --- [SpringBootWebDemo] [restartedMain] .s.d.r.c.RepositoryConfigurationDelegate : Finished Spring Data repository scanning in 3 ms. Found 3 JPA repository interfaces.
2025-09-12T19:48:41.390+05:30  INFO 41394 --- [SpringBootWebDemo] [restartedMain] o.s.b.w.embedded.tomcat.TomcatWebServer  : Tomcat initialized with port 8081 (http)
2025-09-12T19:48:41.391+05:30  INFO 41394 --- [SpringBootWebDemo] [restartedMain] o.apache.catalina.core.StandardService   : Starting service [Tomcat]
2025-09-12T19:48:41.391+05:30  INFO 41394 --- [SpringBootWebDemo] [restartedMain] o.apache.catalina.core.StandardEngine    : Starting Servlet engine: [Apache Tomcat/10.1.44]
2025-09-12T19:48:41.397+05:30  INFO 41394 --- [SpringBootWebDemo] [restartedMain] o.a.c.c.C.[Tomcat].[localhost].[/]       : Initializing Spring embedded WebApplicationContext
2025-09-12T19:48:41.397+05:30  INFO 41394 --- [SpringBootWebDemo] [restartedMain] w.s.c.ServletWebServerApplicationContext : Root WebApplicationContext: initialization completed in 135 ms
2025-09-12T19:48:41.415+05:30  INFO 41394 --- [SpringBootWebDemo] [restartedMain] o.hibernate.jpa.internal.util.LogHelper  : HHH000204: Processing PersistenceUnitInfo [name: default]
2025-09-12T19:48:41.416+05:30  INFO 41394 --- [SpringBootWebDemo] [restartedMain] o.h.c.internal.RegionFactoryInitiator    : HHH000026: Second-level cache disabled
2025-09-12T19:48:41.421+05:30  INFO 41394 --- [SpringBootWebDemo] [restartedMain] o.s.o.j.p.SpringPersistenceUnitInfo      : No LoadTimeWeaver setup: ignoring JPA class transformer
2025-09-12T19:48:41.422+05:30  INFO 41394 --- [SpringBootWebDemo] [restartedMain] com.zaxxer.hikari.HikariDataSource       : HikariPool-13 - Starting...
2025-09-12T19:48:41.433+05:30  INFO 41394 --- [SpringBootWebDemo] [restartedMain] com.zaxxer.hikari.pool.HikariPool        : HikariPool-13 - Added connection com.mysql.cj.jdbc.ConnectionImpl@6f7bef02
2025-09-12T19:48:41.433+05:30  INFO 41394 --- [SpringBootWebDemo] [restartedMain] com.zaxxer.hikari.HikariDataSource       : HikariPool-13 - Start completed.
2025-09-12T19:48:41.434+05:30  WARN 41394 --- [SpringBootWebDemo] [restartedMain] org.hibernate.dialect.Dialect            : HHH000511: The 5.7.34 version for [org.hibernate.dialect.MySQLDialect] is no longer supported, hence certain features may not work properly. The minimum supported version is 8.0.0. Check the community dialects project for available legacy versions.
2025-09-12T19:48:41.435+05:30  INFO 41394 --- [SpringBootWebDemo] [restartedMain] org.hibernate.orm.connections.pooling    : HHH10001005: Database info:
	Database JDBC URL [Connecting through datasource 'HikariDataSource (HikariPool-13)']
	Database driver: undefined/unknown
	Database version: 5.7.34
	Autocommit mode: undefined/unknown
	Isolation level: undefined/unknown
	Minimum pool size: undefined/unknown
	Maximum pool size: undefined/unknown
2025-09-12T19:48:41.462+05:30  INFO 41394 --- [SpringBootWebDemo] [restartedMain] o.h.e.t.j.p.i.JtaPlatformInitiator       : HHH000489: No JTA platform available (set 'hibernate.transaction.jta.platform' to enable JTA platform integration)
2025-09-12T19:48:41.533+05:30  INFO 41394 --- [SpringBootWebDemo] [restartedMain] j.LocalContainerEntityManagerFactoryBean : Initialized JPA EntityManagerFactory for persistence unit 'default'
2025-09-12T19:48:41.567+05:30  WARN 41394 --- [SpringBootWebDemo] [restartedMain] JpaBaseConfiguration$JpaWebConfiguration : spring.jpa.open-in-view is enabled by default. Therefore, database queries may be performed during view rendering. Explicitly configure spring.jpa.open-in-view to disable this warning
2025-09-12T19:48:41.686+05:30  INFO 41394 --- [SpringBootWebDemo] [restartedMain] o.s.b.d.a.OptionalLiveReloadServer       : LiveReload server is running on port 35729
2025-09-12T19:48:41.687+05:30  INFO 41394 --- [SpringBootWebDemo] [restartedMain] o.s.b.a.e.web.EndpointLinksResolver      : Exposing 15 endpoints beneath base path '/manage'
2025-09-12T19:48:41.693+05:30  INFO 41394 --- [SpringBootWebDemo] [restartedMain] o.s.b.w.embedded.tomcat.TomcatWebServer  : Tomcat started on port 8081 (http) with context path '/'
2025-09-12T19:48:41.697+05:30  INFO 41394 --- [SpringBootWebDemo] [restartedMain] c.w.S.SpringBootWebDemoApplication       : Started SpringBootWebDemoApplication in 0.444 seconds (process running for 350.3)
2025-09-12T19:48:41.698+05:30  INFO 41394 --- [SpringBootWebDemo] [restartedMain] .ConditionEvaluationDeltaLoggingListener : Condition evaluation unchanged
2025-09-12T19:50:09.108+05:30  INFO 41394 --- [SpringBootWebDemo] [File Watcher] rtingClassPathChangeChangedEventListener : Restarting due to 1 class path change (0 additions, 0 deletions, 1 modification)
2025-09-12T19:50:09.118+05:30  INFO 41394 --- [SpringBootWebDemo] [Thread-51] o.s.b.w.e.tomcat.GracefulShutdown        : Commencing graceful shutdown. Waiting for active requests to complete
2025-09-12T19:50:09.122+05:30  INFO 41394 --- [SpringBootWebDemo] [tomcat-shutdown] o.s.b.w.e.tomcat.GracefulShutdown        : Graceful shutdown complete
2025-09-12T19:50:09.125+05:30  INFO 41394 --- [SpringBootWebDemo] [Thread-51] j.LocalContainerEntityManagerFactoryBean : Closing JPA EntityManagerFactory for persistence unit 'default'
2025-09-12T19:50:09.127+05:30  INFO 41394 --- [SpringBootWebDemo] [Thread-51] com.zaxxer.hikari.HikariDataSource       : HikariPool-13 - Shutdown initiated...
2025-09-12T19:50:09.134+05:30  INFO 41394 --- [SpringBootWebDemo] [Thread-51] com.zaxxer.hikari.HikariDataSource       : HikariPool-13 - Shutdown completed.
2025-09-12T19:50:09.244+05:30  INFO 41394 --- [SpringBootWebDemo] [restartedMain] c.w.S.SpringBootWebDemoApplication       : Starting SpringBootWebDemoApplication using Java 17.0.8 with PID 41394 (/Users/Shalini/Desktop/InfosysWS/SpringBoot/SpringBootWebDemo/target/classes started by Shalini in /Users/Shalini/Desktop/InfosysWS/SpringBoot/SpringBootWebDemo)
2025-09-12T19:50:09.244+05:30  INFO 41394 --- [SpringBootWebDemo] [restartedMain] c.w.S.SpringBootWebDemoApplication       : No active profile set, falling back to 1 default profile: "default"
2025-09-12T19:50:09.368+05:30  INFO 41394 --- [SpringBootWebDemo] [restartedMain] .s.d.r.c.RepositoryConfigurationDelegate : Bootstrapping Spring Data JPA repositories in DEFAULT mode.
2025-09-12T19:50:09.372+05:30  INFO 41394 --- [SpringBootWebDemo] [restartedMain] .s.d.r.c.RepositoryConfigurationDelegate : Finished Spring Data repository scanning in 4 ms. Found 3 JPA repository interfaces.
2025-09-12T19:50:09.403+05:30  INFO 41394 --- [SpringBootWebDemo] [restartedMain] o.s.b.w.embedded.tomcat.TomcatWebServer  : Tomcat initialized with port 8081 (http)
2025-09-12T19:50:09.404+05:30  INFO 41394 --- [SpringBootWebDemo] [restartedMain] o.apache.catalina.core.StandardService   : Starting service [Tomcat]
2025-09-12T19:50:09.404+05:30  INFO 41394 --- [SpringBootWebDemo] [restartedMain] o.apache.catalina.core.StandardEngine    : Starting Servlet engine: [Apache Tomcat/10.1.44]
2025-09-12T19:50:09.411+05:30  INFO 41394 --- [SpringBootWebDemo] [restartedMain] o.a.c.c.C.[Tomcat].[localhost].[/]       : Initializing Spring embedded WebApplicationContext
2025-09-12T19:50:09.411+05:30  INFO 41394 --- [SpringBootWebDemo] [restartedMain] w.s.c.ServletWebServerApplicationContext : Root WebApplicationContext: initialization completed in 166 ms
2025-09-12T19:50:09.430+05:30  INFO 41394 --- [SpringBootWebDemo] [restartedMain] o.hibernate.jpa.internal.util.LogHelper  : HHH000204: Processing PersistenceUnitInfo [name: default]
2025-09-12T19:50:09.430+05:30  INFO 41394 --- [SpringBootWebDemo] [restartedMain] o.h.c.internal.RegionFactoryInitiator    : HHH000026: Second-level cache disabled
2025-09-12T19:50:09.434+05:30  INFO 41394 --- [SpringBootWebDemo] [restartedMain] o.s.o.j.p.SpringPersistenceUnitInfo      : No LoadTimeWeaver setup: ignoring JPA class transformer
2025-09-12T19:50:09.434+05:30  INFO 41394 --- [SpringBootWebDemo] [restartedMain] com.zaxxer.hikari.HikariDataSource       : HikariPool-14 - Starting...
2025-09-12T19:50:09.446+05:30  INFO 41394 --- [SpringBootWebDemo] [restartedMain] com.zaxxer.hikari.pool.HikariPool        : HikariPool-14 - Added connection com.mysql.cj.jdbc.ConnectionImpl@12388e2c
2025-09-12T19:50:09.446+05:30  INFO 41394 --- [SpringBootWebDemo] [restartedMain] com.zaxxer.hikari.HikariDataSource       : HikariPool-14 - Start completed.
2025-09-12T19:50:09.447+05:30  WARN 41394 --- [SpringBootWebDemo] [restartedMain] org.hibernate.dialect.Dialect            : HHH000511: The 5.7.34 version for [org.hibernate.dialect.MySQLDialect] is no longer supported, hence certain features may not work properly. The minimum supported version is 8.0.0. Check the community dialects project for available legacy versions.
2025-09-12T19:50:09.447+05:30  INFO 41394 --- [SpringBootWebDemo] [restartedMain] org.hibernate.orm.connections.pooling    : HHH10001005: Database info:
	Database JDBC URL [Connecting through datasource 'HikariDataSource (HikariPool-14)']
	Database driver: undefined/unknown
	Database version: 5.7.34
	Autocommit mode: undefined/unknown
	Isolation level: undefined/unknown
	Minimum pool size: undefined/unknown
	Maximum pool size: undefined/unknown
2025-09-12T19:50:09.475+05:30  INFO 41394 --- [SpringBootWebDemo] [restartedMain] o.h.e.t.j.p.i.JtaPlatformInitiator       : HHH000489: No JTA platform available (set 'hibernate.transaction.jta.platform' to enable JTA platform integration)
2025-09-12T19:50:09.568+05:30  INFO 41394 --- [SpringBootWebDemo] [restartedMain] j.LocalContainerEntityManagerFactoryBean : Initialized JPA EntityManagerFactory for persistence unit 'default'
2025-09-12T19:50:09.609+05:30  WARN 41394 --- [SpringBootWebDemo] [restartedMain] JpaBaseConfiguration$JpaWebConfiguration : spring.jpa.open-in-view is enabled by default. Therefore, database queries may be performed during view rendering. Explicitly configure spring.jpa.open-in-view to disable this warning
2025-09-12T19:50:09.730+05:30  INFO 41394 --- [SpringBootWebDemo] [restartedMain] o.s.b.d.a.OptionalLiveReloadServer       : LiveReload server is running on port 35729
2025-09-12T19:50:09.731+05:30  INFO 41394 --- [SpringBootWebDemo] [restartedMain] o.s.b.a.e.web.EndpointLinksResolver      : Exposing 15 endpoints beneath base path '/manage'
2025-09-12T19:50:09.737+05:30  INFO 41394 --- [SpringBootWebDemo] [restartedMain] o.s.b.w.embedded.tomcat.TomcatWebServer  : Tomcat started on port 8081 (http) with context path '/'
2025-09-12T19:50:09.741+05:30  INFO 41394 --- [SpringBootWebDemo] [restartedMain] c.w.S.SpringBootWebDemoApplication       : Started SpringBootWebDemoApplication in 0.507 seconds (process running for 438.343)
2025-09-12T19:50:09.742+05:30  INFO 41394 --- [SpringBootWebDemo] [restartedMain] .ConditionEvaluationDeltaLoggingListener : Condition evaluation unchanged
2025-09-12T19:50:15.194+05:30  INFO 41394 --- [SpringBootWebDemo] [File Watcher] rtingClassPathChangeChangedEventListener : Restarting due to 1 class path change (0 additions, 0 deletions, 1 modification)
2025-09-12T19:50:15.196+05:30  INFO 41394 --- [SpringBootWebDemo] [Thread-55] o.s.b.w.e.tomcat.GracefulShutdown        : Commencing graceful shutdown. Waiting for active requests to complete
2025-09-12T19:50:15.197+05:30  INFO 41394 --- [SpringBootWebDemo] [tomcat-shutdown] o.s.b.w.e.tomcat.GracefulShutdown        : Graceful shutdown complete
2025-09-12T19:50:15.198+05:30  INFO 41394 --- [SpringBootWebDemo] [Thread-55] j.LocalContainerEntityManagerFactoryBean : Closing JPA EntityManagerFactory for persistence unit 'default'
2025-09-12T19:50:15.198+05:30  INFO 41394 --- [SpringBootWebDemo] [Thread-55] com.zaxxer.hikari.HikariDataSource       : HikariPool-14 - Shutdown initiated...
2025-09-12T19:50:15.200+05:30  INFO 41394 --- [SpringBootWebDemo] [Thread-55] com.zaxxer.hikari.HikariDataSource       : HikariPool-14 - Shutdown completed.
2025-09-12T19:50:15.273+05:30  INFO 41394 --- [SpringBootWebDemo] [restartedMain] c.w.S.SpringBootWebDemoApplication       : Starting SpringBootWebDemoApplication using Java 17.0.8 with PID 41394 (/Users/Shalini/Desktop/InfosysWS/SpringBoot/SpringBootWebDemo/target/classes started by Shalini in /Users/Shalini/Desktop/InfosysWS/SpringBoot/SpringBootWebDemo)
2025-09-12T19:50:15.273+05:30  INFO 41394 --- [SpringBootWebDemo] [restartedMain] c.w.S.SpringBootWebDemoApplication       : No active profile set, falling back to 1 default profile: "default"
2025-09-12T19:50:15.350+05:30  INFO 41394 --- [SpringBootWebDemo] [restartedMain] .s.d.r.c.RepositoryConfigurationDelegate : Bootstrapping Spring Data JPA repositories in DEFAULT mode.
2025-09-12T19:50:15.355+05:30  INFO 41394 --- [SpringBootWebDemo] [restartedMain] .s.d.r.c.RepositoryConfigurationDelegate : Finished Spring Data repository scanning in 3 ms. Found 3 JPA repository interfaces.
2025-09-12T19:50:15.376+05:30  INFO 41394 --- [SpringBootWebDemo] [restartedMain] o.s.b.w.embedded.tomcat.TomcatWebServer  : Tomcat initialized with port 8081 (http)
2025-09-12T19:50:15.377+05:30  INFO 41394 --- [SpringBootWebDemo] [restartedMain] o.apache.catalina.core.StandardService   : Starting service [Tomcat]
2025-09-12T19:50:15.377+05:30  INFO 41394 --- [SpringBootWebDemo] [restartedMain] o.apache.catalina.core.StandardEngine    : Starting Servlet engine: [Apache Tomcat/10.1.44]
2025-09-12T19:50:15.382+05:30  INFO 41394 --- [SpringBootWebDemo] [restartedMain] o.a.c.c.C.[Tomcat].[localhost].[/]       : Initializing Spring embedded WebApplicationContext
2025-09-12T19:50:15.382+05:30  INFO 41394 --- [SpringBootWebDemo] [restartedMain] w.s.c.ServletWebServerApplicationContext : Root WebApplicationContext: initialization completed in 108 ms
2025-09-12T19:50:15.398+05:30  INFO 41394 --- [SpringBootWebDemo] [restartedMain] o.hibernate.jpa.internal.util.LogHelper  : HHH000204: Processing PersistenceUnitInfo [name: default]
2025-09-12T19:50:15.399+05:30  INFO 41394 --- [SpringBootWebDemo] [restartedMain] o.h.c.internal.RegionFactoryInitiator    : HHH000026: Second-level cache disabled
2025-09-12T19:50:15.402+05:30  INFO 41394 --- [SpringBootWebDemo] [restartedMain] o.s.o.j.p.SpringPersistenceUnitInfo      : No LoadTimeWeaver setup: ignoring JPA class transformer
2025-09-12T19:50:15.402+05:30  INFO 41394 --- [SpringBootWebDemo] [restartedMain] com.zaxxer.hikari.HikariDataSource       : HikariPool-15 - Starting...
2025-09-12T19:50:15.412+05:30  INFO 41394 --- [SpringBootWebDemo] [restartedMain] com.zaxxer.hikari.pool.HikariPool        : HikariPool-15 - Added connection com.mysql.cj.jdbc.ConnectionImpl@72b4271f
2025-09-12T19:50:15.412+05:30  INFO 41394 --- [SpringBootWebDemo] [restartedMain] com.zaxxer.hikari.HikariDataSource       : HikariPool-15 - Start completed.
2025-09-12T19:50:15.413+05:30  WARN 41394 --- [SpringBootWebDemo] [restartedMain] org.hibernate.dialect.Dialect            : HHH000511: The 5.7.34 version for [org.hibernate.dialect.MySQLDialect] is no longer supported, hence certain features may not work properly. The minimum supported version is 8.0.0. Check the community dialects project for available legacy versions.
2025-09-12T19:50:15.413+05:30  INFO 41394 --- [SpringBootWebDemo] [restartedMain] org.hibernate.orm.connections.pooling    : HHH10001005: Database info:
	Database JDBC URL [Connecting through datasource 'HikariDataSource (HikariPool-15)']
	Database driver: undefined/unknown
	Database version: 5.7.34
	Autocommit mode: undefined/unknown
	Isolation level: undefined/unknown
	Minimum pool size: undefined/unknown
	Maximum pool size: undefined/unknown
2025-09-12T19:50:15.433+05:30  INFO 41394 --- [SpringBootWebDemo] [restartedMain] o.h.e.t.j.p.i.JtaPlatformInitiator       : HHH000489: No JTA platform available (set 'hibernate.transaction.jta.platform' to enable JTA platform integration)
2025-09-12T19:50:15.503+05:30  INFO 41394 --- [SpringBootWebDemo] [restartedMain] j.LocalContainerEntityManagerFactoryBean : Initialized JPA EntityManagerFactory for persistence unit 'default'
2025-09-12T19:50:15.535+05:30  WARN 41394 --- [SpringBootWebDemo] [restartedMain] JpaBaseConfiguration$JpaWebConfiguration : spring.jpa.open-in-view is enabled by default. Therefore, database queries may be performed during view rendering. Explicitly configure spring.jpa.open-in-view to disable this warning
2025-09-12T19:50:15.648+05:30  INFO 41394 --- [SpringBootWebDemo] [restartedMain] o.s.b.d.a.OptionalLiveReloadServer       : LiveReload server is running on port 35729
2025-09-12T19:50:15.649+05:30  INFO 41394 --- [SpringBootWebDemo] [restartedMain] o.s.b.a.e.web.EndpointLinksResolver      : Exposing 15 endpoints beneath base path '/manage'
2025-09-12T19:50:15.655+05:30  INFO 41394 --- [SpringBootWebDemo] [restartedMain] o.s.b.w.embedded.tomcat.TomcatWebServer  : Tomcat started on port 8081 (http) with context path '/'
2025-09-12T19:50:15.659+05:30  INFO 41394 --- [SpringBootWebDemo] [restartedMain] c.w.S.SpringBootWebDemoApplication       : Started SpringBootWebDemoApplication in 0.396 seconds (process running for 444.262)
2025-09-12T19:50:15.660+05:30  INFO 41394 --- [SpringBootWebDemo] [restartedMain] .ConditionEvaluationDeltaLoggingListener : Condition evaluation unchanged
2025-09-12T19:50:30.219+05:30  INFO 41394 --- [SpringBootWebDemo] [File Watcher] rtingClassPathChangeChangedEventListener : Restarting due to 1 class path change (0 additions, 0 deletions, 1 modification)
2025-09-12T19:50:30.229+05:30  INFO 41394 --- [SpringBootWebDemo] [Thread-59] o.s.b.w.e.tomcat.GracefulShutdown        : Commencing graceful shutdown. Waiting for active requests to complete
2025-09-12T19:50:30.233+05:30  INFO 41394 --- [SpringBootWebDemo] [tomcat-shutdown] o.s.b.w.e.tomcat.GracefulShutdown        : Graceful shutdown complete
2025-09-12T19:50:30.237+05:30  INFO 41394 --- [SpringBootWebDemo] [Thread-59] j.LocalContainerEntityManagerFactoryBean : Closing JPA EntityManagerFactory for persistence unit 'default'
2025-09-12T19:50:30.239+05:30  INFO 41394 --- [SpringBootWebDemo] [Thread-59] com.zaxxer.hikari.HikariDataSource       : HikariPool-15 - Shutdown initiated...
2025-09-12T19:50:30.244+05:30  INFO 41394 --- [SpringBootWebDemo] [Thread-59] com.zaxxer.hikari.HikariDataSource       : HikariPool-15 - Shutdown completed.
2025-09-12T19:50:30.380+05:30  INFO 41394 --- [SpringBootWebDemo] [restartedMain] c.w.S.SpringBootWebDemoApplication       : Starting SpringBootWebDemoApplication using Java 17.0.8 with PID 41394 (/Users/Shalini/Desktop/InfosysWS/SpringBoot/SpringBootWebDemo/target/classes started by Shalini in /Users/Shalini/Desktop/InfosysWS/SpringBoot/SpringBootWebDemo)
2025-09-12T19:50:30.380+05:30  INFO 41394 --- [SpringBootWebDemo] [restartedMain] c.w.S.SpringBootWebDemoApplication       : No active profile set, falling back to 1 default profile: "default"
2025-09-12T19:50:30.495+05:30  INFO 41394 --- [SpringBootWebDemo] [restartedMain] .s.d.r.c.RepositoryConfigurationDelegate : Bootstrapping Spring Data JPA repositories in DEFAULT mode.
2025-09-12T19:50:30.500+05:30  INFO 41394 --- [SpringBootWebDemo] [restartedMain] .s.d.r.c.RepositoryConfigurationDelegate : Finished Spring Data repository scanning in 4 ms. Found 3 JPA repository interfaces.
2025-09-12T19:50:30.556+05:30  INFO 41394 --- [SpringBootWebDemo] [restartedMain] o.s.b.w.embedded.tomcat.TomcatWebServer  : Tomcat initialized with port 8081 (http)
2025-09-12T19:50:30.557+05:30  INFO 41394 --- [SpringBootWebDemo] [restartedMain] o.apache.catalina.core.StandardService   : Starting service [Tomcat]
2025-09-12T19:50:30.557+05:30  INFO 41394 --- [SpringBootWebDemo] [restartedMain] o.apache.catalina.core.StandardEngine    : Starting Servlet engine: [Apache Tomcat/10.1.44]
2025-09-12T19:50:30.563+05:30  INFO 41394 --- [SpringBootWebDemo] [restartedMain] o.a.c.c.C.[Tomcat].[localhost].[/]       : Initializing Spring embedded WebApplicationContext
2025-09-12T19:50:30.563+05:30  INFO 41394 --- [SpringBootWebDemo] [restartedMain] w.s.c.ServletWebServerApplicationContext : Root WebApplicationContext: initialization completed in 182 ms
2025-09-12T19:50:30.593+05:30  INFO 41394 --- [SpringBootWebDemo] [restartedMain] o.hibernate.jpa.internal.util.LogHelper  : HHH000204: Processing PersistenceUnitInfo [name: default]
2025-09-12T19:50:30.594+05:30  INFO 41394 --- [SpringBootWebDemo] [restartedMain] o.h.c.internal.RegionFactoryInitiator    : HHH000026: Second-level cache disabled
2025-09-12T19:50:30.599+05:30  INFO 41394 --- [SpringBootWebDemo] [restartedMain] o.s.o.j.p.SpringPersistenceUnitInfo      : No LoadTimeWeaver setup: ignoring JPA class transformer
2025-09-12T19:50:30.600+05:30  INFO 41394 --- [SpringBootWebDemo] [restartedMain] com.zaxxer.hikari.HikariDataSource       : HikariPool-16 - Starting...
2025-09-12T19:50:30.610+05:30  INFO 41394 --- [SpringBootWebDemo] [restartedMain] com.zaxxer.hikari.pool.HikariPool        : HikariPool-16 - Added connection com.mysql.cj.jdbc.ConnectionImpl@43cd3717
2025-09-12T19:50:30.611+05:30  INFO 41394 --- [SpringBootWebDemo] [restartedMain] com.zaxxer.hikari.HikariDataSource       : HikariPool-16 - Start completed.
2025-09-12T19:50:30.611+05:30  WARN 41394 --- [SpringBootWebDemo] [restartedMain] org.hibernate.dialect.Dialect            : HHH000511: The 5.7.34 version for [org.hibernate.dialect.MySQLDialect] is no longer supported, hence certain features may not work properly. The minimum supported version is 8.0.0. Check the community dialects project for available legacy versions.
2025-09-12T19:50:30.611+05:30  INFO 41394 --- [SpringBootWebDemo] [restartedMain] org.hibernate.orm.connections.pooling    : HHH10001005: Database info:
	Database JDBC URL [Connecting through datasource 'HikariDataSource (HikariPool-16)']
	Database driver: undefined/unknown
	Database version: 5.7.34
	Autocommit mode: undefined/unknown
	Isolation level: undefined/unknown
	Minimum pool size: undefined/unknown
	Maximum pool size: undefined/unknown
2025-09-12T19:50:30.637+05:30  INFO 41394 --- [SpringBootWebDemo] [restartedMain] o.h.e.t.j.p.i.JtaPlatformInitiator       : HHH000489: No JTA platform available (set 'hibernate.transaction.jta.platform' to enable JTA platform integration)
2025-09-12T19:50:30.717+05:30  INFO 41394 --- [SpringBootWebDemo] [restartedMain] j.LocalContainerEntityManagerFactoryBean : Initialized JPA EntityManagerFactory for persistence unit 'default'
2025-09-12T19:50:30.755+05:30  WARN 41394 --- [SpringBootWebDemo] [restartedMain] JpaBaseConfiguration$JpaWebConfiguration : spring.jpa.open-in-view is enabled by default. Therefore, database queries may be performed during view rendering. Explicitly configure spring.jpa.open-in-view to disable this warning
2025-09-12T19:50:30.898+05:30  INFO 41394 --- [SpringBootWebDemo] [restartedMain] o.s.b.d.a.OptionalLiveReloadServer       : LiveReload server is running on port 35729
2025-09-12T19:50:30.899+05:30  INFO 41394 --- [SpringBootWebDemo] [restartedMain] o.s.b.a.e.web.EndpointLinksResolver      : Exposing 15 endpoints beneath base path '/manage'
2025-09-12T19:50:30.906+05:30  INFO 41394 --- [SpringBootWebDemo] [restartedMain] o.s.b.w.embedded.tomcat.TomcatWebServer  : Tomcat started on port 8081 (http) with context path '/'
2025-09-12T19:50:30.910+05:30  INFO 41394 --- [SpringBootWebDemo] [restartedMain] c.w.S.SpringBootWebDemoApplication       : Started SpringBootWebDemoApplication in 0.545 seconds (process running for 459.513)
2025-09-12T19:50:30.911+05:30  INFO 41394 --- [SpringBootWebDemo] [restartedMain] .ConditionEvaluationDeltaLoggingListener : Condition evaluation unchanged
2025-09-12T19:50:42.428+05:30  INFO 41394 --- [SpringBootWebDemo] [File Watcher] rtingClassPathChangeChangedEventListener : Restarting due to 1 class path change (0 additions, 0 deletions, 1 modification)
2025-09-12T19:50:42.437+05:30  INFO 41394 --- [SpringBootWebDemo] [Thread-63] o.s.b.w.e.tomcat.GracefulShutdown        : Commencing graceful shutdown. Waiting for active requests to complete
2025-09-12T19:50:42.441+05:30  INFO 41394 --- [SpringBootWebDemo] [tomcat-shutdown] o.s.b.w.e.tomcat.GracefulShutdown        : Graceful shutdown complete
2025-09-12T19:50:42.445+05:30  INFO 41394 --- [SpringBootWebDemo] [Thread-63] j.LocalContainerEntityManagerFactoryBean : Closing JPA EntityManagerFactory for persistence unit 'default'
2025-09-12T19:50:42.448+05:30  INFO 41394 --- [SpringBootWebDemo] [Thread-63] com.zaxxer.hikari.HikariDataSource       : HikariPool-16 - Shutdown initiated...
2025-09-12T19:50:42.451+05:30  INFO 41394 --- [SpringBootWebDemo] [Thread-63] com.zaxxer.hikari.HikariDataSource       : HikariPool-16 - Shutdown completed.
2025-09-12T19:50:42.540+05:30  INFO 41394 --- [SpringBootWebDemo] [restartedMain] c.w.S.SpringBootWebDemoApplication       : Starting SpringBootWebDemoApplication using Java 17.0.8 with PID 41394 (/Users/Shalini/Desktop/InfosysWS/SpringBoot/SpringBootWebDemo/target/classes started by Shalini in /Users/Shalini/Desktop/InfosysWS/SpringBoot/SpringBootWebDemo)
2025-09-12T19:50:42.540+05:30  INFO 41394 --- [SpringBootWebDemo] [restartedMain] c.w.S.SpringBootWebDemoApplication       : No active profile set, falling back to 1 default profile: "default"
2025-09-12T19:50:42.632+05:30  INFO 41394 --- [SpringBootWebDemo] [restartedMain] .s.d.r.c.RepositoryConfigurationDelegate : Bootstrapping Spring Data JPA repositories in DEFAULT mode.
2025-09-12T19:50:42.636+05:30  INFO 41394 --- [SpringBootWebDemo] [restartedMain] .s.d.r.c.RepositoryConfigurationDelegate : Finished Spring Data repository scanning in 3 ms. Found 3 JPA repository interfaces.
2025-09-12T19:50:42.662+05:30  INFO 41394 --- [SpringBootWebDemo] [restartedMain] o.s.b.w.embedded.tomcat.TomcatWebServer  : Tomcat initialized with port 8081 (http)
2025-09-12T19:50:42.662+05:30  INFO 41394 --- [SpringBootWebDemo] [restartedMain] o.apache.catalina.core.StandardService   : Starting service [Tomcat]
2025-09-12T19:50:42.662+05:30  INFO 41394 --- [SpringBootWebDemo] [restartedMain] o.apache.catalina.core.StandardEngine    : Starting Servlet engine: [Apache Tomcat/10.1.44]
2025-09-12T19:50:42.669+05:30  INFO 41394 --- [SpringBootWebDemo] [restartedMain] o.a.c.c.C.[Tomcat].[localhost].[/]       : Initializing Spring embedded WebApplicationContext
2025-09-12T19:50:42.669+05:30  INFO 41394 --- [SpringBootWebDemo] [restartedMain] w.s.c.ServletWebServerApplicationContext : Root WebApplicationContext: initialization completed in 129 ms
2025-09-12T19:50:42.684+05:30  INFO 41394 --- [SpringBootWebDemo] [restartedMain] o.hibernate.jpa.internal.util.LogHelper  : HHH000204: Processing PersistenceUnitInfo [name: default]
2025-09-12T19:50:42.685+05:30  INFO 41394 --- [SpringBootWebDemo] [restartedMain] o.h.c.internal.RegionFactoryInitiator    : HHH000026: Second-level cache disabled
2025-09-12T19:50:42.689+05:30  INFO 41394 --- [SpringBootWebDemo] [restartedMain] o.s.o.j.p.SpringPersistenceUnitInfo      : No LoadTimeWeaver setup: ignoring JPA class transformer
2025-09-12T19:50:42.690+05:30  INFO 41394 --- [SpringBootWebDemo] [restartedMain] com.zaxxer.hikari.HikariDataSource       : HikariPool-17 - Starting...
2025-09-12T19:50:42.699+05:30  INFO 41394 --- [SpringBootWebDemo] [restartedMain] com.zaxxer.hikari.pool.HikariPool        : HikariPool-17 - Added connection com.mysql.cj.jdbc.ConnectionImpl@3e52caf1
2025-09-12T19:50:42.699+05:30  INFO 41394 --- [SpringBootWebDemo] [restartedMain] com.zaxxer.hikari.HikariDataSource       : HikariPool-17 - Start completed.
2025-09-12T19:50:42.700+05:30  WARN 41394 --- [SpringBootWebDemo] [restartedMain] org.hibernate.dialect.Dialect            : HHH000511: The 5.7.34 version for [org.hibernate.dialect.MySQLDialect] is no longer supported, hence certain features may not work properly. The minimum supported version is 8.0.0. Check the community dialects project for available legacy versions.
2025-09-12T19:50:42.700+05:30  INFO 41394 --- [SpringBootWebDemo] [restartedMain] org.hibernate.orm.connections.pooling    : HHH10001005: Database info:
	Database JDBC URL [Connecting through datasource 'HikariDataSource (HikariPool-17)']
	Database driver: undefined/unknown
	Database version: 5.7.34
	Autocommit mode: undefined/unknown
	Isolation level: undefined/unknown
	Minimum pool size: undefined/unknown
	Maximum pool size: undefined/unknown
2025-09-12T19:50:42.719+05:30  INFO 41394 --- [SpringBootWebDemo] [restartedMain] o.h.e.t.j.p.i.JtaPlatformInitiator       : HHH000489: No JTA platform available (set 'hibernate.transaction.jta.platform' to enable JTA platform integration)
2025-09-12T19:50:42.791+05:30  INFO 41394 --- [SpringBootWebDemo] [restartedMain] j.LocalContainerEntityManagerFactoryBean : Initialized JPA EntityManagerFactory for persistence unit 'default'
2025-09-12T19:50:42.828+05:30  WARN 41394 --- [SpringBootWebDemo] [restartedMain] JpaBaseConfiguration$JpaWebConfiguration : spring.jpa.open-in-view is enabled by default. Therefore, database queries may be performed during view rendering. Explicitly configure spring.jpa.open-in-view to disable this warning
2025-09-12T19:50:42.942+05:30  INFO 41394 --- [SpringBootWebDemo] [restartedMain] o.s.b.d.a.OptionalLiveReloadServer       : LiveReload server is running on port 35729
2025-09-12T19:50:42.943+05:30  INFO 41394 --- [SpringBootWebDemo] [restartedMain] o.s.b.a.e.web.EndpointLinksResolver      : Exposing 15 endpoints beneath base path '/manage'
2025-09-12T19:50:42.948+05:30  INFO 41394 --- [SpringBootWebDemo] [restartedMain] o.s.b.w.embedded.tomcat.TomcatWebServer  : Tomcat started on port 8081 (http) with context path '/'
2025-09-12T19:50:42.952+05:30  INFO 41394 --- [SpringBootWebDemo] [restartedMain] c.w.S.SpringBootWebDemoApplication       : Started SpringBootWebDemoApplication in 0.422 seconds (process running for 471.554)
2025-09-12T19:50:42.953+05:30  INFO 41394 --- [SpringBootWebDemo] [restartedMain] .ConditionEvaluationDeltaLoggingListener : Condition evaluation unchanged
2025-09-12T19:51:46.068+05:30  INFO 41394 --- [SpringBootWebDemo] [File Watcher] rtingClassPathChangeChangedEventListener : Restarting due to 1 class path change (1 addition, 0 deletions, 0 modifications)
2025-09-12T19:51:46.077+05:30  INFO 41394 --- [SpringBootWebDemo] [Thread-67] o.s.b.w.e.tomcat.GracefulShutdown        : Commencing graceful shutdown. Waiting for active requests to complete
2025-09-12T19:51:46.085+05:30  INFO 41394 --- [SpringBootWebDemo] [tomcat-shutdown] o.s.b.w.e.tomcat.GracefulShutdown        : Graceful shutdown complete
2025-09-12T19:51:46.098+05:30  INFO 41394 --- [SpringBootWebDemo] [Thread-67] j.LocalContainerEntityManagerFactoryBean : Closing JPA EntityManagerFactory for persistence unit 'default'
2025-09-12T19:51:46.099+05:30  INFO 41394 --- [SpringBootWebDemo] [Thread-67] com.zaxxer.hikari.HikariDataSource       : HikariPool-17 - Shutdown initiated...
2025-09-12T19:51:46.104+05:30  INFO 41394 --- [SpringBootWebDemo] [Thread-67] com.zaxxer.hikari.HikariDataSource       : HikariPool-17 - Shutdown completed.
2025-09-12T19:51:46.239+05:30  INFO 41394 --- [SpringBootWebDemo] [restartedMain] c.w.S.SpringBootWebDemoApplication       : Starting SpringBootWebDemoApplication using Java 17.0.8 with PID 41394 (/Users/Shalini/Desktop/InfosysWS/SpringBoot/SpringBootWebDemo/target/classes started by Shalini in /Users/Shalini/Desktop/InfosysWS/SpringBoot/SpringBootWebDemo)
2025-09-12T19:51:46.239+05:30  INFO 41394 --- [SpringBootWebDemo] [restartedMain] c.w.S.SpringBootWebDemoApplication       : No active profile set, falling back to 1 default profile: "default"
2025-09-12T19:51:46.345+05:30  INFO 41394 --- [SpringBootWebDemo] [restartedMain] .s.d.r.c.RepositoryConfigurationDelegate : Bootstrapping Spring Data JPA repositories in DEFAULT mode.
2025-09-12T19:51:46.351+05:30  INFO 41394 --- [SpringBootWebDemo] [restartedMain] .s.d.r.c.RepositoryConfigurationDelegate : Finished Spring Data repository scanning in 5 ms. Found 3 JPA repository interfaces.
2025-09-12T19:51:46.380+05:30  INFO 41394 --- [SpringBootWebDemo] [restartedMain] o.s.b.w.embedded.tomcat.TomcatWebServer  : Tomcat initialized with port 8081 (http)
2025-09-12T19:51:46.381+05:30  INFO 41394 --- [SpringBootWebDemo] [restartedMain] o.apache.catalina.core.StandardService   : Starting service [Tomcat]
2025-09-12T19:51:46.381+05:30  INFO 41394 --- [SpringBootWebDemo] [restartedMain] o.apache.catalina.core.StandardEngine    : Starting Servlet engine: [Apache Tomcat/10.1.44]
2025-09-12T19:51:46.388+05:30  INFO 41394 --- [SpringBootWebDemo] [restartedMain] o.a.c.c.C.[Tomcat].[localhost].[/]       : Initializing Spring embedded WebApplicationContext
2025-09-12T19:51:46.388+05:30  INFO 41394 --- [SpringBootWebDemo] [restartedMain] w.s.c.ServletWebServerApplicationContext : Root WebApplicationContext: initialization completed in 148 ms
2025-09-12T19:51:46.406+05:30  INFO 41394 --- [SpringBootWebDemo] [restartedMain] o.hibernate.jpa.internal.util.LogHelper  : HHH000204: Processing PersistenceUnitInfo [name: default]
2025-09-12T19:51:46.407+05:30  INFO 41394 --- [SpringBootWebDemo] [restartedMain] o.h.c.internal.RegionFactoryInitiator    : HHH000026: Second-level cache disabled
2025-09-12T19:51:46.410+05:30  INFO 41394 --- [SpringBootWebDemo] [restartedMain] o.s.o.j.p.SpringPersistenceUnitInfo      : No LoadTimeWeaver setup: ignoring JPA class transformer
2025-09-12T19:51:46.411+05:30  INFO 41394 --- [SpringBootWebDemo] [restartedMain] com.zaxxer.hikari.HikariDataSource       : HikariPool-18 - Starting...
2025-09-12T19:51:46.422+05:30  INFO 41394 --- [SpringBootWebDemo] [restartedMain] com.zaxxer.hikari.pool.HikariPool        : HikariPool-18 - Added connection com.mysql.cj.jdbc.ConnectionImpl@2ed647e5
2025-09-12T19:51:46.422+05:30  INFO 41394 --- [SpringBootWebDemo] [restartedMain] com.zaxxer.hikari.HikariDataSource       : HikariPool-18 - Start completed.
2025-09-12T19:51:46.423+05:30  WARN 41394 --- [SpringBootWebDemo] [restartedMain] org.hibernate.dialect.Dialect            : HHH000511: The 5.7.34 version for [org.hibernate.dialect.MySQLDialect] is no longer supported, hence certain features may not work properly. The minimum supported version is 8.0.0. Check the community dialects project for available legacy versions.
2025-09-12T19:51:46.423+05:30  INFO 41394 --- [SpringBootWebDemo] [restartedMain] org.hibernate.orm.connections.pooling    : HHH10001005: Database info:
	Database JDBC URL [Connecting through datasource 'HikariDataSource (HikariPool-18)']
	Database driver: undefined/unknown
	Database version: 5.7.34
	Autocommit mode: undefined/unknown
	Isolation level: undefined/unknown
	Minimum pool size: undefined/unknown
	Maximum pool size: undefined/unknown
2025-09-12T19:51:46.448+05:30  INFO 41394 --- [SpringBootWebDemo] [restartedMain] o.h.e.t.j.p.i.JtaPlatformInitiator       : HHH000489: No JTA platform available (set 'hibernate.transaction.jta.platform' to enable JTA platform integration)
2025-09-12T19:51:46.513+05:30  INFO 41394 --- [SpringBootWebDemo] [restartedMain] j.LocalContainerEntityManagerFactoryBean : Initialized JPA EntityManagerFactory for persistence unit 'default'
2025-09-12T19:51:46.558+05:30  WARN 41394 --- [SpringBootWebDemo] [restartedMain] JpaBaseConfiguration$JpaWebConfiguration : spring.jpa.open-in-view is enabled by default. Therefore, database queries may be performed during view rendering. Explicitly configure spring.jpa.open-in-view to disable this warning
2025-09-12T19:51:46.718+05:30  INFO 41394 --- [SpringBootWebDemo] [restartedMain] o.s.b.d.a.OptionalLiveReloadServer       : LiveReload server is running on port 35729
2025-09-12T19:51:46.719+05:30  INFO 41394 --- [SpringBootWebDemo] [restartedMain] o.s.b.a.e.web.EndpointLinksResolver      : Exposing 15 endpoints beneath base path '/manage'
2025-09-12T19:51:46.730+05:30  INFO 41394 --- [SpringBootWebDemo] [restartedMain] o.s.b.w.embedded.tomcat.TomcatWebServer  : Tomcat started on port 8081 (http) with context path '/'
2025-09-12T19:51:46.735+05:30  INFO 41394 --- [SpringBootWebDemo] [restartedMain] c.w.S.SpringBootWebDemoApplication       : Started SpringBootWebDemoApplication in 0.508 seconds (process running for 535.337)
2025-09-12T19:51:46.736+05:30  INFO 41394 --- [SpringBootWebDemo] [restartedMain] .ConditionEvaluationDeltaLoggingListener : Condition evaluation unchanged
2025-09-12T19:53:20.154+05:30  INFO 41394 --- [SpringBootWebDemo] [File Watcher] rtingClassPathChangeChangedEventListener : Restarting due to 1 class path change (0 additions, 0 deletions, 1 modification)
2025-09-12T19:53:20.166+05:30  INFO 41394 --- [SpringBootWebDemo] [Thread-71] o.s.b.w.e.tomcat.GracefulShutdown        : Commencing graceful shutdown. Waiting for active requests to complete
2025-09-12T19:53:20.171+05:30  INFO 41394 --- [SpringBootWebDemo] [tomcat-shutdown] o.s.b.w.e.tomcat.GracefulShutdown        : Graceful shutdown complete
2025-09-12T19:53:20.174+05:30  INFO 41394 --- [SpringBootWebDemo] [Thread-71] j.LocalContainerEntityManagerFactoryBean : Closing JPA EntityManagerFactory for persistence unit 'default'
2025-09-12T19:53:20.176+05:30  INFO 41394 --- [SpringBootWebDemo] [Thread-71] com.zaxxer.hikari.HikariDataSource       : HikariPool-18 - Shutdown initiated...
2025-09-12T19:53:20.180+05:30  INFO 41394 --- [SpringBootWebDemo] [Thread-71] com.zaxxer.hikari.HikariDataSource       : HikariPool-18 - Shutdown completed.
2025-09-12T19:53:20.291+05:30  INFO 41394 --- [SpringBootWebDemo] [restartedMain] c.w.S.SpringBootWebDemoApplication       : Starting SpringBootWebDemoApplication using Java 17.0.8 with PID 41394 (/Users/Shalini/Desktop/InfosysWS/SpringBoot/SpringBootWebDemo/target/classes started by Shalini in /Users/Shalini/Desktop/InfosysWS/SpringBoot/SpringBootWebDemo)
2025-09-12T19:53:20.292+05:30  INFO 41394 --- [SpringBootWebDemo] [restartedMain] c.w.S.SpringBootWebDemoApplication       : No active profile set, falling back to 1 default profile: "default"
2025-09-12T19:53:20.407+05:30  INFO 41394 --- [SpringBootWebDemo] [restartedMain] .s.d.r.c.RepositoryConfigurationDelegate : Bootstrapping Spring Data JPA repositories in DEFAULT mode.
2025-09-12T19:53:20.412+05:30  INFO 41394 --- [SpringBootWebDemo] [restartedMain] .s.d.r.c.RepositoryConfigurationDelegate : Finished Spring Data repository scanning in 4 ms. Found 3 JPA repository interfaces.
2025-09-12T19:53:20.442+05:30  INFO 41394 --- [SpringBootWebDemo] [restartedMain] o.s.b.w.embedded.tomcat.TomcatWebServer  : Tomcat initialized with port 8081 (http)
2025-09-12T19:53:20.443+05:30  INFO 41394 --- [SpringBootWebDemo] [restartedMain] o.apache.catalina.core.StandardService   : Starting service [Tomcat]
2025-09-12T19:53:20.443+05:30  INFO 41394 --- [SpringBootWebDemo] [restartedMain] o.apache.catalina.core.StandardEngine    : Starting Servlet engine: [Apache Tomcat/10.1.44]
2025-09-12T19:53:20.449+05:30  INFO 41394 --- [SpringBootWebDemo] [restartedMain] o.a.c.c.C.[Tomcat].[localhost].[/]       : Initializing Spring embedded WebApplicationContext
2025-09-12T19:53:20.449+05:30  INFO 41394 --- [SpringBootWebDemo] [restartedMain] w.s.c.ServletWebServerApplicationContext : Root WebApplicationContext: initialization completed in 157 ms
2025-09-12T19:53:20.466+05:30  INFO 41394 --- [SpringBootWebDemo] [restartedMain] o.hibernate.jpa.internal.util.LogHelper  : HHH000204: Processing PersistenceUnitInfo [name: default]
2025-09-12T19:53:20.468+05:30  INFO 41394 --- [SpringBootWebDemo] [restartedMain] o.h.c.internal.RegionFactoryInitiator    : HHH000026: Second-level cache disabled
2025-09-12T19:53:20.472+05:30  INFO 41394 --- [SpringBootWebDemo] [restartedMain] o.s.o.j.p.SpringPersistenceUnitInfo      : No LoadTimeWeaver setup: ignoring JPA class transformer
2025-09-12T19:53:20.472+05:30  INFO 41394 --- [SpringBootWebDemo] [restartedMain] com.zaxxer.hikari.HikariDataSource       : HikariPool-19 - Starting...
2025-09-12T19:53:20.501+05:30  INFO 41394 --- [SpringBootWebDemo] [restartedMain] com.zaxxer.hikari.pool.HikariPool        : HikariPool-19 - Added connection com.mysql.cj.jdbc.ConnectionImpl@12beea69
2025-09-12T19:53:20.501+05:30  INFO 41394 --- [SpringBootWebDemo] [restartedMain] com.zaxxer.hikari.HikariDataSource       : HikariPool-19 - Start completed.
2025-09-12T19:53:20.502+05:30  WARN 41394 --- [SpringBootWebDemo] [restartedMain] org.hibernate.dialect.Dialect            : HHH000511: The 5.7.34 version for [org.hibernate.dialect.MySQLDialect] is no longer supported, hence certain features may not work properly. The minimum supported version is 8.0.0. Check the community dialects project for available legacy versions.
2025-09-12T19:53:20.502+05:30  INFO 41394 --- [SpringBootWebDemo] [restartedMain] org.hibernate.orm.connections.pooling    : HHH10001005: Database info:
	Database JDBC URL [Connecting through datasource 'HikariDataSource (HikariPool-19)']
	Database driver: undefined/unknown
	Database version: 5.7.34
	Autocommit mode: undefined/unknown
	Isolation level: undefined/unknown
	Minimum pool size: undefined/unknown
	Maximum pool size: undefined/unknown
2025-09-12T19:53:20.524+05:30  INFO 41394 --- [SpringBootWebDemo] [restartedMain] o.h.e.t.j.p.i.JtaPlatformInitiator       : HHH000489: No JTA platform available (set 'hibernate.transaction.jta.platform' to enable JTA platform integration)
2025-09-12T19:53:20.603+05:30  INFO 41394 --- [SpringBootWebDemo] [restartedMain] j.LocalContainerEntityManagerFactoryBean : Initialized JPA EntityManagerFactory for persistence unit 'default'
2025-09-12T19:53:20.626+05:30  WARN 41394 --- [SpringBootWebDemo] [restartedMain] ConfigServletWebServerApplicationContext : Exception encountered during context initialization - cancelling refresh attempt: org.springframework.beans.factory.BeanCreationException: Error creating bean with name 'characterController': Lookup method resolution failed
2025-09-12T19:53:20.626+05:30  INFO 41394 --- [SpringBootWebDemo] [restartedMain] j.LocalContainerEntityManagerFactoryBean : Closing JPA EntityManagerFactory for persistence unit 'default'
2025-09-12T19:53:20.626+05:30  INFO 41394 --- [SpringBootWebDemo] [restartedMain] com.zaxxer.hikari.HikariDataSource       : HikariPool-19 - Shutdown initiated...
2025-09-12T19:53:20.647+05:30  INFO 41394 --- [SpringBootWebDemo] [restartedMain] com.zaxxer.hikari.HikariDataSource       : HikariPool-19 - Shutdown completed.
2025-09-12T19:53:20.647+05:30  INFO 41394 --- [SpringBootWebDemo] [restartedMain] o.apache.catalina.core.StandardService   : Stopping service [Tomcat]
2025-09-12T19:53:20.653+05:30  INFO 41394 --- [SpringBootWebDemo] [restartedMain] .s.b.a.l.ConditionEvaluationReportLogger : 

Error starting ApplicationContext. To display the condition evaluation report re-run your application with 'debug' enabled.
2025-09-12T19:53:20.665+05:30 ERROR 41394 --- [SpringBootWebDemo] [restartedMain] o.s.boot.SpringApplication               : Application run failed

org.springframework.beans.factory.BeanCreationException: Error creating bean with name 'characterController': Lookup method resolution failed
	at org.springframework.beans.factory.annotation.AutowiredAnnotationBeanPostProcessor.checkLookupMethods(AutowiredAnnotationBeanPostProcessor.java:498) ~[spring-beans-6.2.10.jar:6.2.10]
	at org.springframework.beans.factory.annotation.AutowiredAnnotationBeanPostProcessor.determineCandidateConstructors(AutowiredAnnotationBeanPostProcessor.java:368) ~[spring-beans-6.2.10.jar:6.2.10]
	at org.springframework.beans.factory.support.AbstractAutowireCapableBeanFactory.determineConstructorsFromBeanPostProcessors(AbstractAutowireCapableBeanFactory.java:1334) ~[spring-beans-6.2.10.jar:6.2.10]
	at org.springframework.beans.factory.support.AbstractAutowireCapableBeanFactory.createBeanInstance(AbstractAutowireCapableBeanFactory.java:1229) ~[spring-beans-6.2.10.jar:6.2.10]
	at org.springframework.beans.factory.support.AbstractAutowireCapableBeanFactory.doCreateBean(AbstractAutowireCapableBeanFactory.java:569) ~[spring-beans-6.2.10.jar:6.2.10]
	at org.springframework.beans.factory.support.AbstractAutowireCapableBeanFactory.createBean(AbstractAutowireCapableBeanFactory.java:529) ~[spring-beans-6.2.10.jar:6.2.10]
	at org.springframework.beans.factory.support.AbstractBeanFactory.lambda$doGetBean$0(AbstractBeanFactory.java:339) ~[spring-beans-6.2.10.jar:6.2.10]
	at org.springframework.beans.factory.support.DefaultSingletonBeanRegistry.getSingleton(DefaultSingletonBeanRegistry.java:373) ~[spring-beans-6.2.10.jar:6.2.10]
	at org.springframework.beans.factory.support.AbstractBeanFactory.doGetBean(AbstractBeanFactory.java:337) ~[spring-beans-6.2.10.jar:6.2.10]
	at org.springframework.beans.factory.support.AbstractBeanFactory.getBean(AbstractBeanFactory.java:202) ~[spring-beans-6.2.10.jar:6.2.10]
	at org.springframework.beans.factory.support.DefaultListableBeanFactory.instantiateSingleton(DefaultListableBeanFactory.java:1222) ~[spring-beans-6.2.10.jar:6.2.10]
	at org.springframework.beans.factory.support.DefaultListableBeanFactory.preInstantiateSingleton(DefaultListableBeanFactory.java:1188) ~[spring-beans-6.2.10.jar:6.2.10]
	at org.springframework.beans.factory.support.DefaultListableBeanFactory.preInstantiateSingletons(DefaultListableBeanFactory.java:1123) ~[spring-beans-6.2.10.jar:6.2.10]
	at org.springframework.context.support.AbstractApplicationContext.finishBeanFactoryInitialization(AbstractApplicationContext.java:987) ~[spring-context-6.2.10.jar:6.2.10]
	at org.springframework.context.support.AbstractApplicationContext.refresh(AbstractApplicationContext.java:627) ~[spring-context-6.2.10.jar:6.2.10]
	at org.springframework.boot.web.servlet.context.ServletWebServerApplicationContext.refresh(ServletWebServerApplicationContext.java:146) ~[spring-boot-3.5.5.jar:3.5.5]
	at org.springframework.boot.SpringApplication.refresh(SpringApplication.java:752) ~[spring-boot-3.5.5.jar:3.5.5]
	at org.springframework.boot.SpringApplication.refreshContext(SpringApplication.java:439) ~[spring-boot-3.5.5.jar:3.5.5]
	at org.springframework.boot.SpringApplication.run(SpringApplication.java:318) ~[spring-boot-3.5.5.jar:3.5.5]
	at org.springframework.boot.SpringApplication.run(SpringApplication.java:1361) ~[spring-boot-3.5.5.jar:3.5.5]
	at org.springframework.boot.SpringApplication.run(SpringApplication.java:1350) ~[spring-boot-3.5.5.jar:3.5.5]
	at com.web.SpringBootWebDemo.SpringBootWebDemoApplication.main(SpringBootWebDemoApplication.java:22) ~[classes/:na]
	at java.base/jdk.internal.reflect.NativeMethodAccessorImpl.invoke0(Native Method) ~[na:na]
	at java.base/jdk.internal.reflect.NativeMethodAccessorImpl.invoke(NativeMethodAccessorImpl.java:77) ~[na:na]
	at java.base/jdk.internal.reflect.DelegatingMethodAccessorImpl.invoke(DelegatingMethodAccessorImpl.java:43) ~[na:na]
	at java.base/java.lang.reflect.Method.invoke(Method.java:568) ~[na:na]
	at org.springframework.boot.devtools.restart.RestartLauncher.run(RestartLauncher.java:50) ~[spring-boot-devtools-3.5.5.jar:3.5.5]
Caused by: java.lang.IllegalStateException: Failed to introspect Class [com.web.SpringBootWebDemo.restapi.CharacterController] from ClassLoader [org.springframework.boot.devtools.restart.classloader.RestartClassLoader@49762567]
	at org.springframework.util.ReflectionUtils.getDeclaredMethods(ReflectionUtils.java:483) ~[spring-core-6.2.10.jar:6.2.10]
	at org.springframework.util.ReflectionUtils.doWithLocalMethods(ReflectionUtils.java:320) ~[spring-core-6.2.10.jar:6.2.10]
	at org.springframework.beans.factory.annotation.AutowiredAnnotationBeanPostProcessor.checkLookupMethods(AutowiredAnnotationBeanPostProcessor.java:476) ~[spring-beans-6.2.10.jar:6.2.10]
	... 26 common frames omitted
Caused by: java.lang.NoClassDefFoundError: FictionalCharacter
	at java.base/java.lang.Class.getDeclaredMethods0(Native Method) ~[na:na]
	at java.base/java.lang.Class.privateGetDeclaredMethods(Class.java:3402) ~[na:na]
	at java.base/java.lang.Class.getDeclaredMethods(Class.java:2504) ~[na:na]
	at org.springframework.util.ReflectionUtils.getDeclaredMethods(ReflectionUtils.java:465) ~[spring-core-6.2.10.jar:6.2.10]
	... 28 common frames omitted
Caused by: java.lang.ClassNotFoundException: FictionalCharacter
	at java.base/jdk.internal.loader.BuiltinClassLoader.loadClass(BuiltinClassLoader.java:641) ~[na:na]
	at java.base/jdk.internal.loader.ClassLoaders$AppClassLoader.loadClass(ClassLoaders.java:188) ~[na:na]
	at java.base/java.lang.ClassLoader.loadClass(ClassLoader.java:520) ~[na:na]
	at java.base/java.lang.Class.forName0(Native Method) ~[na:na]
	at java.base/java.lang.Class.forName(Class.java:467) ~[na:na]
	at org.springframework.boot.devtools.restart.classloader.RestartClassLoader.loadClass(RestartClassLoader.java:121) ~[spring-boot-devtools-3.5.5.jar:3.5.5]
	at java.base/java.lang.ClassLoader.loadClass(ClassLoader.java:520) ~[na:na]
	... 32 common frames omitted

2025-09-12T19:53:30.231+05:30  INFO 41394 --- [SpringBootWebDemo] [restartedMain] c.w.S.SpringBootWebDemoApplication       : Starting SpringBootWebDemoApplication using Java 17.0.8 with PID 41394 (/Users/Shalini/Desktop/InfosysWS/SpringBoot/SpringBootWebDemo/target/classes started by Shalini in /Users/Shalini/Desktop/InfosysWS/SpringBoot/SpringBootWebDemo)
2025-09-12T19:53:30.232+05:30  INFO 41394 --- [SpringBootWebDemo] [restartedMain] c.w.S.SpringBootWebDemoApplication       : No active profile set, falling back to 1 default profile: "default"
2025-09-12T19:53:30.375+05:30  INFO 41394 --- [SpringBootWebDemo] [restartedMain] .s.d.r.c.RepositoryConfigurationDelegate : Bootstrapping Spring Data JPA repositories in DEFAULT mode.
2025-09-12T19:53:30.380+05:30  INFO 41394 --- [SpringBootWebDemo] [restartedMain] .s.d.r.c.RepositoryConfigurationDelegate : Finished Spring Data repository scanning in 4 ms. Found 3 JPA repository interfaces.
2025-09-12T19:53:30.408+05:30  INFO 41394 --- [SpringBootWebDemo] [restartedMain] o.s.b.w.embedded.tomcat.TomcatWebServer  : Tomcat initialized with port 8081 (http)
2025-09-12T19:53:30.409+05:30  INFO 41394 --- [SpringBootWebDemo] [restartedMain] o.apache.catalina.core.StandardService   : Starting service [Tomcat]
2025-09-12T19:53:30.409+05:30  INFO 41394 --- [SpringBootWebDemo] [restartedMain] o.apache.catalina.core.StandardEngine    : Starting Servlet engine: [Apache Tomcat/10.1.44]
2025-09-12T19:53:30.415+05:30  INFO 41394 --- [SpringBootWebDemo] [restartedMain] o.a.c.c.C.[Tomcat-1].[localhost].[/]     : Initializing Spring embedded WebApplicationContext
2025-09-12T19:53:30.415+05:30  INFO 41394 --- [SpringBootWebDemo] [restartedMain] w.s.c.ServletWebServerApplicationContext : Root WebApplicationContext: initialization completed in 175 ms
2025-09-12T19:53:30.432+05:30  INFO 41394 --- [SpringBootWebDemo] [restartedMain] o.hibernate.jpa.internal.util.LogHelper  : HHH000204: Processing PersistenceUnitInfo [name: default]
2025-09-12T19:53:30.433+05:30  INFO 41394 --- [SpringBootWebDemo] [restartedMain] o.h.c.internal.RegionFactoryInitiator    : HHH000026: Second-level cache disabled
2025-09-12T19:53:30.437+05:30  INFO 41394 --- [SpringBootWebDemo] [restartedMain] o.s.o.j.p.SpringPersistenceUnitInfo      : No LoadTimeWeaver setup: ignoring JPA class transformer
2025-09-12T19:53:30.437+05:30  INFO 41394 --- [SpringBootWebDemo] [restartedMain] com.zaxxer.hikari.HikariDataSource       : HikariPool-20 - Starting...
2025-09-12T19:53:30.451+05:30  INFO 41394 --- [SpringBootWebDemo] [restartedMain] com.zaxxer.hikari.pool.HikariPool        : HikariPool-20 - Added connection com.mysql.cj.jdbc.ConnectionImpl@615e8532
2025-09-12T19:53:30.451+05:30  INFO 41394 --- [SpringBootWebDemo] [restartedMain] com.zaxxer.hikari.HikariDataSource       : HikariPool-20 - Start completed.
2025-09-12T19:53:30.452+05:30  WARN 41394 --- [SpringBootWebDemo] [restartedMain] org.hibernate.dialect.Dialect            : HHH000511: The 5.7.34 version for [org.hibernate.dialect.MySQLDialect] is no longer supported, hence certain features may not work properly. The minimum supported version is 8.0.0. Check the community dialects project for available legacy versions.
2025-09-12T19:53:30.453+05:30  INFO 41394 --- [SpringBootWebDemo] [restartedMain] org.hibernate.orm.connections.pooling    : HHH10001005: Database info:
	Database JDBC URL [Connecting through datasource 'HikariDataSource (HikariPool-20)']
	Database driver: undefined/unknown
	Database version: 5.7.34
	Autocommit mode: undefined/unknown
	Isolation level: undefined/unknown
	Minimum pool size: undefined/unknown
	Maximum pool size: undefined/unknown
2025-09-12T19:53:30.480+05:30  INFO 41394 --- [SpringBootWebDemo] [restartedMain] o.h.e.t.j.p.i.JtaPlatformInitiator       : HHH000489: No JTA platform available (set 'hibernate.transaction.jta.platform' to enable JTA platform integration)
2025-09-12T19:53:30.552+05:30  INFO 41394 --- [SpringBootWebDemo] [restartedMain] j.LocalContainerEntityManagerFactoryBean : Initialized JPA EntityManagerFactory for persistence unit 'default'
2025-09-12T19:53:30.587+05:30  WARN 41394 --- [SpringBootWebDemo] [restartedMain] JpaBaseConfiguration$JpaWebConfiguration : spring.jpa.open-in-view is enabled by default. Therefore, database queries may be performed during view rendering. Explicitly configure spring.jpa.open-in-view to disable this warning
2025-09-12T19:53:30.726+05:30  INFO 41394 --- [SpringBootWebDemo] [restartedMain] o.s.b.d.a.OptionalLiveReloadServer       : LiveReload server is running on port 35729
2025-09-12T19:53:30.727+05:30  INFO 41394 --- [SpringBootWebDemo] [restartedMain] o.s.b.a.e.web.EndpointLinksResolver      : Exposing 15 endpoints beneath base path '/manage'
2025-09-12T19:53:30.738+05:30  INFO 41394 --- [SpringBootWebDemo] [restartedMain] o.s.b.w.embedded.tomcat.TomcatWebServer  : Tomcat started on port 8081 (http) with context path '/'
2025-09-12T19:53:30.744+05:30  INFO 41394 --- [SpringBootWebDemo] [restartedMain] c.w.S.SpringBootWebDemoApplication       : Started SpringBootWebDemoApplication in 0.54 seconds (process running for 639.346)
2025-09-12T19:53:30.745+05:30  INFO 41394 --- [SpringBootWebDemo] [restartedMain] .ConditionEvaluationDeltaLoggingListener : Condition evaluation unchanged
2025-09-12T19:53:39.217+05:30  INFO 41394 --- [SpringBootWebDemo] [File Watcher] rtingClassPathChangeChangedEventListener : Restarting due to 1 class path change (0 additions, 0 deletions, 1 modification)
2025-09-12T19:53:39.230+05:30  INFO 41394 --- [SpringBootWebDemo] [Thread-75] o.s.b.w.e.tomcat.GracefulShutdown        : Commencing graceful shutdown. Waiting for active requests to complete
2025-09-12T19:53:39.239+05:30  INFO 41394 --- [SpringBootWebDemo] [tomcat-shutdown] o.s.b.w.e.tomcat.GracefulShutdown        : Graceful shutdown complete
2025-09-12T19:53:39.244+05:30  INFO 41394 --- [SpringBootWebDemo] [Thread-75] j.LocalContainerEntityManagerFactoryBean : Closing JPA EntityManagerFactory for persistence unit 'default'
2025-09-12T19:53:39.245+05:30  INFO 41394 --- [SpringBootWebDemo] [Thread-75] com.zaxxer.hikari.HikariDataSource       : HikariPool-20 - Shutdown initiated...
2025-09-12T19:53:39.248+05:30  INFO 41394 --- [SpringBootWebDemo] [Thread-75] com.zaxxer.hikari.HikariDataSource       : HikariPool-20 - Shutdown completed.
2025-09-12T19:53:39.337+05:30  INFO 41394 --- [SpringBootWebDemo] [restartedMain] c.w.S.SpringBootWebDemoApplication       : Starting SpringBootWebDemoApplication using Java 17.0.8 with PID 41394 (/Users/Shalini/Desktop/InfosysWS/SpringBoot/SpringBootWebDemo/target/classes started by Shalini in /Users/Shalini/Desktop/InfosysWS/SpringBoot/SpringBootWebDemo)
2025-09-12T19:53:39.337+05:30  INFO 41394 --- [SpringBootWebDemo] [restartedMain] c.w.S.SpringBootWebDemoApplication       : No active profile set, falling back to 1 default profile: "default"
2025-09-12T19:53:39.431+05:30  INFO 41394 --- [SpringBootWebDemo] [restartedMain] .s.d.r.c.RepositoryConfigurationDelegate : Bootstrapping Spring Data JPA repositories in DEFAULT mode.
2025-09-12T19:53:39.437+05:30  INFO 41394 --- [SpringBootWebDemo] [restartedMain] .s.d.r.c.RepositoryConfigurationDelegate : Finished Spring Data repository scanning in 4 ms. Found 3 JPA repository interfaces.
2025-09-12T19:53:39.463+05:30  INFO 41394 --- [SpringBootWebDemo] [restartedMain] o.s.b.w.embedded.tomcat.TomcatWebServer  : Tomcat initialized with port 8081 (http)
2025-09-12T19:53:39.463+05:30  INFO 41394 --- [SpringBootWebDemo] [restartedMain] o.apache.catalina.core.StandardService   : Starting service [Tomcat]
2025-09-12T19:53:39.463+05:30  INFO 41394 --- [SpringBootWebDemo] [restartedMain] o.apache.catalina.core.StandardEngine    : Starting Servlet engine: [Apache Tomcat/10.1.44]
2025-09-12T19:53:39.470+05:30  INFO 41394 --- [SpringBootWebDemo] [restartedMain] o.a.c.c.C.[Tomcat-1].[localhost].[/]     : Initializing Spring embedded WebApplicationContext
2025-09-12T19:53:39.470+05:30  INFO 41394 --- [SpringBootWebDemo] [restartedMain] w.s.c.ServletWebServerApplicationContext : Root WebApplicationContext: initialization completed in 132 ms
2025-09-12T19:53:39.487+05:30  INFO 41394 --- [SpringBootWebDemo] [restartedMain] o.hibernate.jpa.internal.util.LogHelper  : HHH000204: Processing PersistenceUnitInfo [name: default]
2025-09-12T19:53:39.488+05:30  INFO 41394 --- [SpringBootWebDemo] [restartedMain] o.h.c.internal.RegionFactoryInitiator    : HHH000026: Second-level cache disabled
2025-09-12T19:53:39.491+05:30  INFO 41394 --- [SpringBootWebDemo] [restartedMain] o.s.o.j.p.SpringPersistenceUnitInfo      : No LoadTimeWeaver setup: ignoring JPA class transformer
2025-09-12T19:53:39.492+05:30  INFO 41394 --- [SpringBootWebDemo] [restartedMain] com.zaxxer.hikari.HikariDataSource       : HikariPool-21 - Starting...
2025-09-12T19:53:39.501+05:30  INFO 41394 --- [SpringBootWebDemo] [restartedMain] com.zaxxer.hikari.pool.HikariPool        : HikariPool-21 - Added connection com.mysql.cj.jdbc.ConnectionImpl@6422908f
2025-09-12T19:53:39.501+05:30  INFO 41394 --- [SpringBootWebDemo] [restartedMain] com.zaxxer.hikari.HikariDataSource       : HikariPool-21 - Start completed.
2025-09-12T19:53:39.502+05:30  WARN 41394 --- [SpringBootWebDemo] [restartedMain] org.hibernate.dialect.Dialect            : HHH000511: The 5.7.34 version for [org.hibernate.dialect.MySQLDialect] is no longer supported, hence certain features may not work properly. The minimum supported version is 8.0.0. Check the community dialects project for available legacy versions.
2025-09-12T19:53:39.502+05:30  INFO 41394 --- [SpringBootWebDemo] [restartedMain] org.hibernate.orm.connections.pooling    : HHH10001005: Database info:
	Database JDBC URL [Connecting through datasource 'HikariDataSource (HikariPool-21)']
	Database driver: undefined/unknown
	Database version: 5.7.34
	Autocommit mode: undefined/unknown
	Isolation level: undefined/unknown
	Minimum pool size: undefined/unknown
	Maximum pool size: undefined/unknown
2025-09-12T19:53:39.522+05:30  INFO 41394 --- [SpringBootWebDemo] [restartedMain] o.h.e.t.j.p.i.JtaPlatformInitiator       : HHH000489: No JTA platform available (set 'hibernate.transaction.jta.platform' to enable JTA platform integration)
2025-09-12T19:53:39.602+05:30  INFO 41394 --- [SpringBootWebDemo] [restartedMain] j.LocalContainerEntityManagerFactoryBean : Initialized JPA EntityManagerFactory for persistence unit 'default'
2025-09-12T19:53:39.636+05:30  WARN 41394 --- [SpringBootWebDemo] [restartedMain] JpaBaseConfiguration$JpaWebConfiguration : spring.jpa.open-in-view is enabled by default. Therefore, database queries may be performed during view rendering. Explicitly configure spring.jpa.open-in-view to disable this warning
2025-09-12T19:53:39.769+05:30  INFO 41394 --- [SpringBootWebDemo] [restartedMain] o.s.b.d.a.OptionalLiveReloadServer       : LiveReload server is running on port 35729
2025-09-12T19:53:39.770+05:30  INFO 41394 --- [SpringBootWebDemo] [restartedMain] o.s.b.a.e.web.EndpointLinksResolver      : Exposing 15 endpoints beneath base path '/manage'
2025-09-12T19:53:39.776+05:30  INFO 41394 --- [SpringBootWebDemo] [restartedMain] o.s.b.w.embedded.tomcat.TomcatWebServer  : Tomcat started on port 8081 (http) with context path '/'
2025-09-12T19:53:39.780+05:30  INFO 41394 --- [SpringBootWebDemo] [restartedMain] c.w.S.SpringBootWebDemoApplication       : Started SpringBootWebDemoApplication in 0.45 seconds (process running for 648.382)
2025-09-12T19:53:39.780+05:30  INFO 41394 --- [SpringBootWebDemo] [restartedMain] .ConditionEvaluationDeltaLoggingListener : Condition evaluation unchanged
2025-09-12T19:55:32.422+05:30  INFO 41394 --- [SpringBootWebDemo] [File Watcher] rtingClassPathChangeChangedEventListener : Restarting due to 1 class path change (0 additions, 0 deletions, 1 modification)
2025-09-12T19:55:32.432+05:30  INFO 41394 --- [SpringBootWebDemo] [Thread-82] o.s.b.w.e.tomcat.GracefulShutdown        : Commencing graceful shutdown. Waiting for active requests to complete
2025-09-12T19:55:32.449+05:30  INFO 41394 --- [SpringBootWebDemo] [tomcat-shutdown] o.s.b.w.e.tomcat.GracefulShutdown        : Graceful shutdown complete
2025-09-12T19:55:32.465+05:30  INFO 41394 --- [SpringBootWebDemo] [Thread-82] j.LocalContainerEntityManagerFactoryBean : Closing JPA EntityManagerFactory for persistence unit 'default'
2025-09-12T19:55:32.467+05:30  INFO 41394 --- [SpringBootWebDemo] [Thread-82] com.zaxxer.hikari.HikariDataSource       : HikariPool-21 - Shutdown initiated...
2025-09-12T19:55:32.472+05:30  INFO 41394 --- [SpringBootWebDemo] [Thread-82] com.zaxxer.hikari.HikariDataSource       : HikariPool-21 - Shutdown completed.
2025-09-12T19:55:32.603+05:30  INFO 41394 --- [SpringBootWebDemo] [restartedMain] c.w.S.SpringBootWebDemoApplication       : Starting SpringBootWebDemoApplication using Java 17.0.8 with PID 41394 (/Users/Shalini/Desktop/InfosysWS/SpringBoot/SpringBootWebDemo/target/classes started by Shalini in /Users/Shalini/Desktop/InfosysWS/SpringBoot/SpringBootWebDemo)
2025-09-12T19:55:32.603+05:30  INFO 41394 --- [SpringBootWebDemo] [restartedMain] c.w.S.SpringBootWebDemoApplication       : No active profile set, falling back to 1 default profile: "default"
2025-09-12T19:55:32.714+05:30  INFO 41394 --- [SpringBootWebDemo] [restartedMain] .s.d.r.c.RepositoryConfigurationDelegate : Bootstrapping Spring Data JPA repositories in DEFAULT mode.
2025-09-12T19:55:32.718+05:30  INFO 41394 --- [SpringBootWebDemo] [restartedMain] .s.d.r.c.RepositoryConfigurationDelegate : Finished Spring Data repository scanning in 4 ms. Found 3 JPA repository interfaces.
2025-09-12T19:55:32.743+05:30  INFO 41394 --- [SpringBootWebDemo] [restartedMain] o.s.b.w.embedded.tomcat.TomcatWebServer  : Tomcat initialized with port 8081 (http)
2025-09-12T19:55:32.743+05:30  INFO 41394 --- [SpringBootWebDemo] [restartedMain] o.apache.catalina.core.StandardService   : Starting service [Tomcat]
2025-09-12T19:55:32.743+05:30  INFO 41394 --- [SpringBootWebDemo] [restartedMain] o.apache.catalina.core.StandardEngine    : Starting Servlet engine: [Apache Tomcat/10.1.44]
2025-09-12T19:55:32.749+05:30  INFO 41394 --- [SpringBootWebDemo] [restartedMain] o.a.c.c.C.[Tomcat-1].[localhost].[/]     : Initializing Spring embedded WebApplicationContext
2025-09-12T19:55:32.749+05:30  INFO 41394 --- [SpringBootWebDemo] [restartedMain] w.s.c.ServletWebServerApplicationContext : Root WebApplicationContext: initialization completed in 146 ms
2025-09-12T19:55:32.765+05:30  INFO 41394 --- [SpringBootWebDemo] [restartedMain] o.hibernate.jpa.internal.util.LogHelper  : HHH000204: Processing PersistenceUnitInfo [name: default]
2025-09-12T19:55:32.766+05:30  INFO 41394 --- [SpringBootWebDemo] [restartedMain] o.h.c.internal.RegionFactoryInitiator    : HHH000026: Second-level cache disabled
2025-09-12T19:55:32.771+05:30  INFO 41394 --- [SpringBootWebDemo] [restartedMain] o.s.o.j.p.SpringPersistenceUnitInfo      : No LoadTimeWeaver setup: ignoring JPA class transformer
2025-09-12T19:55:32.771+05:30  INFO 41394 --- [SpringBootWebDemo] [restartedMain] com.zaxxer.hikari.HikariDataSource       : HikariPool-22 - Starting...
2025-09-12T19:55:32.786+05:30  INFO 41394 --- [SpringBootWebDemo] [restartedMain] com.zaxxer.hikari.pool.HikariPool        : HikariPool-22 - Added connection com.mysql.cj.jdbc.ConnectionImpl@77d5afd5
2025-09-12T19:55:32.786+05:30  INFO 41394 --- [SpringBootWebDemo] [restartedMain] com.zaxxer.hikari.HikariDataSource       : HikariPool-22 - Start completed.
2025-09-12T19:55:32.787+05:30  WARN 41394 --- [SpringBootWebDemo] [restartedMain] org.hibernate.dialect.Dialect            : HHH000511: The 5.7.34 version for [org.hibernate.dialect.MySQLDialect] is no longer supported, hence certain features may not work properly. The minimum supported version is 8.0.0. Check the community dialects project for available legacy versions.
2025-09-12T19:55:32.787+05:30  INFO 41394 --- [SpringBootWebDemo] [restartedMain] org.hibernate.orm.connections.pooling    : HHH10001005: Database info:
	Database JDBC URL [Connecting through datasource 'HikariDataSource (HikariPool-22)']
	Database driver: undefined/unknown
	Database version: 5.7.34
	Autocommit mode: undefined/unknown
	Isolation level: undefined/unknown
	Minimum pool size: undefined/unknown
	Maximum pool size: undefined/unknown
2025-09-12T19:55:32.809+05:30  INFO 41394 --- [SpringBootWebDemo] [restartedMain] o.h.e.t.j.p.i.JtaPlatformInitiator       : HHH000489: No JTA platform available (set 'hibernate.transaction.jta.platform' to enable JTA platform integration)
2025-09-12T19:55:32.893+05:30  INFO 41394 --- [SpringBootWebDemo] [restartedMain] j.LocalContainerEntityManagerFactoryBean : Initialized JPA EntityManagerFactory for persistence unit 'default'
2025-09-12T19:55:32.927+05:30  WARN 41394 --- [SpringBootWebDemo] [restartedMain] JpaBaseConfiguration$JpaWebConfiguration : spring.jpa.open-in-view is enabled by default. Therefore, database queries may be performed during view rendering. Explicitly configure spring.jpa.open-in-view to disable this warning
2025-09-12T19:55:33.040+05:30  INFO 41394 --- [SpringBootWebDemo] [restartedMain] o.s.b.d.a.OptionalLiveReloadServer       : LiveReload server is running on port 35729
2025-09-12T19:55:33.041+05:30  INFO 41394 --- [SpringBootWebDemo] [restartedMain] o.s.b.a.e.web.EndpointLinksResolver      : Exposing 15 endpoints beneath base path '/manage'
2025-09-12T19:55:33.047+05:30  INFO 41394 --- [SpringBootWebDemo] [restartedMain] o.s.b.w.embedded.tomcat.TomcatWebServer  : Tomcat started on port 8081 (http) with context path '/'
2025-09-12T19:55:33.051+05:30  INFO 41394 --- [SpringBootWebDemo] [restartedMain] c.w.S.SpringBootWebDemoApplication       : Started SpringBootWebDemoApplication in 0.458 seconds (process running for 761.653)
2025-09-12T19:55:33.052+05:30  INFO 41394 --- [SpringBootWebDemo] [restartedMain] .ConditionEvaluationDeltaLoggingListener : Condition evaluation unchanged
2025-09-12T19:56:41.064+05:30  INFO 41394 --- [SpringBootWebDemo] [http-nio-8081-exec-1] o.a.c.c.C.[Tomcat-1].[localhost].[/]     : Initializing Spring DispatcherServlet 'dispatcherServlet'
2025-09-12T19:56:41.064+05:30  INFO 41394 --- [SpringBootWebDemo] [http-nio-8081-exec-1] o.s.web.servlet.DispatcherServlet        : Initializing Servlet 'dispatcherServlet'
2025-09-12T19:56:41.068+05:30  INFO 41394 --- [SpringBootWebDemo] [http-nio-8081-exec-1] o.s.web.servlet.DispatcherServlet        : Completed initialization in 4 ms
2025-09-12T19:56:41.483+05:30  INFO 41394 --- [SpringBootWebDemo] [http-nio-8081-exec-4] o.springdoc.api.AbstractOpenApiResource  : Init duration for springdoc-openapi is: 176 ms
2025-09-12T19:56:52.330+05:30  INFO 41394 --- [SpringBootWebDemo] [http-nio-8081-exec-5] c.w.S.restapi.CharacterController        : GET All Characters for house all
2025-09-12T19:57:04.530+05:30  INFO 41394 --- [SpringBootWebDemo] [http-nio-8081-exec-6] c.w.S.restapi.CharacterController        : GET All Characters for house Gryffindor
2025-09-12T19:59:11.975+05:30  WARN 41394 --- [SpringBootWebDemo] [http-nio-8081-exec-9] o.h.engine.jdbc.spi.SqlExceptionHelper   : SQL Error: 1062, SQLState: 23000
2025-09-12T19:59:11.976+05:30 ERROR 41394 --- [SpringBootWebDemo] [http-nio-8081-exec-9] o.h.engine.jdbc.spi.SqlExceptionHelper   : Duplicate entry 'Rubeus Hagrid' for key 'UKm26yvuyx5dgroox9dkuim4po'
2025-09-12T19:59:11.989+05:30  WARN 41394 --- [SpringBootWebDemo] [http-nio-8081-exec-9] .m.m.a.ExceptionHandlerExceptionResolver : Resolved [org.springframework.dao.DataIntegrityViolationException: could not execute statement [Duplicate entry 'Rubeus Hagrid' for key 'UKm26yvuyx5dgroox9dkuim4po'] [insert into fictional_character (bio,house,imageurl,name,wandid) values (?,?,?,?,?)]; SQL [insert into fictional_character (bio,house,imageurl,name,wandid) values (?,?,?,?,?)]; constraint [UKm26yvuyx5dgroox9dkuim4po]]
2025-09-12T20:00:07.636+05:30  WARN 41394 --- [SpringBootWebDemo] [http-nio-8081-exec-10] .m.m.a.ExceptionHandlerExceptionResolver : Resolved [org.springframework.dao.InvalidDataAccessApiUsageException: org.hibernate.TransientObjectException: persistent instance references an unsaved transient instance of 'com.web.SpringBootWebDemo.entity.Wand' (save the transient instance before flushing)]
2025-09-12T20:03:23.929+05:30  INFO 41394 --- [SpringBootWebDemo] [File Watcher] rtingClassPathChangeChangedEventListener : Restarting due to 1 class path change (0 additions, 0 deletions, 1 modification)
2025-09-12T20:03:23.936+05:30  INFO 41394 --- [SpringBootWebDemo] [Thread-86] o.s.b.w.e.tomcat.GracefulShutdown        : Commencing graceful shutdown. Waiting for active requests to complete
2025-09-12T20:03:23.941+05:30  INFO 41394 --- [SpringBootWebDemo] [tomcat-shutdown] o.s.b.w.e.tomcat.GracefulShutdown        : Graceful shutdown complete
2025-09-12T20:03:23.948+05:30  INFO 41394 --- [SpringBootWebDemo] [Thread-86] j.LocalContainerEntityManagerFactoryBean : Closing JPA EntityManagerFactory for persistence unit 'default'
2025-09-12T20:03:23.950+05:30  INFO 41394 --- [SpringBootWebDemo] [Thread-86] com.zaxxer.hikari.HikariDataSource       : HikariPool-22 - Shutdown initiated...
2025-09-12T20:03:23.954+05:30  INFO 41394 --- [SpringBootWebDemo] [Thread-86] com.zaxxer.hikari.HikariDataSource       : HikariPool-22 - Shutdown completed.
2025-09-12T20:03:24.104+05:30  INFO 41394 --- [SpringBootWebDemo] [restartedMain] c.w.S.SpringBootWebDemoApplication       : Starting SpringBootWebDemoApplication using Java 17.0.8 with PID 41394 (/Users/Shalini/Desktop/InfosysWS/SpringBoot/SpringBootWebDemo/target/classes started by Shalini in /Users/Shalini/Desktop/InfosysWS/SpringBoot/SpringBootWebDemo)
2025-09-12T20:03:24.104+05:30  INFO 41394 --- [SpringBootWebDemo] [restartedMain] c.w.S.SpringBootWebDemoApplication       : No active profile set, falling back to 1 default profile: "default"
2025-09-12T20:03:24.229+05:30  INFO 41394 --- [SpringBootWebDemo] [restartedMain] .s.d.r.c.RepositoryConfigurationDelegate : Bootstrapping Spring Data JPA repositories in DEFAULT mode.
2025-09-12T20:03:24.233+05:30  INFO 41394 --- [SpringBootWebDemo] [restartedMain] .s.d.r.c.RepositoryConfigurationDelegate : Finished Spring Data repository scanning in 4 ms. Found 3 JPA repository interfaces.
2025-09-12T20:03:24.269+05:30  INFO 41394 --- [SpringBootWebDemo] [restartedMain] o.s.b.w.embedded.tomcat.TomcatWebServer  : Tomcat initialized with port 8081 (http)
2025-09-12T20:03:24.270+05:30  INFO 41394 --- [SpringBootWebDemo] [restartedMain] o.apache.catalina.core.StandardService   : Starting service [Tomcat]
2025-09-12T20:03:24.270+05:30  INFO 41394 --- [SpringBootWebDemo] [restartedMain] o.apache.catalina.core.StandardEngine    : Starting Servlet engine: [Apache Tomcat/10.1.44]
2025-09-12T20:03:24.276+05:30  INFO 41394 --- [SpringBootWebDemo] [restartedMain] o.a.c.c.C.[Tomcat-1].[localhost].[/]     : Initializing Spring embedded WebApplicationContext
2025-09-12T20:03:24.276+05:30  INFO 41394 --- [SpringBootWebDemo] [restartedMain] w.s.c.ServletWebServerApplicationContext : Root WebApplicationContext: initialization completed in 171 ms
2025-09-12T20:03:24.297+05:30  INFO 41394 --- [SpringBootWebDemo] [restartedMain] o.hibernate.jpa.internal.util.LogHelper  : HHH000204: Processing PersistenceUnitInfo [name: default]
2025-09-12T20:03:24.298+05:30  INFO 41394 --- [SpringBootWebDemo] [restartedMain] o.h.c.internal.RegionFactoryInitiator    : HHH000026: Second-level cache disabled
2025-09-12T20:03:24.302+05:30  INFO 41394 --- [SpringBootWebDemo] [restartedMain] o.s.o.j.p.SpringPersistenceUnitInfo      : No LoadTimeWeaver setup: ignoring JPA class transformer
2025-09-12T20:03:24.302+05:30  INFO 41394 --- [SpringBootWebDemo] [restartedMain] com.zaxxer.hikari.HikariDataSource       : HikariPool-23 - Starting...
2025-09-12T20:03:24.319+05:30  INFO 41394 --- [SpringBootWebDemo] [restartedMain] com.zaxxer.hikari.pool.HikariPool        : HikariPool-23 - Added connection com.mysql.cj.jdbc.ConnectionImpl@45d6da3d
2025-09-12T20:03:24.319+05:30  INFO 41394 --- [SpringBootWebDemo] [restartedMain] com.zaxxer.hikari.HikariDataSource       : HikariPool-23 - Start completed.
2025-09-12T20:03:24.320+05:30  WARN 41394 --- [SpringBootWebDemo] [restartedMain] org.hibernate.dialect.Dialect            : HHH000511: The 5.7.34 version for [org.hibernate.dialect.MySQLDialect] is no longer supported, hence certain features may not work properly. The minimum supported version is 8.0.0. Check the community dialects project for available legacy versions.
2025-09-12T20:03:24.320+05:30  INFO 41394 --- [SpringBootWebDemo] [restartedMain] org.hibernate.orm.connections.pooling    : HHH10001005: Database info:
	Database JDBC URL [Connecting through datasource 'HikariDataSource (HikariPool-23)']
	Database driver: undefined/unknown
	Database version: 5.7.34
	Autocommit mode: undefined/unknown
	Isolation level: undefined/unknown
	Minimum pool size: undefined/unknown
	Maximum pool size: undefined/unknown
2025-09-12T20:03:24.344+05:30  INFO 41394 --- [SpringBootWebDemo] [restartedMain] o.h.e.t.j.p.i.JtaPlatformInitiator       : HHH000489: No JTA platform available (set 'hibernate.transaction.jta.platform' to enable JTA platform integration)
2025-09-12T20:03:24.417+05:30  INFO 41394 --- [SpringBootWebDemo] [restartedMain] j.LocalContainerEntityManagerFactoryBean : Initialized JPA EntityManagerFactory for persistence unit 'default'
2025-09-12T20:03:24.455+05:30  WARN 41394 --- [SpringBootWebDemo] [restartedMain] JpaBaseConfiguration$JpaWebConfiguration : spring.jpa.open-in-view is enabled by default. Therefore, database queries may be performed during view rendering. Explicitly configure spring.jpa.open-in-view to disable this warning
2025-09-12T20:03:24.649+05:30  INFO 41394 --- [SpringBootWebDemo] [restartedMain] o.s.b.d.a.OptionalLiveReloadServer       : LiveReload server is running on port 35729
2025-09-12T20:03:24.649+05:30  INFO 41394 --- [SpringBootWebDemo] [restartedMain] o.s.b.a.e.web.EndpointLinksResolver      : Exposing 15 endpoints beneath base path '/manage'
2025-09-12T20:03:24.659+05:30  INFO 41394 --- [SpringBootWebDemo] [restartedMain] o.s.b.w.embedded.tomcat.TomcatWebServer  : Tomcat started on port 8081 (http) with context path '/'
2025-09-12T20:03:24.671+05:30  INFO 41394 --- [SpringBootWebDemo] [restartedMain] c.w.S.SpringBootWebDemoApplication       : Started SpringBootWebDemoApplication in 0.594 seconds (process running for 1233.268)
2025-09-12T20:03:24.672+05:30  INFO 41394 --- [SpringBootWebDemo] [restartedMain] .ConditionEvaluationDeltaLoggingListener : Condition evaluation unchanged
2025-09-12T20:03:53.342+05:30  INFO 41394 --- [SpringBootWebDemo] [http-nio-8081-exec-1] o.a.c.c.C.[Tomcat-1].[localhost].[/]     : Initializing Spring DispatcherServlet 'dispatcherServlet'
2025-09-12T20:03:53.343+05:30  INFO 41394 --- [SpringBootWebDemo] [http-nio-8081-exec-1] o.s.web.servlet.DispatcherServlet        : Initializing Servlet 'dispatcherServlet'
2025-09-12T20:03:53.346+05:30  INFO 41394 --- [SpringBootWebDemo] [http-nio-8081-exec-1] o.s.web.servlet.DispatcherServlet        : Completed initialization in 3 ms
2025-09-12T20:03:53.542+05:30  INFO 41394 --- [SpringBootWebDemo] [http-nio-8081-exec-4] o.springdoc.api.AbstractOpenApiResource  : Init duration for springdoc-openapi is: 42 ms
2025-09-12T20:05:11.247+05:30  INFO 41394 --- [SpringBootWebDemo] [File Watcher] rtingClassPathChangeChangedEventListener : Restarting due to 1 class path change (0 additions, 0 deletions, 1 modification)
2025-09-12T20:05:11.258+05:30  INFO 41394 --- [SpringBootWebDemo] [Thread-90] o.s.b.w.e.tomcat.GracefulShutdown        : Commencing graceful shutdown. Waiting for active requests to complete
2025-09-12T20:05:11.263+05:30  INFO 41394 --- [SpringBootWebDemo] [tomcat-shutdown] o.s.b.w.e.tomcat.GracefulShutdown        : Graceful shutdown complete
2025-09-12T20:05:11.267+05:30  INFO 41394 --- [SpringBootWebDemo] [Thread-90] j.LocalContainerEntityManagerFactoryBean : Closing JPA EntityManagerFactory for persistence unit 'default'
2025-09-12T20:05:11.269+05:30  INFO 41394 --- [SpringBootWebDemo] [Thread-90] com.zaxxer.hikari.HikariDataSource       : HikariPool-23 - Shutdown initiated...
2025-09-12T20:05:11.273+05:30  INFO 41394 --- [SpringBootWebDemo] [Thread-90] com.zaxxer.hikari.HikariDataSource       : HikariPool-23 - Shutdown completed.
2025-09-12T20:05:11.415+05:30  INFO 41394 --- [SpringBootWebDemo] [restartedMain] c.w.S.SpringBootWebDemoApplication       : Starting SpringBootWebDemoApplication using Java 17.0.8 with PID 41394 (/Users/Shalini/Desktop/InfosysWS/SpringBoot/SpringBootWebDemo/target/classes started by Shalini in /Users/Shalini/Desktop/InfosysWS/SpringBoot/SpringBootWebDemo)
2025-09-12T20:05:11.415+05:30  INFO 41394 --- [SpringBootWebDemo] [restartedMain] c.w.S.SpringBootWebDemoApplication       : No active profile set, falling back to 1 default profile: "default"
2025-09-12T20:05:11.517+05:30  INFO 41394 --- [SpringBootWebDemo] [restartedMain] .s.d.r.c.RepositoryConfigurationDelegate : Bootstrapping Spring Data JPA repositories in DEFAULT mode.
2025-09-12T20:05:11.526+05:30  INFO 41394 --- [SpringBootWebDemo] [restartedMain] .s.d.r.c.RepositoryConfigurationDelegate : Finished Spring Data repository scanning in 8 ms. Found 3 JPA repository interfaces.
2025-09-12T20:05:11.556+05:30  INFO 41394 --- [SpringBootWebDemo] [restartedMain] o.s.b.w.embedded.tomcat.TomcatWebServer  : Tomcat initialized with port 8081 (http)
2025-09-12T20:05:11.557+05:30  INFO 41394 --- [SpringBootWebDemo] [restartedMain] o.apache.catalina.core.StandardService   : Starting service [Tomcat]
2025-09-12T20:05:11.557+05:30  INFO 41394 --- [SpringBootWebDemo] [restartedMain] o.apache.catalina.core.StandardEngine    : Starting Servlet engine: [Apache Tomcat/10.1.44]
2025-09-12T20:05:11.563+05:30  INFO 41394 --- [SpringBootWebDemo] [restartedMain] o.a.c.c.C.[Tomcat-1].[localhost].[/]     : Initializing Spring embedded WebApplicationContext
2025-09-12T20:05:11.563+05:30  INFO 41394 --- [SpringBootWebDemo] [restartedMain] w.s.c.ServletWebServerApplicationContext : Root WebApplicationContext: initialization completed in 147 ms
2025-09-12T20:05:11.584+05:30  INFO 41394 --- [SpringBootWebDemo] [restartedMain] o.hibernate.jpa.internal.util.LogHelper  : HHH000204: Processing PersistenceUnitInfo [name: default]
2025-09-12T20:05:11.585+05:30  INFO 41394 --- [SpringBootWebDemo] [restartedMain] o.h.c.internal.RegionFactoryInitiator    : HHH000026: Second-level cache disabled
2025-09-12T20:05:11.589+05:30  INFO 41394 --- [SpringBootWebDemo] [restartedMain] o.s.o.j.p.SpringPersistenceUnitInfo      : No LoadTimeWeaver setup: ignoring JPA class transformer
2025-09-12T20:05:11.589+05:30  INFO 41394 --- [SpringBootWebDemo] [restartedMain] com.zaxxer.hikari.HikariDataSource       : HikariPool-24 - Starting...
2025-09-12T20:05:11.599+05:30  INFO 41394 --- [SpringBootWebDemo] [restartedMain] com.zaxxer.hikari.pool.HikariPool        : HikariPool-24 - Added connection com.mysql.cj.jdbc.ConnectionImpl@f55a013
2025-09-12T20:05:11.599+05:30  INFO 41394 --- [SpringBootWebDemo] [restartedMain] com.zaxxer.hikari.HikariDataSource       : HikariPool-24 - Start completed.
2025-09-12T20:05:11.600+05:30  WARN 41394 --- [SpringBootWebDemo] [restartedMain] org.hibernate.dialect.Dialect            : HHH000511: The 5.7.34 version for [org.hibernate.dialect.MySQLDialect] is no longer supported, hence certain features may not work properly. The minimum supported version is 8.0.0. Check the community dialects project for available legacy versions.
2025-09-12T20:05:11.600+05:30  INFO 41394 --- [SpringBootWebDemo] [restartedMain] org.hibernate.orm.connections.pooling    : HHH10001005: Database info:
	Database JDBC URL [Connecting through datasource 'HikariDataSource (HikariPool-24)']
	Database driver: undefined/unknown
	Database version: 5.7.34
	Autocommit mode: undefined/unknown
	Isolation level: undefined/unknown
	Minimum pool size: undefined/unknown
	Maximum pool size: undefined/unknown
2025-09-12T20:05:11.628+05:30  INFO 41394 --- [SpringBootWebDemo] [restartedMain] o.h.e.t.j.p.i.JtaPlatformInitiator       : HHH000489: No JTA platform available (set 'hibernate.transaction.jta.platform' to enable JTA platform integration)
2025-09-12T20:05:11.708+05:30  INFO 41394 --- [SpringBootWebDemo] [restartedMain] j.LocalContainerEntityManagerFactoryBean : Initialized JPA EntityManagerFactory for persistence unit 'default'
2025-09-12T20:05:11.739+05:30  WARN 41394 --- [SpringBootWebDemo] [restartedMain] JpaBaseConfiguration$JpaWebConfiguration : spring.jpa.open-in-view is enabled by default. Therefore, database queries may be performed during view rendering. Explicitly configure spring.jpa.open-in-view to disable this warning
2025-09-12T20:05:11.884+05:30  INFO 41394 --- [SpringBootWebDemo] [restartedMain] o.s.b.d.a.OptionalLiveReloadServer       : LiveReload server is running on port 35729
2025-09-12T20:05:11.884+05:30  INFO 41394 --- [SpringBootWebDemo] [restartedMain] o.s.b.a.e.web.EndpointLinksResolver      : Exposing 15 endpoints beneath base path '/manage'
2025-09-12T20:05:11.891+05:30  INFO 41394 --- [SpringBootWebDemo] [restartedMain] o.s.b.w.embedded.tomcat.TomcatWebServer  : Tomcat started on port 8081 (http) with context path '/'
2025-09-12T20:05:11.902+05:30  INFO 41394 --- [SpringBootWebDemo] [restartedMain] c.w.S.SpringBootWebDemoApplication       : Started SpringBootWebDemoApplication in 0.503 seconds (process running for 1340.498)
2025-09-12T20:05:11.902+05:30  INFO 41394 --- [SpringBootWebDemo] [restartedMain] .ConditionEvaluationDeltaLoggingListener : Condition evaluation unchanged
2025-09-12T20:05:20.388+05:30  INFO 41394 --- [SpringBootWebDemo] [File Watcher] rtingClassPathChangeChangedEventListener : Restarting due to 1 class path change (0 additions, 0 deletions, 1 modification)
2025-09-12T20:05:20.392+05:30  INFO 41394 --- [SpringBootWebDemo] [Thread-94] o.s.b.w.e.tomcat.GracefulShutdown        : Commencing graceful shutdown. Waiting for active requests to complete
2025-09-12T20:05:20.396+05:30  INFO 41394 --- [SpringBootWebDemo] [tomcat-shutdown] o.s.b.w.e.tomcat.GracefulShutdown        : Graceful shutdown complete
2025-09-12T20:05:20.398+05:30  INFO 41394 --- [SpringBootWebDemo] [Thread-94] j.LocalContainerEntityManagerFactoryBean : Closing JPA EntityManagerFactory for persistence unit 'default'
2025-09-12T20:05:20.399+05:30  INFO 41394 --- [SpringBootWebDemo] [Thread-94] com.zaxxer.hikari.HikariDataSource       : HikariPool-24 - Shutdown initiated...
2025-09-12T20:05:20.401+05:30  INFO 41394 --- [SpringBootWebDemo] [Thread-94] com.zaxxer.hikari.HikariDataSource       : HikariPool-24 - Shutdown completed.
2025-09-12T20:05:20.496+05:30  INFO 41394 --- [SpringBootWebDemo] [restartedMain] c.w.S.SpringBootWebDemoApplication       : Starting SpringBootWebDemoApplication using Java 17.0.8 with PID 41394 (/Users/Shalini/Desktop/InfosysWS/SpringBoot/SpringBootWebDemo/target/classes started by Shalini in /Users/Shalini/Desktop/InfosysWS/SpringBoot/SpringBootWebDemo)
2025-09-12T20:05:20.496+05:30  INFO 41394 --- [SpringBootWebDemo] [restartedMain] c.w.S.SpringBootWebDemoApplication       : No active profile set, falling back to 1 default profile: "default"
2025-09-12T20:05:20.581+05:30  INFO 41394 --- [SpringBootWebDemo] [restartedMain] .s.d.r.c.RepositoryConfigurationDelegate : Bootstrapping Spring Data JPA repositories in DEFAULT mode.
2025-09-12T20:05:20.585+05:30  INFO 41394 --- [SpringBootWebDemo] [restartedMain] .s.d.r.c.RepositoryConfigurationDelegate : Finished Spring Data repository scanning in 3 ms. Found 3 JPA repository interfaces.
2025-09-12T20:05:20.608+05:30  INFO 41394 --- [SpringBootWebDemo] [restartedMain] o.s.b.w.embedded.tomcat.TomcatWebServer  : Tomcat initialized with port 8081 (http)
2025-09-12T20:05:20.609+05:30  INFO 41394 --- [SpringBootWebDemo] [restartedMain] o.apache.catalina.core.StandardService   : Starting service [Tomcat]
2025-09-12T20:05:20.609+05:30  INFO 41394 --- [SpringBootWebDemo] [restartedMain] o.apache.catalina.core.StandardEngine    : Starting Servlet engine: [Apache Tomcat/10.1.44]
2025-09-12T20:05:20.614+05:30  INFO 41394 --- [SpringBootWebDemo] [restartedMain] o.a.c.c.C.[Tomcat-1].[localhost].[/]     : Initializing Spring embedded WebApplicationContext
2025-09-12T20:05:20.615+05:30  INFO 41394 --- [SpringBootWebDemo] [restartedMain] w.s.c.ServletWebServerApplicationContext : Root WebApplicationContext: initialization completed in 119 ms
2025-09-12T20:05:20.630+05:30  INFO 41394 --- [SpringBootWebDemo] [restartedMain] o.hibernate.jpa.internal.util.LogHelper  : HHH000204: Processing PersistenceUnitInfo [name: default]
2025-09-12T20:05:20.630+05:30  INFO 41394 --- [SpringBootWebDemo] [restartedMain] o.h.c.internal.RegionFactoryInitiator    : HHH000026: Second-level cache disabled
2025-09-12T20:05:20.633+05:30  INFO 41394 --- [SpringBootWebDemo] [restartedMain] o.s.o.j.p.SpringPersistenceUnitInfo      : No LoadTimeWeaver setup: ignoring JPA class transformer
2025-09-12T20:05:20.633+05:30  INFO 41394 --- [SpringBootWebDemo] [restartedMain] com.zaxxer.hikari.HikariDataSource       : HikariPool-25 - Starting...
2025-09-12T20:05:20.643+05:30  INFO 41394 --- [SpringBootWebDemo] [restartedMain] com.zaxxer.hikari.pool.HikariPool        : HikariPool-25 - Added connection com.mysql.cj.jdbc.ConnectionImpl@3914f7d6
2025-09-12T20:05:20.643+05:30  INFO 41394 --- [SpringBootWebDemo] [restartedMain] com.zaxxer.hikari.HikariDataSource       : HikariPool-25 - Start completed.
2025-09-12T20:05:20.644+05:30  WARN 41394 --- [SpringBootWebDemo] [restartedMain] org.hibernate.dialect.Dialect            : HHH000511: The 5.7.34 version for [org.hibernate.dialect.MySQLDialect] is no longer supported, hence certain features may not work properly. The minimum supported version is 8.0.0. Check the community dialects project for available legacy versions.
2025-09-12T20:05:20.644+05:30  INFO 41394 --- [SpringBootWebDemo] [restartedMain] org.hibernate.orm.connections.pooling    : HHH10001005: Database info:
	Database JDBC URL [Connecting through datasource 'HikariDataSource (HikariPool-25)']
	Database driver: undefined/unknown
	Database version: 5.7.34
	Autocommit mode: undefined/unknown
	Isolation level: undefined/unknown
	Minimum pool size: undefined/unknown
	Maximum pool size: undefined/unknown
2025-09-12T20:05:20.662+05:30  INFO 41394 --- [SpringBootWebDemo] [restartedMain] o.h.e.t.j.p.i.JtaPlatformInitiator       : HHH000489: No JTA platform available (set 'hibernate.transaction.jta.platform' to enable JTA platform integration)
2025-09-12T20:05:20.731+05:30  INFO 41394 --- [SpringBootWebDemo] [restartedMain] j.LocalContainerEntityManagerFactoryBean : Initialized JPA EntityManagerFactory for persistence unit 'default'
2025-09-12T20:05:20.762+05:30  WARN 41394 --- [SpringBootWebDemo] [restartedMain] JpaBaseConfiguration$JpaWebConfiguration : spring.jpa.open-in-view is enabled by default. Therefore, database queries may be performed during view rendering. Explicitly configure spring.jpa.open-in-view to disable this warning
2025-09-12T20:05:20.872+05:30  INFO 41394 --- [SpringBootWebDemo] [restartedMain] o.s.b.d.a.OptionalLiveReloadServer       : LiveReload server is running on port 35729
2025-09-12T20:05:20.873+05:30  INFO 41394 --- [SpringBootWebDemo] [restartedMain] o.s.b.a.e.web.EndpointLinksResolver      : Exposing 15 endpoints beneath base path '/manage'
2025-09-12T20:05:20.879+05:30  INFO 41394 --- [SpringBootWebDemo] [restartedMain] o.s.b.w.embedded.tomcat.TomcatWebServer  : Tomcat started on port 8081 (http) with context path '/'
2025-09-12T20:05:20.883+05:30  INFO 41394 --- [SpringBootWebDemo] [restartedMain] c.w.S.SpringBootWebDemoApplication       : Started SpringBootWebDemoApplication in 0.396 seconds (process running for 1349.479)
2025-09-12T20:05:20.884+05:30  INFO 41394 --- [SpringBootWebDemo] [restartedMain] .ConditionEvaluationDeltaLoggingListener : Condition evaluation unchanged
2025-09-12T20:05:39.716+05:30  INFO 41394 --- [SpringBootWebDemo] [http-nio-8081-exec-1] o.a.c.c.C.[Tomcat-1].[localhost].[/]     : Initializing Spring DispatcherServlet 'dispatcherServlet'
2025-09-12T20:05:39.719+05:30  INFO 41394 --- [SpringBootWebDemo] [http-nio-8081-exec-1] o.s.web.servlet.DispatcherServlet        : Initializing Servlet 'dispatcherServlet'
2025-09-12T20:05:39.730+05:30  INFO 41394 --- [SpringBootWebDemo] [http-nio-8081-exec-1] o.s.web.servlet.DispatcherServlet        : Completed initialization in 11 ms
2025-09-12T20:05:39.911+05:30  INFO 41394 --- [SpringBootWebDemo] [http-nio-8081-exec-4] o.springdoc.api.AbstractOpenApiResource  : Init duration for springdoc-openapi is: 56 ms
2025-09-12T20:05:47.654+05:30  WARN 41394 --- [SpringBootWebDemo] [http-nio-8081-exec-5] .m.m.a.ExceptionHandlerExceptionResolver : Resolved [org.springframework.http.converter.HttpMessageNotReadableException: JSON parse error: Unexpected end-of-input in field name]
